Patient_ID,Age,Gender,State,City,Date,Vaccination_Status,Symptoms,Test_Result,Hospitalized,Recovery_Days,Severity,Oxygen_Level,Comorbidities,Treatment_Cost,Outcome
COVID02864,39,Male,Andhra Pradesh,Visakhapatnam,2020-03-01,Booster,None,Positive,Yes,27,Moderate,97,Asthma,7459.71,Recovered
COVID04403,22,Female,Gujarat,Ahmedabad,2020-03-01,Booster,Sore Throat,Positive,No,28,Mild,95,Hypertension,2184.21,Recovered
COVID03724,82,Male,West Bengal,Durgapur,2020-03-01,Fully Vaccinated,None,Negative,No,0,None,97,None,296.08,Not Infected
COVID04596,40,Male,West Bengal,Kolkata,2020-03-01,Booster,Loss of Taste/Smell,Positive,Yes,24,Moderate,94,None,7992.18,Recovered
COVID01351,76,Male,Telangana,Hyderabad,2020-03-02,Partially Vaccinated,Loss of Taste/Smell,Positive,No,23,Mild,94,Multiple,2118.27,Recovered
COVID01853,69,Female,Karnataka,Mangaluru,2020-03-02,Fully Vaccinated,Cough,Positive,Yes,8,Moderate,94,None,5163.44,Recovered
COVID02289,51,Female,Maharashtra,Pune,2020-03-02,Partially Vaccinated,Cough,Positive,Yes,32,Severe,95,None,6321.96,Recovered
COVID02594,16,Female,West Bengal,Durgapur,2020-03-03,Fully Vaccinated,None,Positive,Yes,40,Critical,98,None,3704.76,Recovered
COVID00312,77,Male,Karnataka,Hubballi,2020-03-03,Fully Vaccinated,Fever,Negative,No,0,None,97,None,479.75,Not Infected
COVID00241,80,Male,Maharashtra,Mumbai,2020-03-04,Partially Vaccinated,Fatigue,Negative,No,0,None,95,Diabetes,79.21,Not Infected
COVID00714,43,Female,Gujarat,Ahmedabad,2020-03-04,Partially Vaccinated,Sore Throat,Positive,No,13,Mild,94,None,1004.9,Recovered
COVID04656,26,Male,Tamil Nadu,Coimbatore,2020-03-04,Fully Vaccinated,Sore Throat,Positive,No,15,Mild,93,None,663.73,Recovered
COVID02012,84,Male,Rajasthan,Udaipur,2020-03-04,Partially Vaccinated,Fatigue,Positive,No,30,Moderate,97,Diabetes,1904.88,Recovered
COVID00316,64,Male,Rajasthan,Udaipur,2020-03-04,Fully Vaccinated,Loss of Taste/Smell,Negative,No,0,None,98,Diabetes,156.36,Not Infected
COVID02510,58,Female,Kerala,Kozhikode,2020-03-04,Fully Vaccinated,Cough,Negative,No,0,None,100,Asthma,382.3,Not Infected
COVID04741,36,Male,Tamil Nadu,Coimbatore,2020-03-04,Fully Vaccinated,None,Negative,No,0,None,100,Heart Disease,458.51,Not Infected
COVID00306,50,Male,Tamil Nadu,Madurai,2020-03-05,Partially Vaccinated,Loss of Taste/Smell,Positive,Yes,30,Moderate,95,None,1774.96,Recovered
COVID00327,28,Male,Tamil Nadu,Coimbatore,2020-03-05,Fully Vaccinated,Breathing Difficulty,Positive,Yes,6,Moderate,96,None,5371.95,Recovered
COVID01926,26,Male,Rajasthan,Jodhpur,2020-03-05,Fully Vaccinated,Breathing Difficulty,Positive,No,20,Mild,98,Hypertension,1137.53,Recovered
COVID00791,29,Male,Rajasthan,Jaipur,2020-03-05,Fully Vaccinated,Breathing Difficulty,Negative,No,0,None,97,None,257.63,Not Infected
COVID03920,41,Female,West Bengal,Kolkata,2020-03-06,Fully Vaccinated,Sore Throat,Positive,Yes,44,Severe,93,None,3738.82,Deceased
COVID01228,48,Female,Rajasthan,Jodhpur,2020-03-06,Booster,Fever,Positive,No,8,Moderate,93,Multiple,479.25,Recovered
COVID02401,79,Female,Rajasthan,Udaipur,2020-03-06,Not Vaccinated,Breathing Difficulty,Positive,No,21,Mild,99,Diabetes,2108.73,Recovered
COVID04990,9,Male,Rajasthan,Udaipur,2020-03-06,Fully Vaccinated,Cough,Negative,No,0,None,98,None,307.33,Not Infected
COVID01424,75,Male,West Bengal,Kolkata,2020-03-06,Not Vaccinated,Fatigue,Positive,Yes,24,Moderate,96,None,2162.97,Recovered
COVID01376,11,Male,Rajasthan,Udaipur,2020-03-07,Partially Vaccinated,Fatigue,Positive,Yes,29,Moderate,100,Multiple,3085.45,Recovered
COVID01928,85,Female,Delhi,Rohini,2020-03-07,Partially Vaccinated,Cough,Positive,Yes,13,Severe,89,Diabetes,3318.18,Recovered
COVID04604,36,Male,Tamil Nadu,Salem,2020-03-07,Fully Vaccinated,Loss of Taste/Smell,Negative,No,0,None,99,None,454.18,Not Infected
COVID02339,36,Male,Tamil Nadu,Coimbatore,2020-03-07,Fully Vaccinated,Sore Throat,Positive,No,26,Mild,99,None,2136.31,Recovered
COVID00082,67,Female,West Bengal,Howrah,2020-03-07,Not Vaccinated,Breathing Difficulty,Positive,No,30,Mild,97,Diabetes,1021.33,Deceased
COVID02880,31,Female,Gujarat,Ahmedabad,2020-03-08,Fully Vaccinated,Breathing Difficulty,Positive,Yes,22,Moderate,93,None,7904.42,Recovered
COVID02669,26,Male,Gujarat,Surat,2020-03-08,Fully Vaccinated,Fatigue,Positive,No,27,Mild,98,Diabetes,572.76,Recovered
COVID03785,42,Male,Telangana,Warangal,2020-03-08,Not Vaccinated,Sore Throat,Positive,Yes,22,Moderate,93,None,5484.97,Recovered
COVID01388,83,Female,Gujarat,Vadodara,2020-03-08,Partially Vaccinated,Cough,Positive,Yes,24,Severe,96,None,2497.07,Deceased
COVID04638,83,Female,Karnataka,Mangaluru,2020-03-09,Booster,Fever,Negative,No,0,None,96,Hypertension,265.86,Not Infected
COVID02956,60,Female,Tamil Nadu,Coimbatore,2020-03-09,Partially Vaccinated,Sore Throat,Negative,No,0,None,95,None,259.09,Not Infected
COVID00514,23,Male,Kerala,Thiruvananthapuram,2020-03-09,Partially Vaccinated,Fatigue,Negative,No,0,None,95,None,256.18,Not Infected
COVID03464,21,Female,Gujarat,Ahmedabad,2020-03-09,Fully Vaccinated,Sore Throat,Negative,No,0,None,95,Diabetes,14.59,Not Infected
COVID01415,64,Male,Karnataka,Mangaluru,2020-03-10,Booster,None,Positive,No,28,Moderate,96,Multiple,1311.58,Recovered
COVID04678,31,Female,Kerala,Thiruvananthapuram,2020-03-10,Booster,Fatigue,Positive,No,30,Mild,95,Diabetes,1745.98,Recovered
COVID01017,33,Male,Andhra Pradesh,Visakhapatnam,2020-03-10,Booster,Cough,Positive,No,28,Mild,95,None,1973.85,Recovered
COVID01224,21,Female,Maharashtra,Pune,2020-03-10,Partially Vaccinated,Fever,Positive,Yes,11,Severe,96,Heart Disease,1532.45,Recovered
COVID04130,31,Male,Telangana,Hyderabad,2020-03-10,Not Vaccinated,Fever,Positive,No,24,Mild,98,Asthma,305.99,Recovered
COVID03697,81,Female,Karnataka,Mangaluru,2020-03-10,Booster,Fatigue,Negative,No,0,None,99,Diabetes,226.44,Not Infected
COVID03452,56,Male,Maharashtra,Nagpur,2020-03-10,Partially Vaccinated,Sore Throat,Negative,No,0,None,100,Multiple,481.51,Not Infected
COVID02106,41,Male,Andhra Pradesh,Visakhapatnam,2020-03-10,Partially Vaccinated,Breathing Difficulty,Positive,No,5,Mild,93,None,759.31,Recovered
COVID04618,56,Male,Telangana,Hyderabad,2020-03-10,Fully Vaccinated,None,Positive,No,17,Mild,98,None,1943.3,Recovered
COVID03535,79,Female,Andhra Pradesh,Guntur,2020-03-11,Fully Vaccinated,Fever,Positive,Yes,25,Moderate,95,Asthma,6697.46,Recovered
COVID01422,72,Male,Gujarat,Vadodara,2020-03-11,Partially Vaccinated,None,Positive,Yes,6,Moderate,95,None,5764.51,Recovered
COVID02702,49,Male,Telangana,Nizamabad,2020-03-11,Fully Vaccinated,None,Positive,Yes,7,Moderate,93,None,1921.15,Recovered
COVID01672,45,Male,Karnataka,Hubballi,2020-03-11,Not Vaccinated,Sore Throat,Positive,Yes,32,Critical,95,Asthma,7898.77,Recovered
COVID04277,72,Female,Gujarat,Surat,2020-03-11,Not Vaccinated,Fever,Negative,No,0,None,98,Hypertension,383.91,Not Infected
COVID01902,80,Male,Karnataka,Mysuru,2020-03-11,Not Vaccinated,Fever,Negative,No,0,None,100,None,164.55,Not Infected
COVID01748,56,Male,Kerala,Thiruvananthapuram,2020-03-12,Fully Vaccinated,Cough,Negative,No,0,None,100,None,285.9,Not Infected
COVID03957,78,Male,West Bengal,Durgapur,2020-03-12,Fully Vaccinated,None,Positive,No,41,Severe,91,Hypertension,562.58,Recovered
COVID00261,30,Female,Karnataka,Hubballi,2020-03-12,Fully Vaccinated,Breathing Difficulty,Positive,No,7,Mild,100,None,2160.88,Recovered
COVID02958,85,Female,Karnataka,Mysuru,2020-03-13,Fully Vaccinated,Cough,Positive,No,12,Mild,96,Multiple,1697.82,Recovered
COVID03023,57,Male,Kerala,Thiruvananthapuram,2020-03-13,Fully Vaccinated,Sore Throat,Positive,No,12,Mild,96,Diabetes,2140.42,Recovered
COVID03781,10,Female,Gujarat,Ahmedabad,2020-03-13,Not Vaccinated,Fatigue,Positive,No,16,Mild,99,Asthma,2081.65,Recovered
COVID03741,37,Female,Delhi,Rohini,2020-03-14,Not Vaccinated,Breathing Difficulty,Positive,No,26,Mild,98,None,1968.9,Recovered
COVID03943,85,Female,Gujarat,Vadodara,2020-03-14,Partially Vaccinated,Cough,Positive,Yes,30,Moderate,93,Asthma,4597.45,Recovered
COVID01283,34,Male,Maharashtra,Mumbai,2020-03-14,Fully Vaccinated,Fever,Positive,No,20,Mild,96,None,2416.94,Recovered
COVID00980,70,Male,Telangana,Nizamabad,2020-03-14,Partially Vaccinated,None,Positive,Yes,21,Moderate,93,Diabetes,3739.8,Recovered
COVID04653,61,Male,Kerala,Thiruvananthapuram,2020-03-15,Partially Vaccinated,Sore Throat,Positive,No,16,Mild,95,None,2408.83,Recovered
COVID03825,85,Female,Tamil Nadu,Madurai,2020-03-15,Not Vaccinated,Loss of Taste/Smell,Positive,No,15,Moderate,95,Heart Disease,1576.32,Recovered
COVID01584,25,Female,Telangana,Hyderabad,2020-03-15,Partially Vaccinated,Fatigue,Positive,No,10,Mild,96,Diabetes,1738.29,Recovered
COVID00776,5,Male,Maharashtra,Pune,2020-03-15,Fully Vaccinated,None,Positive,No,18,Mild,95,Multiple,2297.67,Recovered
COVID03129,20,Male,Karnataka,Mysuru,2020-03-16,Not Vaccinated,Fatigue,Positive,No,17,Mild,98,None,1581.35,Recovered
COVID03726,21,Female,Telangana,Hyderabad,2020-03-16,Fully Vaccinated,Fever,Negative,No,0,None,96,None,364.94,Not Infected
COVID01644,78,Female,Karnataka,Mysuru,2020-03-16,Booster,None,Positive,No,42,Critical,94,None,938.37,Recovered
COVID02039,35,Female,Andhra Pradesh,Visakhapatnam,2020-03-16,Not Vaccinated,Sore Throat,Positive,No,29,Mild,100,Multiple,512.51,Recovered
COVID02438,12,Female,Tamil Nadu,Coimbatore,2020-03-16,Not Vaccinated,Cough,Positive,No,9,Mild,97,Hypertension,1156.59,Recovered
COVID00031,69,Male,West Bengal,Howrah,2020-03-16,Partially Vaccinated,Sore Throat,Positive,Yes,20,Moderate,94,Hypertension,5984.23,Recovered
COVID02378,41,Female,Gujarat,Vadodara,2020-03-17,Partially Vaccinated,Fatigue,Negative,No,0,None,100,Hypertension,302.37,Not Infected
COVID00943,5,Male,Gujarat,Vadodara,2020-03-17,Fully Vaccinated,Sore Throat,Positive,No,16,Mild,95,None,1889.95,Recovered
COVID03826,18,Female,Karnataka,Mysuru,2020-03-17,Fully Vaccinated,Fatigue,Positive,Yes,13,Moderate,98,None,3034.4,Recovered
COVID04506,34,Male,Delhi,Dwarka,2020-03-17,Fully Vaccinated,Cough,Positive,No,12,Mild,94,Hypertension,1382.16,Recovered
COVID02333,74,Female,Karnataka,Hubballi,2020-03-17,Booster,Loss of Taste/Smell,Positive,No,22,Mild,96,Heart Disease,1358.76,Deceased
COVID02554,24,Female,Gujarat,Ahmedabad,2020-03-17,Fully Vaccinated,Cough,Positive,No,9,Mild,95,None,1402.58,Recovered
COVID04684,27,Male,West Bengal,Kolkata,2020-03-17,Fully Vaccinated,Fever,Positive,Yes,9,Moderate,96,Diabetes,4222.01,Recovered
COVID00349,15,Male,Karnataka,Mangaluru,2020-03-17,Not Vaccinated,Breathing Difficulty,Positive,Yes,20,Moderate,93,None,3867.64,Recovered
COVID00260,74,Female,Karnataka,Mangaluru,2020-03-17,Booster,Sore Throat,Positive,Yes,15,Moderate,99,None,3336.85,Recovered
COVID01548,22,Male,West Bengal,Howrah,2020-03-17,Not Vaccinated,Sore Throat,Positive,No,6,Mild,93,None,1524.62,Recovered
COVID01211,23,Female,Gujarat,Ahmedabad,2020-03-17,Not Vaccinated,Sore Throat,Positive,No,16,Mild,97,None,631.39,Recovered
COVID04474,67,Male,Rajasthan,Jaipur,2020-03-18,Partially Vaccinated,Cough,Positive,Yes,44,Critical,93,Asthma,2721.47,Deceased
COVID00917,37,Male,Maharashtra,Nagpur,2020-03-18,Booster,Fever,Positive,No,13,Mild,97,None,2397.58,Recovered
COVID04823,7,Male,Delhi,Dwarka,2020-03-18,Booster,Fatigue,Positive,No,23,Mild,96,None,381.39,Recovered
COVID01650,13,Female,Rajasthan,Jaipur,2020-03-18,Fully Vaccinated,None,Positive,Yes,50,Critical,90,None,6474.65,Recovered
COVID03261,62,Female,Andhra Pradesh,Guntur,2020-03-18,Fully Vaccinated,Sore Throat,Negative,No,0,None,97,None,322.03,Not Infected
COVID03311,66,Female,Kerala,Thrissur,2020-03-19,Partially Vaccinated,Sore Throat,Positive,Yes,11,Moderate,95,None,5975.88,Recovered
COVID02568,27,Female,Maharashtra,Nashik,2020-03-19,Not Vaccinated,Fatigue,Negative,No,0,None,96,None,147.24,Not Infected
COVID02708,14,Male,Kerala,Kozhikode,2020-03-19,Fully Vaccinated,Sore Throat,Positive,No,9,Mild,94,None,1102.49,Recovered
COVID01199,85,Female,Tamil Nadu,Coimbatore,2020-03-19,Not Vaccinated,Fatigue,Positive,No,21,Mild,95,None,2441.16,Recovered
COVID01985,16,Female,Telangana,Nizamabad,2020-03-19,Partially Vaccinated,Fatigue,Positive,Yes,42,Severe,90,Hypertension,3429.28,Recovered
COVID02719,56,Male,West Bengal,Howrah,2020-03-19,Fully Vaccinated,Breathing Difficulty,Negative,No,0,None,95,Hypertension,324.18,Not Infected
COVID03308,85,Female,West Bengal,Howrah,2020-03-20,Fully Vaccinated,Loss of Taste/Smell,Positive,No,15,Moderate,97,Hypertension,1213.2,Recovered
COVID02746,79,Male,Tamil Nadu,Salem,2020-03-21,Not Vaccinated,Sore Throat,Positive,Yes,24,Moderate,100,None,2796.81,Recovered
COVID00956,64,Female,Tamil Nadu,Salem,2020-03-21,Fully Vaccinated,Loss of Taste/Smell,Positive,No,7,Mild,96,Asthma,694.79,Recovered
COVID04591,17,Female,Rajasthan,Udaipur,2020-03-21,Not Vaccinated,None,Positive,No,17,Mild,100,Hypertension,1135.25,Recovered
COVID03805,72,Female,Maharashtra,Nagpur,2020-03-21,Fully Vaccinated,Loss of Taste/Smell,Negative,No,0,None,97,None,347.34,Not Infected
COVID01198,55,Male,Karnataka,Mangaluru,2020-03-22,Partially Vaccinated,Cough,Positive,No,17,Mild,94,Diabetes,1904.75,Recovered
COVID04889,45,Male,Andhra Pradesh,Vijayawada,2020-03-22,Not Vaccinated,Fever,Positive,No,26,Mild,99,Multiple,1261.03,Recovered
COVID02920,17,Female,West Bengal,Kolkata,2020-03-22,Partially Vaccinated,Fatigue,Positive,No,19,Mild,98,None,581.8,Recovered
COVID01915,7,Male,Kerala,Thrissur,2020-03-22,Fully Vaccinated,Fatigue,Positive,Yes,27,Moderate,94,Multiple,1822.06,Recovered
COVID02088,64,Female,Delhi,New Delhi,2020-03-22,Not Vaccinated,None,Negative,No,0,None,95,None,255.26,Not Infected
COVID04285,73,Female,Gujarat,Surat,2020-03-22,Booster,Sore Throat,Negative,No,0,None,99,None,263.07,Not Infected
COVID00745,61,Other,Maharashtra,Mumbai,2020-03-23,Not Vaccinated,Fever,Positive,No,25,Mild,94,None,469.07,Recovered
COVID00843,58,Female,Delhi,Dwarka,2020-03-23,Not Vaccinated,Sore Throat,Positive,No,26,Moderate,93,Asthma,622.96,Recovered
COVID04686,77,Female,Maharashtra,Pune,2020-03-23,Fully Vaccinated,Loss of Taste/Smell,Positive,No,25,Mild,95,None,688.87,Recovered
COVID02013,45,Male,Delhi,New Delhi,2020-03-23,Partially Vaccinated,None,Negative,No,0,None,99,Diabetes,474.04,Not Infected
COVID03758,24,Female,Tamil Nadu,Coimbatore,2020-03-23,Fully Vaccinated,Fatigue,Negative,No,0,None,97,None,499.86,Not Infected
COVID02169,26,Male,West Bengal,Durgapur,2020-03-23,Fully Vaccinated,None,Positive,No,28,Severe,99,Hypertension,2492.5,Recovered
COVID00520,54,Female,West Bengal,Durgapur,2020-03-24,Not Vaccinated,Breathing Difficulty,Negative,No,0,None,98,Hypertension,23.59,Not Infected
COVID01498,23,Female,West Bengal,Howrah,2020-03-24,Fully Vaccinated,Fever,Negative,No,0,None,99,Hypertension,197.14,Not Infected
COVID01003,75,Other,Kerala,Thiruvananthapuram,2020-03-24,Booster,None,Positive,No,19,Mild,99,None,1032.74,Recovered
COVID00004,61,Male,Telangana,Hyderabad,2020-03-24,Fully Vaccinated,None,Positive,Yes,12,Severe,99,None,6559.59,Recovered
COVID01912,37,Female,Andhra Pradesh,Vijayawada,2020-03-24,Fully Vaccinated,Fever,Negative,No,0,None,96,Diabetes,249.2,Not Infected
COVID03522,66,Female,Gujarat,Ahmedabad,2020-03-25,Fully Vaccinated,Cough,Positive,No,24,Mild,100,None,1509.52,Recovered
COVID01826,81,Female,Karnataka,Mysuru,2020-03-25,Booster,Sore Throat,Positive,Yes,27,Moderate,94,None,3673.55,Recovered
COVID01649,49,Male,Andhra Pradesh,Visakhapatnam,2020-03-25,Partially Vaccinated,Fever,Positive,Yes,9,Moderate,95,None,5631.34,Recovered
COVID00792,73,Male,Andhra Pradesh,Vijayawada,2020-03-25,Fully Vaccinated,Cough,Positive,Yes,16,Severe,98,Hypertension,2470.75,Deceased
COVID04121,12,Female,Tamil Nadu,Coimbatore,2020-03-25,Fully Vaccinated,Loss of Taste/Smell,Negative,No,0,None,97,None,303.15,Not Infected
COVID01845,29,Female,West Bengal,Kolkata,2020-03-25,Fully Vaccinated,Fatigue,Negative,No,0,None,100,Heart Disease,37.9,Not Infected
COVID00359,82,Male,Andhra Pradesh,Guntur,2020-03-25,Partially Vaccinated,Fever,Positive,Yes,19,Moderate,93,None,2234.78,Deceased
COVID00562,47,Female,Andhra Pradesh,Visakhapatnam,2020-03-26,Fully Vaccinated,None,Positive,No,28,Mild,99,None,936.66,Recovered
COVID03704,13,Male,Delhi,New Delhi,2020-03-26,Fully Vaccinated,None,Negative,No,0,None,100,Diabetes,43.35,Not Infected
COVID02395,81,Female,Karnataka,Hubballi,2020-03-26,Fully Vaccinated,Fever,Positive,Yes,7,Moderate,95,None,2008.19,Deceased
COVID03812,52,Female,Gujarat,Vadodara,2020-03-26,Fully Vaccinated,None,Positive,Yes,15,Moderate,93,Hypertension,6739.13,Recovered
COVID04020,17,Female,Tamil Nadu,Madurai,2020-03-26,Booster,None,Positive,No,24,Mild,100,None,2142.43,Recovered
COVID03258,46,Female,Maharashtra,Nashik,2020-03-27,Fully Vaccinated,Loss of Taste/Smell,Negative,No,0,None,98,Diabetes,214.3,Not Infected
COVID00976,45,Female,Gujarat,Vadodara,2020-03-27,Partially Vaccinated,Sore Throat,Positive,No,14,Mild,99,None,345.09,Recovered
COVID03055,8,Female,Gujarat,Vadodara,2020-03-27,Fully Vaccinated,Cough,Positive,No,23,Moderate,94,None,2463.33,Recovered
COVID00669,83,Male,Rajasthan,Jaipur,2020-03-27,Fully Vaccinated,Breathing Difficulty,Positive,No,29,Moderate,95,Heart Disease,1522.63,Recovered
COVID04242,53,Female,Delhi,New Delhi,2020-03-27,Fully Vaccinated,Breathing Difficulty,Negative,No,0,None,98,Diabetes,165.97,Not Infected
COVID04339,48,Female,Rajasthan,Udaipur,2020-03-27,Fully Vaccinated,Cough,Positive,Yes,24,Severe,90,Multiple,5839.55,Recovered
COVID00797,22,Female,Telangana,Nizamabad,2020-03-27,Fully Vaccinated,Fatigue,Positive,No,12,Mild,99,None,1724.38,Recovered
COVID01335,25,Male,Andhra Pradesh,Vijayawada,2020-03-27,Fully Vaccinated,Fever,Positive,No,23,Mild,99,Asthma,1850.29,Recovered
COVID04744,65,Male,Karnataka,Bengaluru,2020-03-27,Partially Vaccinated,None,Positive,Yes,6,Moderate,98,None,6373.44,Recovered
COVID03674,85,Other,West Bengal,Howrah,2020-03-27,Not Vaccinated,Sore Throat,Positive,Yes,18,Moderate,98,Asthma,1832.79,Recovered
COVID00028,71,Female,Maharashtra,Pune,2020-03-28,Partially Vaccinated,Fever,Negative,No,0,None,96,Heart Disease,477.83,Not Infected
COVID00551,61,Male,Andhra Pradesh,Vijayawada,2020-03-28,Fully Vaccinated,Cough,Negative,No,0,None,96,None,246.33,Not Infected
COVID00549,62,Male,Telangana,Nizamabad,2020-03-28,Booster,Fever,Positive,No,5,Mild,95,Asthma,1475.65,Deceased
COVID03667,81,Male,Gujarat,Vadodara,2020-03-28,Fully Vaccinated,Loss of Taste/Smell,Negative,No,0,None,98,None,484.05,Not Infected
COVID00191,62,Male,Kerala,Kochi,2020-03-29,Partially Vaccinated,Fever,Positive,Yes,24,Moderate,100,None,5524.34,Recovered
COVID02791,66,Female,Tamil Nadu,Madurai,2020-03-29,Partially Vaccinated,Sore Throat,Positive,Yes,8,Moderate,95,Hypertension,4552.7,Recovered
COVID00011,50,Male,Kerala,Thrissur,2020-03-29,Fully Vaccinated,Breathing Difficulty,Positive,No,16,Mild,99,None,1634.61,Recovered
COVID00571,72,Female,Karnataka,Hubballi,2020-03-29,Fully Vaccinated,Fatigue,Positive,Yes,20,Severe,90,None,4157.5,Recovered
COVID01115,40,Female,Delhi,Dwarka,2020-03-30,Partially Vaccinated,Cough,Positive,No,7,Mild,100,Hypertension,2092.07,Recovered
COVID00997,52,Male,Rajasthan,Jaipur,2020-03-30,Booster,Sore Throat,Positive,Yes,11,Moderate,100,Asthma,6468.94,Recovered
COVID03083,75,Male,Telangana,Hyderabad,2020-03-30,Partially Vaccinated,Sore Throat,Negative,No,0,None,99,None,393.58,Not Infected
COVID04899,18,Male,West Bengal,Durgapur,2020-03-30,Not Vaccinated,None,Positive,Yes,18,Moderate,98,Multiple,4177.43,Recovered
COVID01345,19,Female,Delhi,Dwarka,2020-03-30,Partially Vaccinated,Fatigue,Positive,No,18,Mild,96,Asthma,952.97,Recovered
COVID01086,48,Female,Maharashtra,Mumbai,2020-03-30,Fully Vaccinated,Cough,Positive,No,17,Moderate,95,None,1736.32,Recovered
COVID03152,26,Female,Tamil Nadu,Coimbatore,2020-03-31,Fully Vaccinated,Cough,Positive,No,19,Mild,99,Diabetes,1262.57,Recovered
COVID00505,76,Male,West Bengal,Kolkata,2020-03-31,Fully Vaccinated,Fever,Negative,No,0,None,97,Hypertension,290.7,Not Infected
COVID02286,57,Male,Kerala,Thiruvananthapuram,2020-03-31,Fully Vaccinated,Breathing Difficulty,Negative,No,0,None,100,Hypertension,313.06,Not Infected
COVID04581,85,Male,Karnataka,Bengaluru,2020-03-31,Not Vaccinated,Cough,Positive,No,8,Mild,98,Heart Disease,356.61,Recovered
COVID01042,5,Female,Maharashtra,Pune,2020-03-31,Not Vaccinated,None,Negative,No,0,None,95,None,74.58,Not Infected
COVID00100,9,Female,Gujarat,Vadodara,2020-03-31,Booster,Fever,Positive,No,5,Mild,94,None,1250.47,Recovered
COVID00941,54,Female,Karnataka,Mangaluru,2020-03-31,Fully Vaccinated,Sore Throat,Positive,Yes,29,Severe,93,None,7974.81,Recovered
COVID00148,77,Female,West Bengal,Howrah,2020-04-01,Fully Vaccinated,Fatigue,Positive,No,6,Moderate,95,Multiple,946.57,Recovered
COVID03562,36,Male,Telangana,Nizamabad,2020-04-01,Fully Vaccinated,Breathing Difficulty,Positive,Yes,21,Severe,91,None,2146.97,Recovered
COVID00108,18,Female,Gujarat,Surat,2020-04-01,Fully Vaccinated,Cough,Positive,Yes,27,Severe,88,None,3979.94,Recovered
COVID02977,51,Female,Andhra Pradesh,Visakhapatnam,2020-04-01,Not Vaccinated,None,Positive,No,17,Mild,95,None,1835.72,Recovered
COVID02882,63,Female,Delhi,Rohini,2020-04-02,Fully Vaccinated,None,Positive,No,21,Mild,95,None,2294.33,Deceased
COVID03679,55,Other,Rajasthan,Jaipur,2020-04-02,Partially Vaccinated,Fatigue,Negative,No,0,None,99,Hypertension,268.17,Not Infected
COVID02027,21,Male,Tamil Nadu,Chennai,2020-04-02,Not Vaccinated,None,Negative,No,0,None,97,None,254.24,Not Infected
COVID04480,67,Male,Karnataka,Hubballi,2020-04-02,Partially Vaccinated,Sore Throat,Negative,No,0,None,95,Diabetes,75.39,Not Infected
COVID00385,34,Male,Delhi,New Delhi,2020-04-02,Fully Vaccinated,Fatigue,Positive,No,9,Mild,100,Diabetes,2091.56,Recovered
COVID00169,62,Male,Delhi,Dwarka,2020-04-02,Fully Vaccinated,Fatigue,Positive,No,30,Moderate,94,Hypertension,494.47,Recovered
COVID04921,45,Male,Andhra Pradesh,Visakhapatnam,2020-04-02,Fully Vaccinated,Breathing Difficulty,Positive,No,30,Mild,97,None,972.3,Recovered
COVID00737,75,Female,Andhra Pradesh,Guntur,2020-04-03,Fully Vaccinated,Breathing Difficulty,Positive,Yes,8,Moderate,99,None,4846.29,Recovered
COVID03684,67,Female,Telangana,Hyderabad,2020-04-03,Fully Vaccinated,Cough,Positive,No,10,Mild,95,Asthma,431.03,Recovered
COVID04059,77,Female,West Bengal,Durgapur,2020-04-03,Fully Vaccinated,Loss of Taste/Smell,Positive,No,23,Mild,94,None,451.83,Recovered
COVID00834,50,Male,Andhra Pradesh,Guntur,2020-04-03,Fully Vaccinated,Sore Throat,Positive,Yes,12,Moderate,99,Hypertension,2273.87,Recovered
COVID02887,21,Female,Andhra Pradesh,Guntur,2020-04-03,Not Vaccinated,Cough,Negative,No,0,None,96,None,32.61,Not Infected
COVID02492,42,Male,Tamil Nadu,Salem,2020-04-03,Not Vaccinated,Sore Throat,Negative,No,0,None,98,Multiple,347.93,Not Infected
COVID04717,40,Male,West Bengal,Durgapur,2020-04-04,Partially Vaccinated,Fever,Positive,No,9,Mild,100,None,1562.89,Recovered
COVID02329,36,Male,West Bengal,Howrah,2020-04-04,Fully Vaccinated,Loss of Taste/Smell,Positive,Yes,21,Severe,93,None,3028.33,Recovered
COVID02028,67,Male,Karnataka,Mangaluru,2020-04-04,Fully Vaccinated,Loss of Taste/Smell,Negative,No,0,None,100,Hypertension,100.65,Not Infected
COVID00396,10,Female,Tamil Nadu,Salem,2020-04-04,Not Vaccinated,Fatigue,Negative,No,0,None,95,None,451.08,Not Infected
COVID03250,51,Female,Delhi,New Delhi,2020-04-04,Not Vaccinated,Fever,Negative,No,0,None,97,Hypertension,142.45,Not Infected
COVID02678,84,Male,Karnataka,Mysuru,2020-04-05,Not Vaccinated,Fatigue,Positive,No,20,Severe,91,Multiple,421.32,Recovered
COVID00783,84,Male,Karnataka,Hubballi,2020-04-05,Booster,Fatigue,Positive,No,25,Mild,97,None,2497.25,Recovered
COVID01784,10,Male,Telangana,Warangal,2020-04-05,Not Vaccinated,Sore Throat,Negative,No,0,None,95,None,82.98,Not Infected
COVID01763,83,Female,Kerala,Kochi,2020-04-05,Fully Vaccinated,Fever,Positive,Yes,8,Moderate,96,None,5900.13,Deceased
COVID00412,40,Female,West Bengal,Kolkata,2020-04-05,Fully Vaccinated,Sore Throat,Positive,No,24,Mild,99,None,600.24,Recovered
COVID00677,30,Female,Kerala,Kochi,2020-04-05,Partially Vaccinated,Fatigue,Negative,No,0,None,96,None,465.76,Not Infected
COVID04586,39,Male,Gujarat,Ahmedabad,2020-04-05,Fully Vaccinated,Cough,Positive,No,26,Mild,95,None,1012.48,Recovered
COVID03951,56,Female,Delhi,Dwarka,2020-04-05,Not Vaccinated,Fatigue,Positive,No,19,Mild,99,None,2172.43,Recovered
COVID04719,7,Male,Maharashtra,Nagpur,2020-04-06,Fully Vaccinated,Fever,Positive,Yes,28,Moderate,95,Multiple,5432.61,Recovered
COVID02531,5,Female,Delhi,New Delhi,2020-04-06,Not Vaccinated,Cough,Negative,No,0,None,96,None,108.58,Not Infected
COVID02886,84,Female,Delhi,New Delhi,2020-04-06,Not Vaccinated,Loss of Taste/Smell,Positive,No,27,Mild,95,None,664.12,Deceased
COVID04302,82,Female,Andhra Pradesh,Vijayawada,2020-04-06,Fully Vaccinated,Cough,Negative,No,0,None,95,Heart Disease,266.76,Not Infected
COVID03048,71,Male,Gujarat,Ahmedabad,2020-04-06,Booster,Fatigue,Negative,No,0,None,99,None,217.34,Not Infected
COVID03870,31,Female,Maharashtra,Nagpur,2020-04-07,Fully Vaccinated,Breathing Difficulty,Positive,Yes,27,Severe,88,Heart Disease,7229.58,Recovered
COVID00138,70,Male,Telangana,Warangal,2020-04-07,Fully Vaccinated,Cough,Positive,No,20,Mild,95,None,2152.16,Recovered
COVID01373,60,Female,West Bengal,Kolkata,2020-04-07,Fully Vaccinated,Breathing Difficulty,Positive,No,34,Severe,95,None,2058.27,Deceased
COVID00036,75,Male,Telangana,Nizamabad,2020-04-07,Fully Vaccinated,Fever,Positive,Yes,11,Severe,95,None,5748.42,Recovered
COVID02976,83,Male,Maharashtra,Nagpur,2020-04-07,Fully Vaccinated,Fever,Positive,No,15,Mild,100,None,389.72,Recovered
COVID01671,54,Female,Andhra Pradesh,Visakhapatnam,2020-04-08,Booster,Loss of Taste/Smell,Positive,No,22,Mild,97,None,1025.85,Recovered
COVID02610,38,Male,Karnataka,Mangaluru,2020-04-08,Fully Vaccinated,Cough,Negative,No,0,None,98,None,202.77,Not Infected
COVID03503,80,Female,Karnataka,Mangaluru,2020-04-09,Booster,Loss of Taste/Smell,Positive,Yes,11,Moderate,98,None,5110.68,Recovered
COVID02408,83,Female,Telangana,Warangal,2020-04-09,Fully Vaccinated,Fever,Positive,Yes,16,Moderate,96,Asthma,2061.17,Recovered
COVID00824,37,Female,Andhra Pradesh,Vijayawada,2020-04-10,Not Vaccinated,Fever,Positive,No,5,Mild,96,Hypertension,1517.67,Recovered
COVID03420,24,Male,Rajasthan,Jaipur,2020-04-10,Fully Vaccinated,Sore Throat,Positive,Yes,28,Moderate,93,Asthma,1938.75,Recovered
COVID02607,58,Male,Karnataka,Mangaluru,2020-04-10,Fully Vaccinated,Fever,Negative,No,0,None,98,None,148.48,Not Infected
COVID02793,73,Male,Gujarat,Surat,2020-04-10,Partially Vaccinated,Sore Throat,Negative,No,0,None,97,Heart Disease,358.46,Not Infected
COVID03060,7,Female,Andhra Pradesh,Visakhapatnam,2020-04-11,Fully Vaccinated,Loss of Taste/Smell,Negative,No,0,None,95,None,231.5,Not Infected
COVID04915,6,Female,Gujarat,Ahmedabad,2020-04-11,Fully Vaccinated,Fatigue,Positive,No,28,Mild,95,None,1873.94,Recovered
COVID02939,66,Female,Gujarat,Vadodara,2020-04-11,Fully Vaccinated,Breathing Difficulty,Positive,No,8,Mild,99,None,1549.39,Recovered
COVID00624,20,Female,West Bengal,Kolkata,2020-04-11,Partially Vaccinated,Fatigue,Positive,Yes,49,Critical,99,Multiple,7908.62,Recovered
COVID01953,8,Female,West Bengal,Kolkata,2020-04-11,Booster,None,Positive,No,16,Mild,94,Hypertension,1129.96,Recovered
COVID04239,81,Female,Karnataka,Mysuru,2020-04-11,Fully Vaccinated,Fatigue,Positive,Yes,5,Moderate,100,None,2647.37,Recovered
COVID04982,61,Male,Gujarat,Vadodara,2020-04-12,Fully Vaccinated,Fatigue,Positive,No,28,Mild,95,None,1384.94,Recovered
COVID03262,83,Female,Tamil Nadu,Madurai,2020-04-12,Fully Vaccinated,Cough,Positive,No,29,Mild,97,None,2449.27,Recovered
COVID00728,60,Other,Telangana,Nizamabad,2020-04-12,Not Vaccinated,Fatigue,Positive,No,8,Moderate,99,None,2498.21,Recovered
COVID02615,58,Male,Andhra Pradesh,Vijayawada,2020-04-12,Fully Vaccinated,Cough,Positive,No,19,Mild,93,None,2280.33,Recovered
COVID00342,66,Male,West Bengal,Kolkata,2020-04-12,Partially Vaccinated,Loss of Taste/Smell,Positive,No,8,Mild,98,None,1631.77,Recovered
COVID01835,29,Female,Tamil Nadu,Coimbatore,2020-04-12,Fully Vaccinated,Sore Throat,Positive,Yes,29,Moderate,100,Heart Disease,2321.12,Recovered
COVID01031,29,Female,Gujarat,Ahmedabad,2020-04-13,Fully Vaccinated,Loss of Taste/Smell,Positive,No,6,Mild,100,None,1932.72,Recovered
COVID02449,65,Male,Gujarat,Surat,2020-04-13,Partially Vaccinated,None,Positive,Yes,7,Moderate,100,None,4450.28,Recovered
COVID01694,59,Female,Karnataka,Mangaluru,2020-04-13,Fully Vaccinated,Fever,Negative,No,0,None,98,None,240.48,Not Infected
COVID02525,82,Female,West Bengal,Howrah,2020-04-14,Booster,Fatigue,Positive,No,25,Mild,94,Diabetes,962.16,Recovered
COVID04042,39,Female,Telangana,Nizamabad,2020-04-14,Partially Vaccinated,Fatigue,Negative,No,0,None,100,Diabetes,272.92,Not Infected
COVID02532,33,Male,Maharashtra,Nashik,2020-04-14,Partially Vaccinated,Loss of Taste/Smell,Negative,No,0,None,98,None,38.01,Not Infected
COVID00333,30,Female,Rajasthan,Udaipur,2020-04-14,Fully Vaccinated,Loss of Taste/Smell,Positive,No,9,Mild,96,None,480.93,Recovered
COVID03370,54,Female,West Bengal,Howrah,2020-04-14,Fully Vaccinated,Cough,Positive,No,15,Mild,95,Heart Disease,1990.97,Recovered
COVID04956,7,Female,Andhra Pradesh,Visakhapatnam,2020-04-15,Partially Vaccinated,Loss of Taste/Smell,Positive,Yes,27,Moderate,93,Diabetes,7191.73,Recovered
COVID04845,66,Male,Kerala,Kochi,2020-04-15,Fully Vaccinated,Cough,Positive,Yes,6,Moderate,94,Diabetes,3902.72,Recovered
COVID03625,84,Male,Maharashtra,Nagpur,2020-04-15,Booster,Fever,Positive,Yes,32,Severe,99,Hypertension,5573.71,Recovered
COVID00456,65,Male,Rajasthan,Udaipur,2020-04-15,Not Vaccinated,Cough,Negative,No,0,None,98,Asthma,351.26,Not Infected
COVID04578,41,Female,Tamil Nadu,Coimbatore,2020-04-16,Not Vaccinated,Sore Throat,Negative,No,0,None,95,Multiple,275.85,Not Infected
COVID00939,81,Female,Tamil Nadu,Coimbatore,2020-04-16,Fully Vaccinated,Fatigue,Positive,No,24,Mild,98,None,834.14,Recovered
COVID01066,31,Male,Telangana,Nizamabad,2020-04-16,Fully Vaccinated,None,Positive,No,27,Mild,94,None,1905.61,Recovered
COVID03918,23,Male,Delhi,Dwarka,2020-04-16,Booster,Fever,Negative,No,0,None,96,None,296.44,Not Infected
COVID00157,42,Female,Tamil Nadu,Coimbatore,2020-04-17,Fully Vaccinated,Fever,Negative,No,0,None,99,None,199.59,Not Infected
COVID03698,62,Male,Telangana,Nizamabad,2020-04-17,Fully Vaccinated,Fever,Negative,No,0,None,100,Asthma,68.49,Not Infected
COVID03168,14,Male,Kerala,Kochi,2020-04-17,Fully Vaccinated,Sore Throat,Positive,No,22,Mild,100,Asthma,1228.8,Recovered
COVID04897,50,Male,Gujarat,Ahmedabad,2020-04-18,Booster,Cough,Positive,No,7,Moderate,95,Diabetes,701.1,Recovered
COVID03449,5,Female,Andhra Pradesh,Guntur,2020-04-18,Fully Vaccinated,Sore Throat,Positive,Yes,29,Severe,95,None,6050.25,Deceased
COVID03686,52,Male,Maharashtra,Pune,2020-04-18,Fully Vaccinated,Fatigue,Negative,No,0,None,98,None,344.34,Not Infected
COVID01863,19,Male,Maharashtra,Nashik,2020-04-18,Not Vaccinated,Fatigue,Positive,No,28,Mild,96,None,307.72,Recovered
COVID02876,33,Female,Andhra Pradesh,Vijayawada,2020-04-19,Partially Vaccinated,Fatigue,Positive,No,22,Moderate,98,Hypertension,687.25,Recovered
COVID00409,60,Female,Maharashtra,Nashik,2020-04-19,Fully Vaccinated,Loss of Taste/Smell,Negative,No,0,None,97,Diabetes,454.45,Not Infected
COVID02503,13,Male,Tamil Nadu,Chennai,2020-04-19,Partially Vaccinated,None,Negative,No,0,None,100,Hypertension,385.11,Not Infected
COVID04810,10,Female,Andhra Pradesh,Guntur,2020-04-20,Not Vaccinated,Fatigue,Positive,No,12,Moderate,99,None,827.7,Recovered
COVID01230,59,Female,Gujarat,Ahmedabad,2020-04-20,Not Vaccinated,Breathing Difficulty,Positive,No,5,Mild,95,Hypertension,1191.82,Recovered
COVID04033,19,Other,Maharashtra,Nashik,2020-04-20,Fully Vaccinated,Cough,Positive,No,30,Moderate,99,Multiple,760.04,Recovered
COVID03842,72,Male,Gujarat,Vadodara,2020-04-20,Fully Vaccinated,Sore Throat,Positive,No,29,Mild,95,None,2022.52,Deceased
COVID00636,84,Female,Gujarat,Surat,2020-04-20,Fully Vaccinated,Breathing Difficulty,Positive,No,35,Severe,89,Hypertension,454.91,Deceased
COVID02766,57,Male,Telangana,Hyderabad,2020-04-21,Fully Vaccinated,Cough,Negative,No,0,None,100,Hypertension,294.01,Not Infected
COVID02342,74,Male,Maharashtra,Pune,2020-04-21,Fully Vaccinated,Breathing Difficulty,Positive,No,32,Severe,98,Hypertension,2452.32,Recovered
COVID02523,35,Female,Kerala,Kochi,2020-04-21,Partially Vaccinated,Fatigue,Positive,No,12,Mild,100,Asthma,542.03,Recovered
COVID02606,71,Male,Telangana,Hyderabad,2020-04-21,Fully Vaccinated,Fever,Positive,Yes,8,Moderate,95,None,4807.66,Recovered
COVID00304,77,Male,Telangana,Hyderabad,2020-04-21,Fully Vaccinated,Fever,Negative,No,0,None,97,Heart Disease,168.64,Not Infected
COVID02635,13,Female,West Bengal,Kolkata,2020-04-21,Partially Vaccinated,Fever,Positive,Yes,28,Moderate,98,None,7870.54,Recovered
COVID02430,6,Male,Gujarat,Ahmedabad,2020-04-22,Fully Vaccinated,Fatigue,Positive,No,15,Mild,94,None,1753.87,Recovered
COVID03869,26,Female,West Bengal,Howrah,2020-04-22,Not Vaccinated,None,Positive,Yes,9,Moderate,99,Asthma,1824.13,Recovered
COVID03874,73,Female,Andhra Pradesh,Visakhapatnam,2020-04-22,Partially Vaccinated,None,Positive,Yes,22,Moderate,93,None,5582.97,Deceased
COVID04407,14,Female,Kerala,Thrissur,2020-04-22,Fully Vaccinated,Cough,Negative,No,0,None,98,None,344.42,Not Infected
COVID00214,56,Female,Kerala,Kozhikode,2020-04-23,Fully Vaccinated,Cough,Positive,No,22,Mild,97,Asthma,1011.54,Recovered
COVID03476,33,Male,Rajasthan,Udaipur,2020-04-23,Fully Vaccinated,Fever,Negative,No,0,None,98,Diabetes,217.67,Not Infected
COVID00874,84,Female,Tamil Nadu,Chennai,2020-04-23,Fully Vaccinated,None,Negative,No,0,None,95,None,59.96,Not Infected
COVID00798,61,Female,Rajasthan,Udaipur,2020-04-24,Booster,None,Negative,No,0,None,99,None,41.42,Not Infected
COVID03627,83,Male,Maharashtra,Nagpur,2020-04-24,Fully Vaccinated,Cough,Positive,No,9,Mild,95,None,1684.3,Recovered
COVID04582,42,Male,Telangana,Warangal,2020-04-24,Not Vaccinated,Cough,Positive,No,13,Mild,98,None,1168.02,Recovered
COVID00722,74,Male,Gujarat,Surat,2020-04-24,Partially Vaccinated,Sore Throat,Positive,No,6,Mild,99,Asthma,1434.22,Recovered
COVID00199,74,Male,Karnataka,Bengaluru,2020-04-24,Booster,Fever,Negative,No,0,None,95,Hypertension,468.93,Not Infected
COVID00539,77,Female,Rajasthan,Jodhpur,2020-04-24,Fully Vaccinated,Cough,Positive,Yes,11,Moderate,95,None,3682.63,Recovered
COVID02192,64,Female,Telangana,Warangal,2020-04-25,Partially Vaccinated,Cough,Positive,No,25,Mild,100,None,665.2,Deceased
COVID01393,21,Male,Rajasthan,Jaipur,2020-04-25,Not Vaccinated,Fever,Negative,No,0,None,95,None,15.69,Not Infected
COVID03608,22,Female,Delhi,Dwarka,2020-04-25,Fully Vaccinated,None,Positive,No,5,Moderate,97,None,1963.37,Recovered
COVID04617,41,Female,Telangana,Hyderabad,2020-04-25,Fully Vaccinated,Cough,Negative,No,0,None,95,Hypertension,159.57,Not Infected
COVID04925,9,Female,West Bengal,Durgapur,2020-04-25,Fully Vaccinated,Fatigue,Positive,No,23,Mild,95,None,2052.24,Recovered
COVID02830,39,Female,Gujarat,Ahmedabad,2020-04-25,Not Vaccinated,None,Positive,No,27,Mild,94,Diabetes,1987.08,Deceased
COVID01974,24,Male,Kerala,Thrissur,2020-04-25,Fully Vaccinated,Fever,Positive,No,21,Moderate,100,Asthma,784.44,Recovered
COVID01400,52,Male,Maharashtra,Pune,2020-04-25,Fully Vaccinated,Fatigue,Positive,Yes,11,Moderate,95,None,7066.05,Recovered
COVID00298,75,Male,Andhra Pradesh,Vijayawada,2020-04-26,Partially Vaccinated,Sore Throat,Positive,No,29,Mild,97,Asthma,1891.62,Recovered
COVID02936,25,Female,Gujarat,Vadodara,2020-04-26,Fully Vaccinated,Breathing Difficulty,Negative,No,0,None,97,Hypertension,282.27,Not Infected
COVID02005,47,Female,Tamil Nadu,Salem,2020-04-26,Fully Vaccinated,Fever,Negative,No,0,None,98,Asthma,231.81,Not Infected
COVID01892,81,Female,Andhra Pradesh,Visakhapatnam,2020-04-26,Fully Vaccinated,None,Negative,No,0,None,98,None,312.14,Not Infected
COVID03982,70,Male,Tamil Nadu,Chennai,2020-04-27,Fully Vaccinated,None,Negative,No,0,None,99,Asthma,157.22,Not Infected
COVID00906,33,Female,Gujarat,Vadodara,2020-04-27,Fully Vaccinated,None,Positive,No,10,Mild,100,None,1149.67,Recovered
COVID03166,71,Male,West Bengal,Kolkata,2020-04-27,Fully Vaccinated,Loss of Taste/Smell,Positive,No,6,Mild,97,Heart Disease,820.21,Recovered
COVID03220,81,Male,Karnataka,Mysuru,2020-04-27,Fully Vaccinated,Cough,Positive,No,5,Mild,93,None,1841.34,Recovered
COVID01677,9,Female,West Bengal,Howrah,2020-04-27,Not Vaccinated,None,Positive,No,6,Mild,96,Diabetes,1716.81,Recovered
COVID00109,5,Male,Andhra Pradesh,Visakhapatnam,2020-04-27,Fully Vaccinated,Loss of Taste/Smell,Positive,No,6,Moderate,94,Diabetes,1326.41,Recovered
COVID03172,39,Male,Tamil Nadu,Chennai,2020-04-28,Fully Vaccinated,Fatigue,Positive,Yes,22,Severe,98,Hypertension,5397.77,Recovered
COVID03110,52,Male,Maharashtra,Nashik,2020-04-28,Not Vaccinated,Fever,Positive,No,8,Mild,100,Heart Disease,775.18,Recovered
COVID02297,21,Female,Andhra Pradesh,Visakhapatnam,2020-04-28,Fully Vaccinated,Fever,Positive,No,18,Mild,96,None,1863.29,Deceased
COVID02992,7,Female,Maharashtra,Nagpur,2020-04-28,Fully Vaccinated,Loss of Taste/Smell,Negative,No,0,None,97,Asthma,357.14,Not Infected
COVID04341,63,Female,Andhra Pradesh,Guntur,2020-04-29,Partially Vaccinated,Loss of Taste/Smell,Positive,Yes,30,Severe,94,None,5603.45,Recovered
COVID02473,65,Male,Andhra Pradesh,Vijayawada,2020-04-29,Not Vaccinated,Fatigue,Positive,Yes,23,Moderate,95,None,6003.05,Recovered
COVID03330,49,Female,Telangana,Hyderabad,2020-04-29,Booster,Fever,Positive,Yes,44,Severe,99,Diabetes,2251.71,Recovered
COVID00483,49,Male,Telangana,Warangal,2020-04-29,Fully Vaccinated,None,Positive,Yes,37,Severe,93,None,5730.33,Recovered
COVID02282,48,Female,Telangana,Hyderabad,2020-04-30,Not Vaccinated,None,Negative,No,0,None,95,Asthma,435.68,Not Infected
COVID01041,25,Female,West Bengal,Kolkata,2020-05-01,Not Vaccinated,Sore Throat,Negative,No,0,None,98,None,150.5,Not Infected
COVID00405,33,Male,Andhra Pradesh,Guntur,2020-05-01,Not Vaccinated,Fever,Negative,No,0,None,96,None,311.98,Not Infected
COVID04076,43,Female,Telangana,Warangal,2020-05-01,Fully Vaccinated,Fever,Negative,No,0,None,95,None,254.73,Not Infected
COVID01252,59,Male,Karnataka,Bengaluru,2020-05-02,Fully Vaccinated,Fever,Positive,No,12,Mild,99,Asthma,2183.12,Recovered
COVID00785,53,Female,Gujarat,Vadodara,2020-05-02,Not Vaccinated,Sore Throat,Negative,No,0,None,98,None,85.64,Not Infected
COVID03565,13,Female,Gujarat,Surat,2020-05-02,Fully Vaccinated,Loss of Taste/Smell,Positive,Yes,14,Moderate,100,Hypertension,5272.5,Recovered
COVID02404,17,Male,Andhra Pradesh,Guntur,2020-05-02,Fully Vaccinated,Fatigue,Positive,Yes,23,Severe,89,Hypertension,5786.52,Recovered
COVID03430,82,Male,West Bengal,Durgapur,2020-05-03,Fully Vaccinated,Breathing Difficulty,Negative,No,0,None,96,Diabetes,74.85,Not Infected
COVID04502,34,Female,West Bengal,Howrah,2020-05-03,Fully Vaccinated,Sore Throat,Positive,No,14,Mild,96,Diabetes,2135.93,Recovered
COVID04746,78,Male,Maharashtra,Nagpur,2020-05-03,Fully Vaccinated,None,Positive,Yes,26,Moderate,96,Heart Disease,7599.83,Deceased
COVID04454,30,Female,Andhra Pradesh,Guntur,2020-05-03,Fully Vaccinated,Fever,Positive,No,24,Moderate,94,None,731.18,Recovered
COVID04082,68,Female,Gujarat,Surat,2020-05-04,Fully Vaccinated,Fever,Positive,Yes,6,Moderate,100,None,5056.69,Recovered
COVID03536,15,Female,Kerala,Kozhikode,2020-05-04,Not Vaccinated,Sore Throat,Negative,No,0,None,96,None,54.59,Not Infected
COVID03992,84,Female,Karnataka,Bengaluru,2020-05-05,Fully Vaccinated,Cough,Positive,Yes,21,Moderate,95,Hypertension,6206.47,Recovered
COVID02193,52,Female,Kerala,Thrissur,2020-05-05,Fully Vaccinated,Loss of Taste/Smell,Positive,Yes,14,Moderate,94,None,1755.09,Recovered
COVID03923,18,Male,Tamil Nadu,Madurai,2020-05-05,Booster,Fatigue,Positive,No,6,Mild,95,None,1059.53,Recovered
COVID00098,76,Female,Delhi,New Delhi,2020-05-05,Partially Vaccinated,None,Positive,Yes,25,Severe,90,Hypertension,5738.21,Recovered
COVID03106,49,Female,Karnataka,Mangaluru,2020-05-05,Fully Vaccinated,None,Negative,No,0,None,95,None,200.98,Not Infected
COVID02814,40,Other,Andhra Pradesh,Vijayawada,2020-05-05,Booster,Breathing Difficulty,Negative,No,0,None,100,None,326.51,Not Infected
COVID03813,39,Female,Tamil Nadu,Salem,2020-05-05,Booster,None,Negative,No,0,None,97,Heart Disease,387.83,Not Infected
COVID02348,42,Female,Karnataka,Mangaluru,2020-05-05,Partially Vaccinated,Fever,Positive,No,8,Mild,95,None,599.43,Recovered
COVID00467,58,Male,Rajasthan,Jaipur,2020-05-05,Fully Vaccinated,Fatigue,Negative,No,0,None,95,Multiple,321.96,Not Infected
COVID01663,54,Male,Delhi,Rohini,2020-05-06,Fully Vaccinated,Sore Throat,Negative,No,0,None,99,None,433.12,Not Infected
COVID01764,34,Male,West Bengal,Durgapur,2020-05-06,Fully Vaccinated,Cough,Positive,Yes,10,Moderate,98,None,2658.7,Recovered
COVID02596,69,Male,Andhra Pradesh,Visakhapatnam,2020-05-06,Booster,Fever,Positive,No,17,Mild,95,None,588.47,Recovered
COVID04979,78,Female,Gujarat,Surat,2020-05-06,Fully Vaccinated,Fatigue,Negative,No,0,None,96,None,327.28,Not Infected
COVID02806,66,Male,Kerala,Thiruvananthapuram,2020-05-07,Booster,Fatigue,Negative,No,0,None,97,None,261.65,Not Infected
COVID02460,18,Male,Andhra Pradesh,Vijayawada,2020-05-07,Booster,Fatigue,Negative,No,0,None,96,Multiple,174.84,Not Infected
COVID00050,27,Male,Gujarat,Surat,2020-05-07,Partially Vaccinated,Fatigue,Positive,No,19,Mild,98,Asthma,2279.36,Recovered
COVID03160,11,Male,Telangana,Warangal,2020-05-07,Fully Vaccinated,Loss of Taste/Smell,Positive,No,29,Mild,99,Multiple,908.12,Recovered
COVID02353,34,Female,Delhi,Dwarka,2020-05-07,Not Vaccinated,Breathing Difficulty,Negative,No,0,None,96,None,245.24,Not Infected
COVID03853,15,Male,Karnataka,Bengaluru,2020-05-08,Not Vaccinated,Fever,Positive,No,19,Mild,96,Asthma,864.2,Deceased
COVID00170,14,Male,Karnataka,Bengaluru,2020-05-08,Booster,Breathing Difficulty,Positive,Yes,20,Severe,91,None,7241.78,Recovered
COVID04729,53,Male,Kerala,Thiruvananthapuram,2020-05-08,Partially Vaccinated,Cough,Positive,Yes,28,Moderate,96,None,7106.95,Recovered
COVID01840,7,Male,West Bengal,Kolkata,2020-05-09,Not Vaccinated,None,Positive,No,21,Mild,97,None,2433.8,Recovered
COVID02220,76,Female,Telangana,Warangal,2020-05-09,Partially Vaccinated,Sore Throat,Positive,No,19,Mild,100,None,1810.75,Recovered
COVID00263,31,Female,Andhra Pradesh,Vijayawada,2020-05-09,Booster,Cough,Positive,Yes,15,Moderate,100,Diabetes,4502.51,Recovered
COVID00318,59,Female,Gujarat,Vadodara,2020-05-09,Booster,Cough,Positive,No,7,Mild,99,None,1457.03,Deceased
COVID04993,79,Male,Telangana,Warangal,2020-05-10,Fully Vaccinated,Sore Throat,Positive,No,7,Moderate,95,Diabetes,534.9,Recovered
COVID02544,56,Male,Karnataka,Mysuru,2020-05-10,Booster,None,Positive,Yes,18,Moderate,95,Diabetes,2022.0,Recovered
COVID00603,27,Female,Andhra Pradesh,Vijayawada,2020-05-10,Fully Vaccinated,Loss of Taste/Smell,Negative,No,0,None,100,None,99.42,Not Infected
COVID02484,55,Female,West Bengal,Durgapur,2020-05-10,Partially Vaccinated,Fever,Positive,No,25,Mild,98,Multiple,506.55,Recovered
COVID04962,56,Male,Rajasthan,Jaipur,2020-05-10,Fully Vaccinated,Fatigue,Positive,Yes,14,Severe,88,None,5070.62,Recovered
COVID02287,33,Male,Maharashtra,Mumbai,2020-05-10,Not Vaccinated,Fatigue,Positive,No,26,Mild,93,None,1050.83,Recovered
COVID03575,9,Female,West Bengal,Kolkata,2020-05-11,Fully Vaccinated,Fever,Negative,No,0,None,97,Multiple,475.09,Not Infected
COVID01510,22,Male,Rajasthan,Jodhpur,2020-05-11,Fully Vaccinated,Fatigue,Positive,No,14,Mild,95,Heart Disease,2367.49,Recovered
COVID03786,32,Male,Andhra Pradesh,Vijayawada,2020-05-11,Fully Vaccinated,Cough,Positive,Yes,10,Moderate,93,None,5602.46,Recovered
COVID03096,24,Female,Rajasthan,Jodhpur,2020-05-11,Fully Vaccinated,Loss of Taste/Smell,Negative,No,0,None,98,None,17.87,Not Infected
COVID03386,41,Female,West Bengal,Durgapur,2020-05-11,Booster,Cough,Positive,Yes,16,Moderate,97,Asthma,2437.94,Recovered
COVID04747,14,Male,Andhra Pradesh,Visakhapatnam,2020-05-11,Fully Vaccinated,Fatigue,Negative,No,0,None,95,None,177.95,Not Infected
COVID04816,81,Male,Gujarat,Surat,2020-05-12,Partially Vaccinated,Cough,Positive,Yes,16,Severe,100,None,3516.77,Recovered
COVID04170,69,Male,Karnataka,Bengaluru,2020-05-12,Fully Vaccinated,Fever,Positive,Yes,40,Severe,89,None,6013.69,Recovered
COVID03196,11,Female,Gujarat,Vadodara,2020-05-12,Fully Vaccinated,Fatigue,Positive,No,14,Mild,98,Asthma,949.45,Recovered
COVID04411,33,Female,Delhi,Dwarka,2020-05-12,Fully Vaccinated,Fever,Positive,No,24,Mild,97,Hypertension,936.19,Recovered
COVID02512,24,Female,Delhi,Rohini,2020-05-12,Partially Vaccinated,Cough,Positive,No,6,Mild,94,None,986.16,Recovered
COVID01151,30,Female,Kerala,Thrissur,2020-05-12,Not Vaccinated,Fever,Negative,No,0,None,95,None,464.29,Not Infected
COVID04842,79,Female,Maharashtra,Nashik,2020-05-13,Fully Vaccinated,None,Positive,No,25,Mild,97,None,1248.34,Recovered
COVID03392,83,Male,Telangana,Nizamabad,2020-05-13,Not Vaccinated,None,Positive,Yes,24,Severe,97,Hypertension,4840.04,Recovered
COVID01511,30,Male,Andhra Pradesh,Vijayawada,2020-05-13,Partially Vaccinated,None,Positive,No,8,Mild,99,Asthma,420.7,Recovered
COVID02673,32,Male,Andhra Pradesh,Guntur,2020-05-13,Fully Vaccinated,Cough,Negative,No,0,None,95,None,331.04,Not Infected
COVID00850,85,Female,Andhra Pradesh,Visakhapatnam,2020-05-13,Fully Vaccinated,Sore Throat,Positive,Yes,24,Moderate,93,Multiple,3775.62,Recovered
COVID01001,64,Female,Tamil Nadu,Salem,2020-05-13,Booster,Fatigue,Positive,No,28,Severe,92,Hypertension,762.5,Recovered
COVID04592,63,Female,Telangana,Warangal,2020-05-14,Not Vaccinated,Cough,Positive,No,40,Severe,94,Heart Disease,808.4,Recovered
COVID00581,51,Female,West Bengal,Kolkata,2020-05-14,Not Vaccinated,Breathing Difficulty,Positive,Yes,33,Severe,97,Diabetes,7359.84,Recovered
COVID01729,38,Female,West Bengal,Howrah,2020-05-14,Partially Vaccinated,Cough,Positive,No,23,Mild,97,Diabetes,1727.85,Recovered
COVID01927,28,Male,West Bengal,Kolkata,2020-05-15,Not Vaccinated,Sore Throat,Positive,No,16,Mild,100,Diabetes,1242.79,Recovered
COVID03136,85,Female,Tamil Nadu,Madurai,2020-05-15,Fully Vaccinated,Sore Throat,Positive,No,12,Mild,94,None,528.01,Recovered
COVID00487,67,Female,Tamil Nadu,Salem,2020-05-16,Fully Vaccinated,Breathing Difficulty,Positive,No,21,Mild,100,Hypertension,807.0,Recovered
COVID04530,27,Female,Andhra Pradesh,Visakhapatnam,2020-05-16,Fully Vaccinated,Breathing Difficulty,Positive,Yes,37,Critical,88,None,5793.29,Deceased
COVID02055,34,Female,West Bengal,Howrah,2020-05-16,Fully Vaccinated,Cough,Negative,No,0,None,95,None,7.33,Not Infected
COVID04320,39,Female,Kerala,Kochi,2020-05-16,Fully Vaccinated,Cough,Positive,No,10,Mild,98,Asthma,1708.98,Recovered
COVID00724,72,Female,Rajasthan,Udaipur,2020-05-16,Fully Vaccinated,Breathing Difficulty,Positive,Yes,22,Moderate,98,Diabetes,6612.46,Recovered
COVID01125,81,Female,Tamil Nadu,Salem,2020-05-16,Fully Vaccinated,Sore Throat,Positive,No,24,Moderate,98,None,430.78,Deceased
COVID04817,48,Male,Maharashtra,Pune,2020-05-16,Not Vaccinated,Fever,Positive,No,30,Mild,96,Diabetes,329.69,Recovered
COVID04699,63,Female,Telangana,Hyderabad,2020-05-16,Not Vaccinated,Fatigue,Positive,No,24,Mild,95,Hypertension,442.94,Recovered
COVID02625,19,Female,Kerala,Thrissur,2020-05-16,Partially Vaccinated,Fever,Positive,No,25,Mild,95,None,1943.82,Recovered
COVID03746,34,Male,Karnataka,Mysuru,2020-05-17,Fully Vaccinated,Fatigue,Positive,Yes,26,Moderate,94,None,7774.45,Recovered
COVID03631,67,Male,Delhi,Rohini,2020-05-17,Booster,Cough,Positive,Yes,28,Moderate,96,None,5543.0,Recovered
COVID01016,69,Male,West Bengal,Durgapur,2020-05-17,Partially Vaccinated,Loss of Taste/Smell,Negative,No,0,None,95,Hypertension,260.51,Not Infected
COVID04663,38,Female,Kerala,Thrissur,2020-05-17,Not Vaccinated,Loss of Taste/Smell,Positive,Yes,16,Moderate,100,None,4070.22,Recovered
COVID02551,38,Female,Delhi,New Delhi,2020-05-17,Booster,Cough,Negative,No,0,None,96,Diabetes,416.22,Not Infected
COVID03211,33,Male,Telangana,Hyderabad,2020-05-17,Fully Vaccinated,None,Positive,Yes,22,Moderate,100,None,6591.38,Recovered
COVID04106,42,Male,Gujarat,Surat,2020-05-17,Booster,Fever,Positive,No,26,Mild,94,Diabetes,1691.79,Recovered
COVID03425,8,Other,Karnataka,Hubballi,2020-05-17,Fully Vaccinated,Fever,Negative,No,0,None,99,None,231.39,Not Infected
COVID02101,81,Male,Kerala,Thrissur,2020-05-18,Fully Vaccinated,None,Negative,No,0,None,98,None,112.44,Not Infected
COVID03115,52,Male,Gujarat,Vadodara,2020-05-18,Fully Vaccinated,Fever,Positive,No,19,Mild,100,Diabetes,1507.83,Recovered
COVID02930,52,Male,Delhi,Dwarka,2020-05-18,Fully Vaccinated,Breathing Difficulty,Positive,No,30,Mild,99,Asthma,1573.88,Recovered
COVID02180,71,Male,Kerala,Thiruvananthapuram,2020-05-18,Not Vaccinated,Fever,Negative,No,0,None,95,Heart Disease,403.13,Not Infected
COVID04022,82,Male,Andhra Pradesh,Guntur,2020-05-18,Partially Vaccinated,Cough,Positive,No,20,Mild,97,Hypertension,2442.44,Recovered
COVID01631,43,Male,Delhi,Rohini,2020-05-18,Not Vaccinated,Breathing Difficulty,Negative,No,0,None,96,Asthma,145.24,Not Infected
COVID04545,35,Male,Telangana,Warangal,2020-05-19,Not Vaccinated,Fever,Negative,No,0,None,96,Multiple,455.68,Not Infected
COVID03105,85,Male,Maharashtra,Nagpur,2020-05-19,Booster,Fatigue,Positive,Yes,22,Moderate,98,Asthma,3929.67,Recovered
COVID04946,84,Male,Delhi,Rohini,2020-05-19,Not Vaccinated,Cough,Positive,Yes,8,Moderate,93,Multiple,7812.75,Recovered
COVID01556,38,Female,Tamil Nadu,Coimbatore,2020-05-19,Partially Vaccinated,Cough,Negative,No,0,None,100,None,18.09,Not Infected
COVID03279,48,Male,Delhi,Rohini,2020-05-19,Fully Vaccinated,Sore Throat,Positive,No,12,Mild,96,None,477.23,Recovered
COVID03064,35,Female,Andhra Pradesh,Visakhapatnam,2020-05-19,Fully Vaccinated,Fever,Positive,Yes,28,Moderate,95,None,2144.81,Recovered
COVID00696,13,Male,Delhi,Rohini,2020-05-19,Not Vaccinated,Fever,Negative,No,0,None,99,None,224.63,Not Infected
COVID01173,59,Male,Tamil Nadu,Coimbatore,2020-05-19,Partially Vaccinated,None,Positive,Yes,31,Critical,89,Multiple,2081.17,Recovered
COVID04065,19,Male,West Bengal,Howrah,2020-05-20,Not Vaccinated,Fatigue,Positive,Yes,30,Moderate,98,Diabetes,1962.03,Recovered
COVID03828,61,Female,Maharashtra,Mumbai,2020-05-20,Partially Vaccinated,Sore Throat,Positive,No,11,Mild,98,Hypertension,1675.03,Recovered
COVID02023,30,Female,Andhra Pradesh,Vijayawada,2020-05-20,Booster,Sore Throat,Negative,No,0,None,98,None,148.84,Not Infected
COVID00743,76,Female,West Bengal,Howrah,2020-05-20,Partially Vaccinated,Cough,Positive,No,22,Severe,94,None,1139.25,Deceased
COVID00708,51,Female,Maharashtra,Nashik,2020-05-20,Not Vaccinated,Fever,Positive,No,13,Mild,94,None,1830.9,Recovered
COVID01423,32,Male,West Bengal,Durgapur,2020-05-20,Fully Vaccinated,Breathing Difficulty,Negative,No,0,None,95,None,422.14,Not Infected
COVID04868,39,Male,West Bengal,Durgapur,2020-05-21,Partially Vaccinated,Loss of Taste/Smell,Positive,No,22,Mild,99,None,795.41,Recovered
COVID04666,11,Female,Rajasthan,Jodhpur,2020-05-21,Fully Vaccinated,Fatigue,Positive,No,21,Mild,98,Hypertension,1495.73,Recovered
COVID00239,17,Female,West Bengal,Howrah,2020-05-21,Not Vaccinated,Breathing Difficulty,Positive,No,11,Mild,96,None,2321.66,Recovered
COVID02396,80,Female,West Bengal,Durgapur,2020-05-22,Fully Vaccinated,Fatigue,Positive,No,30,Mild,94,Hypertension,1124.28,Recovered
COVID03838,35,Male,Delhi,Dwarka,2020-05-22,Fully Vaccinated,Loss of Taste/Smell,Negative,No,0,None,95,Multiple,218.32,Not Infected
COVID03269,30,Male,Andhra Pradesh,Guntur,2020-05-22,Fully Vaccinated,Loss of Taste/Smell,Positive,No,9,Mild,94,Hypertension,1506.39,Recovered
COVID03891,8,Male,Maharashtra,Mumbai,2020-05-22,Booster,Cough,Positive,No,20,Moderate,100,None,1066.26,Recovered
COVID03958,67,Male,Telangana,Nizamabad,2020-05-22,Not Vaccinated,Cough,Positive,Yes,40,Severe,95,None,6765.46,Recovered
COVID02777,55,Female,Karnataka,Bengaluru,2020-05-22,Not Vaccinated,Sore Throat,Positive,Yes,18,Moderate,93,None,2877.64,Recovered
COVID03995,17,Female,Karnataka,Mangaluru,2020-05-22,Partially Vaccinated,Fatigue,Positive,No,32,Severe,89,Diabetes,2301.08,Recovered
COVID02372,21,Female,Andhra Pradesh,Vijayawada,2020-05-23,Fully Vaccinated,Sore Throat,Negative,No,0,None,97,Hypertension,235.77,Not Infected
COVID01676,51,Female,Gujarat,Ahmedabad,2020-05-23,Not Vaccinated,None,Positive,No,21,Moderate,97,None,533.56,Recovered
COVID03222,48,Female,Andhra Pradesh,Visakhapatnam,2020-05-23,Partially Vaccinated,Cough,Positive,Yes,7,Moderate,96,Diabetes,7244.42,Recovered
COVID04554,26,Female,Kerala,Thrissur,2020-05-23,Partially Vaccinated,Fever,Positive,No,15,Mild,100,Hypertension,650.33,Recovered
COVID03350,18,Male,Maharashtra,Pune,2020-05-23,Booster,Fever,Positive,No,27,Moderate,100,Diabetes,1150.74,Recovered
COVID04880,24,Male,Andhra Pradesh,Guntur,2020-05-23,Fully Vaccinated,Fever,Negative,No,0,None,100,Asthma,468.81,Not Infected
COVID01506,63,Female,Kerala,Kochi,2020-05-23,Booster,Sore Throat,Positive,No,10,Mild,96,None,485.73,Recovered
COVID02120,8,Male,Delhi,Dwarka,2020-05-24,Not Vaccinated,Fever,Positive,No,14,Mild,94,Diabetes,536.65,Recovered
COVID02137,27,Female,Kerala,Thiruvananthapuram,2020-05-24,Not Vaccinated,Cough,Positive,No,27,Mild,95,Hypertension,838.93,Recovered
COVID00878,41,Female,Telangana,Warangal,2020-05-24,Partially Vaccinated,Fatigue,Positive,No,17,Mild,94,None,2135.83,Recovered
COVID00084,16,Female,Tamil Nadu,Chennai,2020-05-24,Fully Vaccinated,Cough,Positive,No,15,Mild,99,None,590.08,Recovered
COVID03369,44,Female,Karnataka,Bengaluru,2020-05-24,Not Vaccinated,Loss of Taste/Smell,Positive,No,28,Mild,100,Multiple,516.3,Recovered
COVID04347,51,Female,Gujarat,Surat,2020-05-24,Fully Vaccinated,Cough,Positive,No,13,Mild,99,None,713.25,Recovered
COVID01458,6,Male,Karnataka,Bengaluru,2020-05-24,Not Vaccinated,Fatigue,Negative,No,0,None,96,Hypertension,77.48,Not Infected
COVID04900,13,Female,Telangana,Hyderabad,2020-05-24,Fully Vaccinated,Fever,Positive,No,12,Mild,98,Multiple,1805.81,Recovered
COVID02800,56,Female,Maharashtra,Pune,2020-05-25,Fully Vaccinated,Loss of Taste/Smell,Positive,No,17,Mild,95,None,328.49,Recovered
COVID04379,15,Female,Rajasthan,Udaipur,2020-05-26,Booster,None,Positive,Yes,27,Moderate,93,None,7583.38,Recovered
COVID04180,9,Male,Karnataka,Hubballi,2020-05-26,Fully Vaccinated,Fatigue,Positive,No,27,Mild,97,Diabetes,337.14,Recovered
COVID02670,72,Male,Karnataka,Hubballi,2020-05-26,Booster,Sore Throat,Positive,No,12,Mild,97,None,750.98,Recovered
COVID03789,65,Male,Maharashtra,Nagpur,2020-05-26,Not Vaccinated,None,Positive,Yes,30,Moderate,96,None,3309.08,Recovered
COVID00935,31,Female,Delhi,New Delhi,2020-05-26,Fully Vaccinated,Cough,Positive,No,14,Mild,93,Asthma,2181.53,Deceased
COVID02154,85,Female,Kerala,Kochi,2020-05-26,Not Vaccinated,Fever,Negative,No,0,None,95,None,316.75,Not Infected
COVID03005,62,Female,Andhra Pradesh,Vijayawada,2020-05-26,Fully Vaccinated,Fever,Negative,No,0,None,97,None,273.19,Not Infected
COVID02599,25,Female,Karnataka,Mysuru,2020-05-27,Fully Vaccinated,Breathing Difficulty,Positive,No,20,Mild,98,Multiple,912.87,Recovered
COVID01462,56,Female,Gujarat,Vadodara,2020-05-27,Fully Vaccinated,Fatigue,Negative,No,0,None,100,None,385.07,Not Infected
COVID04706,64,Other,Rajasthan,Udaipur,2020-05-27,Partially Vaccinated,Fatigue,Positive,No,8,Mild,99,None,564.94,Recovered
COVID01701,41,Male,Karnataka,Bengaluru,2020-05-28,Fully Vaccinated,None,Positive,No,6,Mild,93,Multiple,1228.55,Recovered
COVID03675,38,Male,Andhra Pradesh,Visakhapatnam,2020-05-28,Not Vaccinated,Loss of Taste/Smell,Positive,No,15,Mild,94,Hypertension,2163.36,Recovered
COVID04350,24,Female,Telangana,Warangal,2020-05-28,Booster,Fever,Positive,No,8,Mild,98,None,1814.82,Recovered
COVID03263,12,Female,Delhi,Dwarka,2020-05-28,Partially Vaccinated,Breathing Difficulty,Positive,Yes,27,Moderate,96,None,5628.54,Recovered
COVID00530,52,Male,Rajasthan,Jaipur,2020-05-28,Booster,Loss of Taste/Smell,Positive,No,5,Mild,95,None,1384.31,Recovered
COVID01302,56,Female,Rajasthan,Jodhpur,2020-05-28,Fully Vaccinated,None,Positive,Yes,28,Moderate,100,Diabetes,7237.91,Recovered
COVID00131,72,Female,Kerala,Thrissur,2020-05-28,Fully Vaccinated,Sore Throat,Positive,Yes,19,Moderate,100,None,3345.27,Recovered
COVID02243,6,Male,West Bengal,Kolkata,2020-05-28,Booster,Cough,Positive,No,26,Mild,96,None,1939.84,Recovered
COVID04307,45,Male,Gujarat,Surat,2020-05-29,Not Vaccinated,Loss of Taste/Smell,Positive,No,22,Mild,95,Hypertension,2228.47,Recovered
COVID00292,45,Female,Maharashtra,Nagpur,2020-05-29,Not Vaccinated,Fatigue,Positive,Yes,30,Severe,97,Hypertension,6159.32,Recovered
COVID02424,82,Female,Maharashtra,Pune,2020-05-29,Fully Vaccinated,Cough,Positive,Yes,23,Moderate,100,None,7758.59,Recovered
COVID02947,41,Male,West Bengal,Kolkata,2020-05-29,Fully Vaccinated,Fatigue,Negative,No,0,None,98,Diabetes,450.24,Not Infected
COVID00216,39,Male,Tamil Nadu,Chennai,2020-05-29,Not Vaccinated,Fever,Positive,Yes,12,Moderate,97,Heart Disease,2565.02,Recovered
COVID03150,27,Female,Kerala,Thiruvananthapuram,2020-05-29,Booster,Fever,Negative,No,0,None,99,None,97.6,Not Infected
COVID02609,30,Male,West Bengal,Kolkata,2020-05-30,Booster,Loss of Taste/Smell,Negative,No,0,None,100,None,238.69,Not Infected
COVID03898,28,Male,Kerala,Kochi,2020-05-30,Partially Vaccinated,Cough,Positive,Yes,18,Severe,100,Multiple,6700.76,Deceased
COVID04967,55,Male,Karnataka,Bengaluru,2020-05-30,Partially Vaccinated,Breathing Difficulty,Positive,No,15,Moderate,94,None,961.75,Recovered
COVID01775,53,Male,Karnataka,Hubballi,2020-05-31,Fully Vaccinated,None,Negative,No,0,None,98,Asthma,468.61,Not Infected
COVID01129,61,Male,Gujarat,Surat,2020-05-31,Fully Vaccinated,Fever,Positive,No,23,Mild,99,Asthma,1940.42,Recovered
COVID03887,76,Female,Karnataka,Mysuru,2020-05-31,Fully Vaccinated,Sore Throat,Positive,No,15,Mild,95,None,941.81,Recovered
COVID01136,11,Female,Delhi,Rohini,2020-05-31,Not Vaccinated,Sore Throat,Positive,No,11,Mild,99,None,1860.27,Recovered
COVID02637,38,Male,Rajasthan,Udaipur,2020-05-31,Partially Vaccinated,Cough,Positive,No,28,Mild,93,Multiple,708.69,Recovered
COVID02491,11,Male,Andhra Pradesh,Vijayawada,2020-05-31,Fully Vaccinated,Cough,Negative,No,0,None,99,Hypertension,495.89,Not Infected
COVID04698,29,Female,Gujarat,Ahmedabad,2020-05-31,Fully Vaccinated,Fatigue,Positive,No,11,Mild,93,None,2417.21,Recovered
COVID00790,7,Male,Karnataka,Bengaluru,2020-06-01,Fully Vaccinated,Fatigue,Negative,No,0,None,96,Multiple,494.55,Not Infected
COVID04458,20,Male,Gujarat,Vadodara,2020-06-01,Partially Vaccinated,Fatigue,Positive,No,18,Mild,96,Diabetes,701.76,Recovered
COVID00188,48,Male,Rajasthan,Jodhpur,2020-06-01,Not Vaccinated,Sore Throat,Positive,No,18,Mild,96,None,806.5,Recovered
COVID00407,6,Female,Maharashtra,Nagpur,2020-06-02,Partially Vaccinated,Fever,Positive,No,6,Moderate,94,None,2480.13,Recovered
COVID01300,27,Other,Tamil Nadu,Salem,2020-06-02,Not Vaccinated,Fatigue,Positive,No,16,Mild,100,None,353.36,Recovered
COVID02064,51,Male,Delhi,Dwarka,2020-06-02,Not Vaccinated,Fatigue,Positive,Yes,16,Moderate,99,None,1549.01,Recovered
COVID04959,18,Male,Tamil Nadu,Salem,2020-06-02,Fully Vaccinated,None,Positive,Yes,10,Moderate,99,Diabetes,1978.77,Recovered
COVID04708,6,Male,Delhi,New Delhi,2020-06-03,Partially Vaccinated,Cough,Negative,No,0,None,100,None,416.7,Not Infected
COVID00463,35,Male,Rajasthan,Jaipur,2020-06-03,Booster,Cough,Negative,No,0,None,97,Asthma,71.81,Not Infected
COVID04750,31,Male,Maharashtra,Pune,2020-06-03,Fully Vaccinated,Fever,Positive,Yes,18,Moderate,98,None,3572.2,Recovered
COVID02626,57,Female,Rajasthan,Jaipur,2020-06-03,Not Vaccinated,Sore Throat,Negative,No,0,None,98,None,110.4,Not Infected
COVID04310,47,Other,Kerala,Thiruvananthapuram,2020-06-03,Fully Vaccinated,Loss of Taste/Smell,Positive,Yes,14,Moderate,95,Asthma,2503.92,Recovered
COVID04629,84,Male,Gujarat,Vadodara,2020-06-03,Fully Vaccinated,Fever,Positive,Yes,30,Moderate,94,None,7440.07,Recovered
COVID00646,63,Male,Telangana,Hyderabad,2020-06-04,Fully Vaccinated,Breathing Difficulty,Negative,No,0,None,96,Multiple,307.15,Not Infected
COVID03010,12,Male,West Bengal,Howrah,2020-06-04,Not Vaccinated,Cough,Positive,No,18,Moderate,95,Hypertension,1482.17,Recovered
COVID04670,83,Male,Tamil Nadu,Coimbatore,2020-06-04,Booster,Fever,Negative,No,0,None,96,None,404.84,Not Infected
COVID04951,85,Male,Karnataka,Mysuru,2020-06-04,Fully Vaccinated,Sore Throat,Positive,No,13,Moderate,94,None,2491.47,Recovered
COVID00962,6,Female,Tamil Nadu,Coimbatore,2020-06-04,Partially Vaccinated,Breathing Difficulty,Positive,Yes,30,Moderate,95,None,1929.67,Recovered
COVID01513,59,Female,Andhra Pradesh,Visakhapatnam,2020-06-04,Not Vaccinated,Fever,Negative,No,0,None,97,None,236.67,Not Infected
COVID02208,55,Female,Delhi,New Delhi,2020-06-05,Not Vaccinated,Breathing Difficulty,Positive,No,7,Mild,100,Hypertension,1015.65,Recovered
COVID01877,84,Male,Tamil Nadu,Coimbatore,2020-06-05,Not Vaccinated,Cough,Positive,Yes,20,Severe,100,None,3287.1,Recovered
COVID02742,46,Female,Andhra Pradesh,Visakhapatnam,2020-06-05,Partially Vaccinated,Fatigue,Negative,No,0,None,98,Asthma,19.27,Not Infected
COVID00794,44,Female,Maharashtra,Nagpur,2020-06-06,Partially Vaccinated,Cough,Positive,Yes,17,Moderate,95,Diabetes,7699.99,Recovered
COVID03788,70,Other,Maharashtra,Nagpur,2020-06-06,Fully Vaccinated,Breathing Difficulty,Negative,No,0,None,99,None,293.69,Not Infected
COVID00981,46,Female,Kerala,Kochi,2020-06-06,Fully Vaccinated,Fatigue,Negative,No,0,None,97,None,390.75,Not Infected
COVID02043,79,Female,Karnataka,Bengaluru,2020-06-06,Partially Vaccinated,None,Positive,No,17,Moderate,96,Diabetes,508.53,Recovered
COVID01024,39,Female,Andhra Pradesh,Guntur,2020-06-06,Fully Vaccinated,Sore Throat,Positive,Yes,17,Moderate,95,None,7008.17,Recovered
COVID02598,12,Female,Tamil Nadu,Madurai,2020-06-06,Booster,Fever,Negative,No,0,None,95,None,166.36,Not Infected
COVID04507,42,Male,Kerala,Kochi,2020-06-06,Booster,Fever,Positive,Yes,30,Severe,90,None,6722.44,Deceased
COVID01418,56,Female,Gujarat,Surat,2020-06-07,Fully Vaccinated,Cough,Positive,No,21,Mild,93,Diabetes,842.27,Recovered
COVID04913,11,Male,Telangana,Nizamabad,2020-06-07,Booster,Sore Throat,Positive,Yes,14,Moderate,96,Diabetes,5532.05,Recovered
COVID01632,80,Male,Tamil Nadu,Salem,2020-06-07,Not Vaccinated,Fever,Positive,Yes,25,Moderate,94,Diabetes,6725.54,Recovered
COVID02453,48,Female,Maharashtra,Nashik,2020-06-07,Not Vaccinated,Fatigue,Negative,No,0,None,97,None,123.87,Not Infected
COVID04847,64,Male,Rajasthan,Jaipur,2020-06-07,Fully Vaccinated,Fatigue,Positive,Yes,14,Moderate,99,None,2913.22,Recovered
COVID04119,7,Female,Maharashtra,Pune,2020-06-08,Fully Vaccinated,Fatigue,Positive,Yes,24,Moderate,97,Hypertension,6039.6,Recovered
COVID04884,29,Male,Telangana,Nizamabad,2020-06-08,Booster,Sore Throat,Negative,No,0,None,95,Hypertension,44.1,Not Infected
COVID01874,57,Male,Maharashtra,Mumbai,2020-06-08,Booster,None,Positive,No,5,Moderate,99,None,1877.12,Recovered
COVID04385,43,Male,Kerala,Thiruvananthapuram,2020-06-08,Not Vaccinated,Sore Throat,Positive,No,23,Mild,97,None,1275.17,Recovered
COVID03752,85,Male,Kerala,Thrissur,2020-06-08,Partially Vaccinated,Cough,Positive,Yes,23,Moderate,93,None,7615.28,Recovered
COVID00413,65,Male,Telangana,Warangal,2020-06-08,Booster,Loss of Taste/Smell,Negative,No,0,None,95,Diabetes,390.0,Not Infected
COVID00172,43,Female,Tamil Nadu,Salem,2020-06-09,Fully Vaccinated,Cough,Positive,Yes,16,Moderate,99,Hypertension,2890.88,Recovered
COVID03790,50,Female,Rajasthan,Udaipur,2020-06-09,Booster,Sore Throat,Positive,Yes,29,Moderate,95,Diabetes,7688.58,Recovered
COVID01221,58,Male,Karnataka,Mysuru,2020-06-09,Fully Vaccinated,Fever,Positive,No,24,Mild,97,Hypertension,1458.83,Recovered
COVID02251,71,Male,Rajasthan,Jaipur,2020-06-09,Fully Vaccinated,None,Positive,No,15,Mild,95,Heart Disease,2353.53,Recovered
COVID04305,25,Male,Andhra Pradesh,Vijayawada,2020-06-09,Partially Vaccinated,Fever,Positive,Yes,27,Moderate,93,Diabetes,7737.85,Recovered
COVID01742,33,Male,Maharashtra,Nagpur,2020-06-10,Not Vaccinated,Cough,Negative,No,0,None,95,None,395.49,Not Infected
COVID01646,21,Female,Delhi,Dwarka,2020-06-10,Fully Vaccinated,Fatigue,Positive,No,25,Moderate,99,None,2073.76,Recovered
COVID00582,60,Female,Gujarat,Surat,2020-06-10,Not Vaccinated,Sore Throat,Positive,Yes,24,Severe,93,Diabetes,7261.36,Recovered
COVID00523,37,Female,Kerala,Kozhikode,2020-06-11,Fully Vaccinated,Fever,Negative,No,0,None,98,None,460.49,Not Infected
COVID01323,24,Female,Maharashtra,Pune,2020-06-11,Not Vaccinated,Sore Throat,Negative,No,0,None,95,Hypertension,17.28,Not Infected
COVID03174,85,Female,Maharashtra,Pune,2020-06-11,Fully Vaccinated,Sore Throat,Positive,Yes,25,Moderate,100,None,2763.06,Recovered
COVID02090,76,Female,Karnataka,Mysuru,2020-06-11,Fully Vaccinated,Sore Throat,Negative,No,0,None,96,Diabetes,149.64,Not Infected
COVID02756,82,Female,Kerala,Thrissur,2020-06-11,Partially Vaccinated,Cough,Negative,No,0,None,95,Diabetes,147.69,Not Infected
COVID00186,65,Female,Karnataka,Mangaluru,2020-06-11,Fully Vaccinated,Fever,Negative,No,0,None,96,None,468.65,Not Infected
COVID02994,47,Female,Delhi,Dwarka,2020-06-12,Fully Vaccinated,Breathing Difficulty,Positive,Yes,25,Moderate,96,Diabetes,2669.66,Recovered
COVID00748,23,Female,Maharashtra,Mumbai,2020-06-12,Fully Vaccinated,Fatigue,Negative,No,0,None,96,Heart Disease,461.76,Not Infected
COVID04479,53,Female,Gujarat,Ahmedabad,2020-06-12,Not Vaccinated,Breathing Difficulty,Positive,No,19,Mild,99,Hypertension,881.83,Recovered
COVID02613,52,Female,Maharashtra,Nagpur,2020-06-12,Fully Vaccinated,Fever,Positive,No,13,Mild,99,None,797.47,Recovered
COVID00367,46,Female,Gujarat,Ahmedabad,2020-06-12,Partially Vaccinated,Sore Throat,Positive,Yes,13,Moderate,97,Asthma,4563.39,Recovered
COVID00484,30,Female,West Bengal,Durgapur,2020-06-12,Partially Vaccinated,Loss of Taste/Smell,Positive,No,10,Mild,94,None,1248.74,Recovered
COVID00596,65,Male,West Bengal,Durgapur,2020-06-12,Fully Vaccinated,Fatigue,Positive,No,14,Mild,96,Heart Disease,2001.39,Recovered
COVID02997,57,Male,Telangana,Warangal,2020-06-12,Fully Vaccinated,Breathing Difficulty,Negative,No,0,None,98,Asthma,441.36,Not Infected
COVID01327,50,Other,Gujarat,Surat,2020-06-12,Fully Vaccinated,Loss of Taste/Smell,Negative,No,0,None,95,Hypertension,176.82,Not Infected
COVID04724,52,Female,Tamil Nadu,Coimbatore,2020-06-13,Partially Vaccinated,Breathing Difficulty,Positive,No,23,Severe,96,Heart Disease,481.43,Recovered
COVID01975,73,Male,Rajasthan,Jodhpur,2020-06-13,Fully Vaccinated,Sore Throat,Positive,No,11,Mild,94,None,2108.39,Recovered
COVID03362,78,Male,Andhra Pradesh,Vijayawada,2020-06-14,Booster,Fatigue,Positive,No,7,Mild,97,None,962.82,Recovered
COVID00647,56,Female,Rajasthan,Udaipur,2020-06-14,Fully Vaccinated,Fatigue,Negative,No,0,None,99,None,239.64,Not Infected
COVID01370,8,Male,Telangana,Warangal,2020-06-15,Partially Vaccinated,None,Negative,No,0,None,100,Heart Disease,61.84,Not Infected
COVID03914,17,Female,West Bengal,Kolkata,2020-06-15,Partially Vaccinated,Breathing Difficulty,Positive,No,11,Mild,99,Hypertension,2139.09,Recovered
COVID00675,73,Male,Tamil Nadu,Chennai,2020-06-15,Fully Vaccinated,Loss of Taste/Smell,Negative,No,0,None,99,Multiple,27.87,Not Infected
COVID01290,70,Male,Andhra Pradesh,Vijayawada,2020-06-15,Partially Vaccinated,Fever,Negative,No,0,None,96,Hypertension,415.49,Not Infected
COVID00387,53,Male,Telangana,Hyderabad,2020-06-15,Fully Vaccinated,Loss of Taste/Smell,Positive,No,6,Mild,96,None,2130.2,Recovered
COVID03219,57,Male,West Bengal,Kolkata,2020-06-15,Fully Vaccinated,Fatigue,Positive,No,23,Mild,93,Multiple,1682.64,Recovered
COVID02252,40,Male,Karnataka,Mangaluru,2020-06-15,Booster,Cough,Positive,No,10,Mild,98,None,1157.65,Recovered
COVID03771,30,Male,Tamil Nadu,Madurai,2020-06-15,Booster,Loss of Taste/Smell,Positive,No,5,Mild,96,None,2333.42,Recovered
COVID00756,66,Female,Andhra Pradesh,Visakhapatnam,2020-06-15,Not Vaccinated,Fever,Positive,No,29,Mild,94,Multiple,504.34,Recovered
COVID01493,74,Male,Maharashtra,Nagpur,2020-06-15,Fully Vaccinated,Loss of Taste/Smell,Positive,No,7,Mild,95,Multiple,2128.86,Recovered
COVID01675,66,Female,Telangana,Warangal,2020-06-16,Fully Vaccinated,Fever,Positive,Yes,26,Severe,92,Heart Disease,6484.17,Recovered
COVID00425,85,Male,Rajasthan,Jodhpur,2020-06-16,Not Vaccinated,Sore Throat,Positive,No,26,Mild,98,None,1830.08,Recovered
COVID04383,28,Female,Andhra Pradesh,Vijayawada,2020-06-16,Fully Vaccinated,Fatigue,Negative,No,0,None,99,None,341.3,Not Infected
COVID00264,22,Female,Maharashtra,Mumbai,2020-06-16,Not Vaccinated,Fever,Negative,No,0,None,99,Diabetes,219.04,Not Infected
COVID03249,23,Male,Telangana,Nizamabad,2020-06-16,Fully Vaccinated,Sore Throat,Positive,No,18,Mild,97,None,610.77,Recovered
COVID03526,13,Female,West Bengal,Howrah,2020-06-17,Fully Vaccinated,Fatigue,Positive,No,22,Mild,97,Diabetes,942.53,Recovered
COVID03412,81,Other,Rajasthan,Udaipur,2020-06-17,Booster,Sore Throat,Positive,No,30,Mild,100,Hypertension,794.7,Recovered
COVID02560,21,Male,Rajasthan,Jodhpur,2020-06-17,Not Vaccinated,Fatigue,Positive,Yes,21,Moderate,94,Asthma,5052.63,Recovered
COVID02620,22,Male,Maharashtra,Nagpur,2020-06-17,Booster,None,Positive,No,26,Mild,95,Hypertension,1075.07,Recovered
COVID02346,60,Male,Tamil Nadu,Salem,2020-06-17,Not Vaccinated,Breathing Difficulty,Positive,No,10,Mild,94,Asthma,1062.97,Recovered
COVID01135,77,Other,Telangana,Nizamabad,2020-06-17,Fully Vaccinated,Sore Throat,Positive,Yes,7,Moderate,94,None,5254.96,Recovered
COVID04876,8,Male,Rajasthan,Jodhpur,2020-06-18,Fully Vaccinated,None,Negative,No,0,None,97,None,409.56,Not Infected
COVID02093,37,Female,Karnataka,Bengaluru,2020-06-18,Partially Vaccinated,Sore Throat,Positive,No,6,Moderate,98,Asthma,628.5,Recovered
COVID02709,63,Male,Karnataka,Bengaluru,2020-06-18,Fully Vaccinated,Fatigue,Negative,No,0,None,95,Multiple,453.55,Not Infected
COVID00420,7,Female,Delhi,Dwarka,2020-06-18,Partially Vaccinated,Breathing Difficulty,Positive,No,26,Mild,96,Multiple,2175.56,Recovered
COVID04404,16,Male,West Bengal,Kolkata,2020-06-18,Fully Vaccinated,Fever,Positive,No,21,Moderate,99,None,868.74,Recovered
COVID00818,76,Female,Gujarat,Surat,2020-06-19,Fully Vaccinated,Fever,Positive,Yes,21,Moderate,100,None,2202.44,Recovered
COVID03597,75,Female,Kerala,Thrissur,2020-06-19,Not Vaccinated,Fatigue,Negative,No,0,None,95,None,166.47,Not Infected
COVID03630,56,Male,Delhi,New Delhi,2020-06-19,Fully Vaccinated,Fatigue,Positive,Yes,39,Severe,89,Heart Disease,4936.53,Deceased
COVID00382,63,Male,Gujarat,Vadodara,2020-06-19,Fully Vaccinated,Cough,Positive,No,16,Moderate,100,None,1124.31,Recovered
COVID03241,40,Male,Delhi,New Delhi,2020-06-19,Fully Vaccinated,None,Negative,No,0,None,95,None,219.55,Not Infected
COVID00967,32,Female,Andhra Pradesh,Guntur,2020-06-20,Not Vaccinated,Fatigue,Negative,No,0,None,95,None,144.64,Not Infected
COVID03728,52,Female,Tamil Nadu,Coimbatore,2020-06-20,Fully Vaccinated,Sore Throat,Positive,No,9,Mild,93,None,841.79,Recovered
COVID03747,49,Other,West Bengal,Howrah,2020-06-20,Booster,Cough,Positive,No,19,Mild,95,None,2423.92,Recovered
COVID00116,18,Female,Telangana,Warangal,2020-06-20,Fully Vaccinated,Fever,Negative,No,0,None,96,None,173.01,Not Infected
COVID02457,20,Male,Andhra Pradesh,Visakhapatnam,2020-06-20,Fully Vaccinated,Cough,Positive,No,15,Mild,100,None,1990.02,Recovered
COVID00452,35,Male,Maharashtra,Mumbai,2020-06-21,Fully Vaccinated,Sore Throat,Positive,No,14,Mild,93,None,1173.1,Recovered
COVID02588,24,Male,Delhi,Rohini,2020-06-21,Partially Vaccinated,Fever,Negative,No,0,None,98,Heart Disease,307.68,Not Infected
COVID03422,27,Male,Telangana,Nizamabad,2020-06-21,Partially Vaccinated,Fatigue,Positive,No,17,Moderate,99,Diabetes,633.81,Recovered
COVID04987,56,Male,Telangana,Warangal,2020-06-21,Partially Vaccinated,Fever,Negative,No,0,None,98,None,288.8,Not Infected
COVID00035,9,Female,Delhi,New Delhi,2020-06-22,Fully Vaccinated,None,Positive,Yes,36,Severe,93,Asthma,2079.96,Recovered
COVID00051,20,Male,Maharashtra,Nagpur,2020-06-22,Partially Vaccinated,Fever,Positive,No,8,Mild,98,None,1791.34,Recovered
COVID04140,11,Male,Tamil Nadu,Coimbatore,2020-06-22,Fully Vaccinated,Fever,Negative,No,0,None,99,Multiple,232.43,Not Infected
COVID02383,30,Male,Telangana,Warangal,2020-06-23,Fully Vaccinated,Fever,Positive,No,5,Mild,93,None,773.42,Recovered
COVID01247,28,Male,Kerala,Thiruvananthapuram,2020-06-23,Partially Vaccinated,Sore Throat,Positive,No,28,Mild,95,None,770.03,Recovered
COVID03147,49,Other,Andhra Pradesh,Vijayawada,2020-06-23,Fully Vaccinated,Sore Throat,Positive,No,48,Critical,90,None,466.99,Recovered
COVID00781,9,Female,Delhi,New Delhi,2020-06-23,Partially Vaccinated,Fatigue,Negative,No,0,None,97,Heart Disease,66.49,Not Infected
COVID00278,14,Female,Maharashtra,Mumbai,2020-06-23,Not Vaccinated,None,Positive,No,29,Mild,99,Asthma,1549.83,Recovered
COVID03116,27,Male,Rajasthan,Jaipur,2020-06-23,Booster,None,Positive,No,24,Mild,95,None,1996.78,Recovered
COVID00970,28,Male,Telangana,Hyderabad,2020-06-24,Fully Vaccinated,Loss of Taste/Smell,Negative,No,0,None,98,None,201.05,Not Infected
COVID04157,48,Female,Andhra Pradesh,Vijayawada,2020-06-24,Fully Vaccinated,None,Positive,Yes,12,Severe,98,None,3484.1,Deceased
COVID04080,51,Male,Tamil Nadu,Salem,2020-06-24,Partially Vaccinated,Fatigue,Positive,Yes,10,Moderate,95,Hypertension,7494.34,Recovered
COVID04633,68,Female,Maharashtra,Nashik,2020-06-24,Fully Vaccinated,Fatigue,Positive,Yes,33,Severe,99,None,3233.44,Recovered
COVID02044,41,Female,Andhra Pradesh,Guntur,2020-06-24,Partially Vaccinated,Cough,Positive,Yes,16,Moderate,97,Hypertension,2428.75,Recovered
COVID00543,27,Male,Gujarat,Vadodara,2020-06-24,Partially Vaccinated,Fever,Positive,No,27,Mild,100,Diabetes,892.29,Recovered
COVID01324,78,Female,Karnataka,Mysuru,2020-06-24,Fully Vaccinated,Breathing Difficulty,Positive,No,25,Mild,97,Heart Disease,355.02,Recovered
COVID04661,63,Male,Tamil Nadu,Salem,2020-06-25,Not Vaccinated,Fatigue,Positive,No,24,Severe,97,None,2119.28,Recovered
COVID03847,8,Male,West Bengal,Kolkata,2020-06-25,Not Vaccinated,Loss of Taste/Smell,Positive,Yes,34,Critical,99,None,1988.24,Recovered
COVID01602,7,Female,Gujarat,Surat,2020-06-25,Booster,Breathing Difficulty,Positive,Yes,26,Critical,100,Hypertension,4561.63,Recovered
COVID04754,72,Female,West Bengal,Howrah,2020-06-25,Not Vaccinated,Loss of Taste/Smell,Negative,No,0,None,96,None,73.16,Not Infected
COVID02007,46,Female,Gujarat,Surat,2020-06-25,Fully Vaccinated,Fatigue,Positive,No,15,Mild,100,Hypertension,875.07,Deceased
COVID00828,54,Male,Gujarat,Vadodara,2020-06-25,Fully Vaccinated,None,Positive,No,27,Mild,99,Asthma,1648.2,Recovered
COVID03714,20,Male,Rajasthan,Jaipur,2020-06-26,Fully Vaccinated,Fever,Positive,No,20,Mild,93,None,1051.71,Recovered
COVID00856,47,Male,Tamil Nadu,Salem,2020-06-26,Fully Vaccinated,Fever,Negative,No,0,None,97,Hypertension,446.85,Not Infected
COVID00591,7,Male,Telangana,Nizamabad,2020-06-26,Fully Vaccinated,Fatigue,Negative,No,0,None,96,None,92.8,Not Infected
COVID01057,45,Female,Kerala,Kochi,2020-06-27,Fully Vaccinated,Fever,Positive,Yes,29,Severe,91,None,2633.27,Deceased
COVID02721,50,Female,West Bengal,Durgapur,2020-06-27,Booster,Sore Throat,Positive,No,30,Mild,97,None,821.61,Recovered
COVID00190,55,Female,Delhi,Dwarka,2020-06-27,Fully Vaccinated,Cough,Negative,No,0,None,98,None,103.05,Not Infected
COVID01500,85,Male,Telangana,Nizamabad,2020-06-28,Partially Vaccinated,Fatigue,Positive,Yes,13,Moderate,100,Hypertension,7506.76,Deceased
COVID01957,29,Female,West Bengal,Kolkata,2020-06-28,Not Vaccinated,Fever,Negative,No,0,None,97,Diabetes,82.11,Not Infected
COVID01096,7,Male,Maharashtra,Mumbai,2020-06-28,Partially Vaccinated,None,Positive,Yes,26,Moderate,96,None,2031.44,Recovered
COVID03409,37,Male,Gujarat,Ahmedabad,2020-06-28,Booster,Sore Throat,Positive,No,17,Mild,96,None,1256.79,Recovered
COVID00532,82,Male,Rajasthan,Udaipur,2020-06-28,Fully Vaccinated,Loss of Taste/Smell,Positive,No,24,Mild,93,None,871.54,Recovered
COVID04846,58,Male,Maharashtra,Mumbai,2020-06-29,Fully Vaccinated,Fatigue,Negative,No,0,None,95,None,22.08,Not Infected
COVID03798,41,Male,Maharashtra,Nagpur,2020-06-29,Fully Vaccinated,Fatigue,Positive,No,14,Mild,95,Heart Disease,2351.08,Recovered
COVID00683,37,Female,Delhi,Rohini,2020-06-30,Not Vaccinated,Fatigue,Positive,Yes,30,Moderate,100,Heart Disease,3965.34,Recovered
COVID03677,52,Male,Telangana,Nizamabad,2020-06-30,Fully Vaccinated,Cough,Negative,No,0,None,98,None,421.0,Not Infected
COVID03496,84,Female,Kerala,Kochi,2020-06-30,Not Vaccinated,Breathing Difficulty,Positive,No,11,Mild,94,None,2021.59,Recovered
COVID01248,43,Male,Maharashtra,Pune,2020-07-01,Fully Vaccinated,Fever,Negative,No,0,None,96,None,399.77,Not Infected
COVID02456,29,Female,Maharashtra,Nashik,2020-07-01,Fully Vaccinated,Fever,Positive,No,22,Mild,93,None,2073.77,Recovered
COVID01960,53,Male,Gujarat,Vadodara,2020-07-01,Partially Vaccinated,Sore Throat,Positive,No,26,Mild,99,None,1205.08,Deceased
COVID04312,18,Male,Rajasthan,Jaipur,2020-07-01,Booster,None,Positive,No,29,Mild,100,None,1660.95,Recovered
COVID04241,57,Male,Rajasthan,Udaipur,2020-07-01,Booster,Fatigue,Positive,No,28,Mild,97,None,1193.61,Recovered
COVID03040,13,Female,Maharashtra,Nashik,2020-07-01,Fully Vaccinated,Fatigue,Negative,No,0,None,96,None,90.31,Not Infected
COVID03020,54,Male,Rajasthan,Jaipur,2020-07-02,Booster,Cough,Positive,Yes,17,Moderate,100,Heart Disease,6396.56,Recovered
COVID00297,21,Male,Telangana,Nizamabad,2020-07-02,Fully Vaccinated,Fatigue,Positive,No,20,Severe,88,Heart Disease,1889.65,Deceased
COVID02824,37,Female,Telangana,Warangal,2020-07-03,Fully Vaccinated,Fever,Positive,No,5,Moderate,99,Asthma,2341.18,Recovered
COVID03755,60,Female,Tamil Nadu,Salem,2020-07-03,Fully Vaccinated,Cough,Negative,No,0,None,98,Diabetes,219.84,Not Infected
COVID03537,12,Female,Maharashtra,Mumbai,2020-07-03,Partially Vaccinated,Cough,Negative,No,0,None,96,Asthma,492.7,Not Infected
COVID00754,68,Female,Andhra Pradesh,Visakhapatnam,2020-07-03,Not Vaccinated,Breathing Difficulty,Positive,Yes,11,Moderate,97,None,6947.57,Recovered
COVID00272,55,Female,Gujarat,Ahmedabad,2020-07-03,Fully Vaccinated,Sore Throat,Positive,No,11,Mild,97,Multiple,2303.34,Recovered
COVID03244,64,Female,Delhi,New Delhi,2020-07-04,Partially Vaccinated,Cough,Negative,No,0,None,98,None,305.0,Not Infected
COVID04111,81,Female,Maharashtra,Nagpur,2020-07-04,Partially Vaccinated,Sore Throat,Negative,No,0,None,96,None,225.57,Not Infected
COVID00880,81,Other,Maharashtra,Nashik,2020-07-04,Partially Vaccinated,Fever,Positive,No,27,Mild,98,None,1267.8,Recovered
COVID04145,23,Female,Rajasthan,Udaipur,2020-07-04,Partially Vaccinated,Cough,Positive,Yes,27,Moderate,100,None,2578.56,Recovered
COVID03118,51,Male,Telangana,Hyderabad,2020-07-04,Fully Vaccinated,Fever,Positive,No,30,Mild,100,None,2266.28,Recovered
COVID01094,51,Male,Karnataka,Hubballi,2020-07-04,Partially Vaccinated,Breathing Difficulty,Negative,No,0,None,97,None,413.03,Not Infected
COVID01861,60,Male,West Bengal,Kolkata,2020-07-04,Fully Vaccinated,Loss of Taste/Smell,Positive,Yes,30,Moderate,97,None,5150.75,Recovered
COVID04779,78,Female,Rajasthan,Jodhpur,2020-07-04,Fully Vaccinated,None,Positive,No,42,Critical,99,Hypertension,2196.87,Deceased
COVID02841,58,Male,Telangana,Hyderabad,2020-07-04,Not Vaccinated,Loss of Taste/Smell,Positive,Yes,39,Severe,91,None,5117.18,Deceased
COVID01346,37,Female,Karnataka,Mangaluru,2020-07-04,Fully Vaccinated,None,Positive,No,15,Mild,94,None,2375.05,Recovered
COVID03388,12,Male,Andhra Pradesh,Visakhapatnam,2020-07-05,Fully Vaccinated,Fatigue,Positive,No,5,Mild,99,None,1989.69,Recovered
COVID00500,79,Male,Maharashtra,Nagpur,2020-07-05,Fully Vaccinated,None,Positive,No,21,Mild,94,None,1151.76,Recovered
COVID04954,14,Female,Telangana,Nizamabad,2020-07-05,Partially Vaccinated,Fever,Negative,No,0,None,97,None,159.69,Not Infected
COVID01371,51,Male,West Bengal,Durgapur,2020-07-06,Partially Vaccinated,Loss of Taste/Smell,Negative,No,0,None,97,None,81.72,Not Infected
COVID04662,73,Male,West Bengal,Kolkata,2020-07-06,Fully Vaccinated,None,Positive,No,17,Mild,97,None,1346.64,Deceased
COVID03566,49,Male,Karnataka,Bengaluru,2020-07-06,Partially Vaccinated,None,Positive,No,9,Mild,95,None,1650.65,Recovered
COVID04024,64,Female,Telangana,Warangal,2020-07-06,Fully Vaccinated,Loss of Taste/Smell,Positive,No,6,Moderate,94,Hypertension,1614.76,Recovered
COVID03163,13,Female,Kerala,Thiruvananthapuram,2020-07-06,Partially Vaccinated,None,Positive,No,38,Severe,97,Multiple,2234.4,Recovered
COVID02786,30,Male,Telangana,Hyderabad,2020-07-07,Not Vaccinated,Fatigue,Positive,No,16,Mild,93,Diabetes,1290.98,Deceased
COVID01262,11,Female,West Bengal,Kolkata,2020-07-07,Partially Vaccinated,Cough,Positive,Yes,7,Moderate,98,None,3686.9,Recovered
COVID01988,53,Female,Telangana,Warangal,2020-07-07,Fully Vaccinated,Fever,Positive,No,25,Mild,93,Hypertension,581.93,Recovered
COVID04885,72,Female,Delhi,Rohini,2020-07-07,Not Vaccinated,Fatigue,Negative,No,0,None,100,None,395.12,Not Infected
COVID02440,45,Female,Delhi,New Delhi,2020-07-07,Not Vaccinated,Fever,Positive,No,26,Mild,98,None,2348.91,Recovered
COVID01827,36,Female,Tamil Nadu,Coimbatore,2020-07-07,Partially Vaccinated,Fever,Positive,No,11,Mild,96,None,1286.94,Recovered
COVID02481,44,Female,West Bengal,Durgapur,2020-07-07,Not Vaccinated,None,Negative,No,0,None,97,None,282.58,Not Infected
COVID00739,35,Female,Kerala,Kozhikode,2020-07-08,Fully Vaccinated,Breathing Difficulty,Positive,No,23,Mild,97,Multiple,1550.88,Recovered
COVID02701,43,Male,Delhi,New Delhi,2020-07-08,Booster,None,Positive,Yes,37,Severe,94,None,2460.26,Recovered
COVID02382,75,Male,Tamil Nadu,Chennai,2020-07-08,Fully Vaccinated,Fever,Positive,No,20,Mild,94,None,1439.61,Recovered
COVID00896,75,Male,Tamil Nadu,Coimbatore,2020-07-08,Partially Vaccinated,Fever,Positive,No,12,Mild,98,None,627.33,Recovered
COVID02860,15,Female,West Bengal,Howrah,2020-07-09,Partially Vaccinated,Cough,Positive,Yes,7,Moderate,97,None,6555.12,Recovered
COVID00094,5,Female,Rajasthan,Jodhpur,2020-07-09,Not Vaccinated,Cough,Positive,Yes,12,Moderate,94,Diabetes,7367.23,Recovered
COVID02831,74,Female,Karnataka,Mysuru,2020-07-10,Fully Vaccinated,None,Negative,No,0,None,97,None,304.37,Not Infected
COVID00276,60,Male,Tamil Nadu,Salem,2020-07-10,Fully Vaccinated,Fever,Positive,Yes,37,Severe,94,None,4477.23,Recovered
COVID03408,48,Male,Kerala,Thrissur,2020-07-10,Not Vaccinated,None,Positive,No,13,Mild,94,Hypertension,934.22,Recovered
COVID01621,12,Male,Andhra Pradesh,Visakhapatnam,2020-07-10,Fully Vaccinated,Fatigue,Negative,No,0,None,97,Hypertension,125.02,Not Infected
COVID03942,82,Male,Maharashtra,Pune,2020-07-11,Not Vaccinated,Fever,Negative,No,0,None,96,Hypertension,445.93,Not Infected
COVID03359,70,Male,Karnataka,Mysuru,2020-07-11,Fully Vaccinated,Cough,Positive,Yes,20,Moderate,95,None,2259.56,Recovered
COVID00634,74,Female,Karnataka,Mangaluru,2020-07-11,Not Vaccinated,None,Negative,No,0,None,98,Diabetes,438.93,Not Infected
COVID01559,60,Female,Karnataka,Mangaluru,2020-07-11,Fully Vaccinated,Loss of Taste/Smell,Positive,No,21,Mild,95,None,1386.91,Recovered
COVID02176,6,Female,Maharashtra,Mumbai,2020-07-11,Not Vaccinated,Cough,Positive,Yes,21,Moderate,95,None,2500.88,Recovered
COVID03495,22,Female,Kerala,Thrissur,2020-07-12,Not Vaccinated,Fever,Positive,Yes,20,Severe,88,None,7727.62,Recovered
COVID01391,46,Female,Telangana,Warangal,2020-07-12,Fully Vaccinated,Sore Throat,Positive,No,11,Moderate,100,None,660.52,Recovered
COVID02714,72,Female,Kerala,Thiruvananthapuram,2020-07-12,Fully Vaccinated,Cough,Positive,No,15,Mild,97,None,2437.12,Recovered
COVID01239,42,Male,Gujarat,Ahmedabad,2020-07-12,Fully Vaccinated,Cough,Positive,Yes,24,Moderate,96,None,2155.53,Recovered
COVID01600,19,Male,Andhra Pradesh,Vijayawada,2020-07-12,Fully Vaccinated,Fever,Negative,No,0,None,96,None,433.13,Not Infected
COVID01785,28,Female,Telangana,Hyderabad,2020-07-12,Booster,Breathing Difficulty,Positive,Yes,20,Severe,92,Asthma,7802.27,Recovered
COVID02759,44,Male,Delhi,Dwarka,2020-07-12,Fully Vaccinated,Loss of Taste/Smell,Positive,No,10,Moderate,98,None,1623.05,Recovered
COVID01161,31,Female,West Bengal,Howrah,2020-07-12,Booster,Fever,Negative,No,0,None,98,Diabetes,284.92,Not Infected
COVID03266,25,Male,Rajasthan,Udaipur,2020-07-12,Fully Vaccinated,None,Positive,No,8,Mild,96,None,1867.96,Recovered
COVID04228,16,Female,Rajasthan,Udaipur,2020-07-13,Fully Vaccinated,Sore Throat,Positive,No,21,Mild,94,None,1890.6,Recovered
COVID01637,82,Female,Andhra Pradesh,Visakhapatnam,2020-07-13,Partially Vaccinated,Breathing Difficulty,Positive,No,11,Mild,93,None,945.82,Recovered
COVID01168,19,Female,Gujarat,Ahmedabad,2020-07-13,Partially Vaccinated,Cough,Positive,No,20,Mild,95,None,2311.44,Recovered
COVID02212,64,Male,Telangana,Warangal,2020-07-14,Not Vaccinated,Fever,Positive,Yes,32,Severe,89,Diabetes,5270.62,Recovered
COVID03580,77,Male,Maharashtra,Nagpur,2020-07-14,Booster,Loss of Taste/Smell,Positive,Yes,16,Moderate,93,Heart Disease,5842.2,Recovered
COVID03107,41,Male,Kerala,Kochi,2020-07-14,Partially Vaccinated,Breathing Difficulty,Positive,No,9,Mild,98,None,2497.43,Recovered
COVID04026,31,Male,Rajasthan,Jaipur,2020-07-15,Fully Vaccinated,Fatigue,Positive,No,15,Mild,93,Asthma,422.05,Recovered
COVID04931,83,Male,West Bengal,Kolkata,2020-07-15,Not Vaccinated,Fever,Positive,No,11,Mild,95,Diabetes,1024.37,Recovered
COVID04417,18,Male,Telangana,Warangal,2020-07-15,Partially Vaccinated,Cough,Positive,No,8,Mild,99,None,2085.11,Recovered
COVID00895,71,Male,West Bengal,Durgapur,2020-07-15,Booster,None,Negative,No,0,None,100,None,377.69,Not Infected
COVID00666,11,Female,Telangana,Hyderabad,2020-07-16,Fully Vaccinated,Fever,Negative,No,0,None,96,None,423.05,Not Infected
COVID01033,64,Female,West Bengal,Durgapur,2020-07-16,Not Vaccinated,Fever,Positive,Yes,28,Moderate,99,None,4882.58,Recovered
COVID03916,70,Female,Tamil Nadu,Coimbatore,2020-07-16,Fully Vaccinated,None,Positive,No,20,Moderate,99,Hypertension,1583.65,Recovered
COVID03906,59,Male,Telangana,Hyderabad,2020-07-16,Partially Vaccinated,Fever,Positive,No,14,Mild,98,Diabetes,1239.7,Recovered
COVID01395,13,Female,West Bengal,Howrah,2020-07-16,Partially Vaccinated,Fever,Negative,No,0,None,98,None,65.83,Not Infected
COVID03647,25,Male,Kerala,Kochi,2020-07-17,Partially Vaccinated,Cough,Positive,No,23,Mild,93,Multiple,789.94,Recovered
COVID04695,44,Female,Rajasthan,Jodhpur,2020-07-18,Fully Vaccinated,Cough,Positive,Yes,29,Moderate,97,Multiple,1962.43,Recovered
COVID00931,58,Female,Gujarat,Vadodara,2020-07-18,Booster,Sore Throat,Positive,No,15,Mild,93,None,2142.67,Deceased
COVID01482,63,Female,Karnataka,Mangaluru,2020-07-18,Fully Vaccinated,Fatigue,Negative,No,0,None,95,None,124.68,Not Infected
COVID04443,55,Female,Delhi,Rohini,2020-07-18,Fully Vaccinated,Sore Throat,Positive,No,5,Mild,100,None,904.48,Recovered
COVID03233,52,Female,Karnataka,Hubballi,2020-07-19,Not Vaccinated,Fatigue,Positive,Yes,11,Moderate,99,Diabetes,7716.83,Recovered
COVID01565,52,Male,Karnataka,Hubballi,2020-07-19,Fully Vaccinated,Breathing Difficulty,Positive,Yes,36,Severe,98,Multiple,2224.35,Deceased
COVID01269,73,Female,Karnataka,Mysuru,2020-07-19,Fully Vaccinated,Cough,Positive,Yes,17,Moderate,100,None,2060.53,Deceased
COVID04032,43,Male,Maharashtra,Nashik,2020-07-19,Fully Vaccinated,Fatigue,Positive,Yes,29,Moderate,94,None,5109.91,Recovered
COVID04863,56,Female,Karnataka,Bengaluru,2020-07-19,Fully Vaccinated,Sore Throat,Negative,No,0,None,100,Hypertension,21.62,Not Infected
COVID03768,30,Female,Maharashtra,Nagpur,2020-07-20,Booster,Sore Throat,Positive,Yes,28,Severe,89,None,6882.24,Recovered
COVID00130,69,Female,Delhi,Dwarka,2020-07-20,Booster,Fever,Negative,No,0,None,100,None,71.44,Not Infected
COVID02582,56,Female,Telangana,Warangal,2020-07-20,Booster,Sore Throat,Positive,Yes,13,Moderate,94,Asthma,4547.02,Recovered
COVID02529,21,Female,Rajasthan,Jodhpur,2020-07-20,Fully Vaccinated,Loss of Taste/Smell,Positive,Yes,7,Moderate,98,Multiple,5975.59,Recovered
COVID04996,17,Male,Delhi,New Delhi,2020-07-21,Partially Vaccinated,Loss of Taste/Smell,Positive,No,20,Mild,97,Diabetes,1299.31,Recovered
COVID00288,52,Male,Telangana,Warangal,2020-07-21,Fully Vaccinated,Fatigue,Positive,No,7,Mild,99,None,654.03,Recovered
COVID01036,11,Female,Rajasthan,Jaipur,2020-07-21,Fully Vaccinated,Cough,Negative,No,0,None,95,None,445.42,Not Infected
COVID02488,84,Other,Maharashtra,Nagpur,2020-07-21,Fully Vaccinated,None,Positive,No,7,Mild,98,Diabetes,1834.28,Recovered
COVID04164,79,Male,Maharashtra,Nashik,2020-07-21,Fully Vaccinated,Fatigue,Positive,No,18,Mild,93,None,878.53,Recovered
COVID00929,64,Female,Gujarat,Vadodara,2020-07-21,Partially Vaccinated,Sore Throat,Positive,Yes,18,Severe,99,None,2901.52,Recovered
COVID00747,64,Male,Rajasthan,Jaipur,2020-07-22,Fully Vaccinated,Breathing Difficulty,Negative,No,0,None,100,Multiple,118.47,Not Infected
COVID01397,77,Female,West Bengal,Kolkata,2020-07-22,Fully Vaccinated,Cough,Positive,No,14,Mild,95,None,1258.58,Recovered
COVID04047,52,Male,Delhi,Rohini,2020-07-23,Fully Vaccinated,Fatigue,Positive,No,18,Mild,98,Hypertension,2281.19,Recovered
COVID03341,43,Female,Maharashtra,Pune,2020-07-23,Not Vaccinated,Loss of Taste/Smell,Positive,Yes,26,Moderate,95,Hypertension,2639.97,Deceased
COVID01802,41,Male,Delhi,Dwarka,2020-07-23,Not Vaccinated,Cough,Negative,No,0,None,97,None,357.98,Not Infected
COVID02858,10,Female,Gujarat,Surat,2020-07-23,Fully Vaccinated,Fatigue,Negative,No,0,None,95,Asthma,113.4,Not Infected
COVID04368,57,Female,Karnataka,Mangaluru,2020-07-23,Not Vaccinated,Cough,Positive,No,25,Mild,98,None,841.7,Recovered
COVID04505,16,Male,Delhi,Dwarka,2020-07-24,Booster,None,Negative,No,0,None,96,Hypertension,190.91,Not Infected
COVID02822,73,Female,Kerala,Kozhikode,2020-07-24,Not Vaccinated,Sore Throat,Positive,No,30,Moderate,93,None,1556.05,Recovered
COVID04397,75,Male,Kerala,Thiruvananthapuram,2020-07-24,Not Vaccinated,Cough,Negative,No,0,None,100,Hypertension,309.16,Not Infected
COVID03351,52,Female,Karnataka,Hubballi,2020-07-24,Not Vaccinated,Fatigue,Positive,Yes,15,Severe,88,None,2890.64,Recovered
COVID02686,54,Male,Telangana,Hyderabad,2020-07-24,Partially Vaccinated,Breathing Difficulty,Positive,No,36,Severe,89,None,2454.41,Recovered
COVID04844,69,Female,Kerala,Thrissur,2020-07-24,Not Vaccinated,Sore Throat,Negative,No,0,None,95,Hypertension,489.16,Not Infected
COVID02292,39,Female,Telangana,Hyderabad,2020-07-24,Not Vaccinated,None,Positive,Yes,12,Moderate,93,Hypertension,6311.96,Recovered
COVID02151,78,Female,Kerala,Thrissur,2020-07-24,Not Vaccinated,Fatigue,Negative,No,0,None,97,None,376.38,Not Infected
COVID04370,63,Female,Karnataka,Mangaluru,2020-07-24,Fully Vaccinated,Fever,Negative,No,0,None,95,Heart Disease,322.07,Not Infected
COVID01844,49,Male,Andhra Pradesh,Vijayawada,2020-07-25,Partially Vaccinated,None,Positive,Yes,9,Moderate,96,Diabetes,6598.2,Recovered
COVID04274,18,Male,Telangana,Hyderabad,2020-07-25,Partially Vaccinated,Loss of Taste/Smell,Positive,Yes,13,Moderate,94,None,1959.67,Recovered
COVID01152,15,Female,Rajasthan,Jaipur,2020-07-25,Partially Vaccinated,Sore Throat,Positive,No,27,Mild,99,None,1638.26,Recovered
COVID03317,43,Male,Gujarat,Vadodara,2020-07-25,Not Vaccinated,Fever,Positive,No,23,Mild,96,None,2333.57,Recovered
COVID02470,56,Female,Kerala,Thrissur,2020-07-25,Fully Vaccinated,Fever,Negative,No,0,None,100,Hypertension,451.15,Not Infected
COVID01474,10,Female,Rajasthan,Udaipur,2020-07-25,Partially Vaccinated,Cough,Positive,No,6,Moderate,99,None,1709.87,Recovered
COVID02246,85,Female,West Bengal,Durgapur,2020-07-25,Fully Vaccinated,None,Positive,Yes,18,Moderate,98,None,4641.09,Recovered
COVID00155,67,Male,West Bengal,Howrah,2020-07-25,Not Vaccinated,None,Positive,No,28,Mild,93,None,1708.91,Deceased
COVID04619,61,Female,Gujarat,Vadodara,2020-07-25,Partially Vaccinated,Cough,Positive,No,32,Critical,96,None,1067.88,Recovered
COVID01215,74,Other,Delhi,New Delhi,2020-07-25,Not Vaccinated,Fever,Positive,No,7,Moderate,99,Hypertension,1407.71,Recovered
COVID04007,8,Female,West Bengal,Kolkata,2020-07-26,Partially Vaccinated,Sore Throat,Negative,No,0,None,98,Diabetes,482.05,Not Infected
COVID02455,41,Female,Tamil Nadu,Chennai,2020-07-26,Booster,Fever,Positive,No,9,Mild,98,Hypertension,600.86,Recovered
COVID01605,7,Other,West Bengal,Kolkata,2020-07-26,Booster,Fatigue,Negative,No,0,None,95,Hypertension,309.45,Not Infected
COVID02105,61,Female,Maharashtra,Pune,2020-07-27,Partially Vaccinated,None,Positive,No,25,Mild,95,Asthma,826.58,Deceased
COVID03645,83,Female,Delhi,Dwarka,2020-07-27,Fully Vaccinated,None,Positive,No,9,Mild,97,Hypertension,475.31,Deceased
COVID01603,41,Male,West Bengal,Kolkata,2020-07-27,Fully Vaccinated,Fever,Negative,No,0,None,96,None,31.13,Not Infected
COVID03466,17,Male,Karnataka,Mysuru,2020-07-27,Fully Vaccinated,Sore Throat,Negative,No,0,None,97,None,302.91,Not Infected
COVID00421,47,Female,Kerala,Kozhikode,2020-07-27,Fully Vaccinated,Sore Throat,Negative,No,0,None,97,None,324.45,Not Infected
COVID00315,32,Female,Andhra Pradesh,Guntur,2020-07-28,Partially Vaccinated,Cough,Negative,No,0,None,98,None,47.39,Not Infected
COVID00073,37,Male,Karnataka,Mangaluru,2020-07-28,Not Vaccinated,Breathing Difficulty,Positive,No,12,Mild,98,Diabetes,1171.87,Recovered
COVID00684,76,Female,Rajasthan,Jaipur,2020-07-28,Not Vaccinated,Breathing Difficulty,Positive,Yes,13,Moderate,99,None,7730.29,Recovered
COVID00504,6,Female,Kerala,Kozhikode,2020-07-28,Fully Vaccinated,Sore Throat,Negative,No,0,None,98,None,384.53,Not Infected
COVID04079,55,Female,Delhi,New Delhi,2020-07-28,Partially Vaccinated,Sore Throat,Positive,No,28,Mild,100,Asthma,2273.7,Recovered
COVID04730,84,Female,Andhra Pradesh,Vijayawada,2020-07-29,Fully Vaccinated,Fever,Negative,No,0,None,100,None,279.25,Not Infected
COVID04677,81,Male,Karnataka,Mangaluru,2020-07-29,Not Vaccinated,Sore Throat,Positive,No,14,Mild,100,Multiple,506.67,Recovered
COVID00922,51,Female,Rajasthan,Jodhpur,2020-07-29,Fully Vaccinated,Sore Throat,Positive,Yes,22,Critical,89,None,5621.78,Recovered
COVID04537,31,Male,Maharashtra,Pune,2020-07-29,Fully Vaccinated,Loss of Taste/Smell,Negative,No,0,None,96,None,208.6,Not Infected
COVID02279,77,Male,Tamil Nadu,Coimbatore,2020-07-29,Fully Vaccinated,Fatigue,Positive,Yes,36,Severe,89,Multiple,3557.91,Deceased
COVID00960,76,Male,Andhra Pradesh,Vijayawada,2020-07-30,Fully Vaccinated,Fatigue,Positive,Yes,20,Moderate,97,None,5115.72,Recovered
COVID02031,38,Female,Gujarat,Ahmedabad,2020-07-30,Not Vaccinated,None,Negative,No,0,None,97,None,5.15,Not Infected
COVID01629,67,Male,Karnataka,Hubballi,2020-07-30,Booster,Fatigue,Positive,Yes,13,Moderate,94,None,2568.53,Recovered
COVID02897,73,Male,Rajasthan,Udaipur,2020-07-30,Partially Vaccinated,Fever,Positive,No,9,Mild,100,Asthma,2119.92,Recovered
COVID03302,44,Male,Andhra Pradesh,Vijayawada,2020-07-31,Fully Vaccinated,Fatigue,Negative,No,0,None,100,None,471.78,Not Infected
COVID04583,10,Female,Telangana,Warangal,2020-07-31,Fully Vaccinated,Fatigue,Negative,No,0,None,99,None,86.16,Not Infected
COVID01512,23,Female,Tamil Nadu,Chennai,2020-07-31,Fully Vaccinated,Cough,Positive,No,9,Mild,98,None,1522.47,Recovered
COVID00687,25,Female,Andhra Pradesh,Vijayawada,2020-07-31,Not Vaccinated,Fatigue,Negative,No,0,None,97,Heart Disease,383.72,Not Infected
COVID04193,81,Female,Rajasthan,Jaipur,2020-07-31,Fully Vaccinated,Sore Throat,Positive,No,27,Mild,93,Asthma,1766.86,Recovered
COVID01235,23,Male,Maharashtra,Pune,2020-08-01,Fully Vaccinated,Fever,Positive,Yes,17,Moderate,98,Multiple,5057.62,Recovered
COVID00699,82,Male,Karnataka,Bengaluru,2020-08-01,Fully Vaccinated,Cough,Negative,No,0,None,99,Asthma,172.35,Not Infected
COVID02155,32,Female,Karnataka,Mangaluru,2020-08-01,Fully Vaccinated,Fatigue,Negative,No,0,None,99,None,436.24,Not Infected
COVID03248,44,Male,Delhi,Rohini,2020-08-02,Booster,Cough,Negative,No,0,None,99,None,22.57,Not Infected
COVID02450,16,Male,Gujarat,Vadodara,2020-08-02,Fully Vaccinated,Cough,Positive,Yes,22,Moderate,94,Diabetes,6753.24,Recovered
COVID00182,72,Male,Telangana,Hyderabad,2020-08-02,Booster,Breathing Difficulty,Negative,No,0,None,95,None,449.86,Not Infected
COVID00679,8,Female,Tamil Nadu,Madurai,2020-08-02,Fully Vaccinated,Fever,Positive,No,6,Mild,97,Diabetes,1886.47,Recovered
COVID00920,18,Female,Telangana,Hyderabad,2020-08-02,Partially Vaccinated,Fatigue,Positive,No,15,Mild,94,Multiple,1163.57,Recovered
COVID04790,21,Male,Telangana,Hyderabad,2020-08-03,Not Vaccinated,Fever,Positive,No,27,Mild,96,Hypertension,2312.12,Recovered
COVID04725,66,Male,Kerala,Thrissur,2020-08-03,Not Vaccinated,Fever,Negative,No,0,None,98,Hypertension,28.03,Not Infected
COVID01029,74,Male,Delhi,Rohini,2020-08-03,Fully Vaccinated,Fever,Positive,No,19,Mild,94,Diabetes,1664.2,Recovered
COVID00533,57,Female,Telangana,Warangal,2020-08-03,Partially Vaccinated,None,Positive,No,13,Mild,94,Diabetes,1842.87,Recovered
COVID01951,12,Male,West Bengal,Howrah,2020-08-04,Not Vaccinated,Breathing Difficulty,Negative,No,0,None,95,Asthma,47.19,Not Infected
COVID00853,56,Female,Kerala,Kozhikode,2020-08-04,Partially Vaccinated,Sore Throat,Positive,No,26,Mild,100,None,968.37,Recovered
COVID03265,16,Female,Rajasthan,Jaipur,2020-08-04,Fully Vaccinated,Fever,Negative,No,0,None,97,None,27.2,Not Infected
COVID03702,81,Female,Andhra Pradesh,Visakhapatnam,2020-08-04,Not Vaccinated,Fatigue,Negative,No,0,None,98,None,49.21,Not Infected
COVID02263,25,Female,Delhi,Dwarka,2020-08-05,Booster,Cough,Positive,No,7,Mild,99,Asthma,1102.75,Recovered
COVID02675,46,Male,Delhi,Dwarka,2020-08-05,Fully Vaccinated,Fatigue,Negative,No,0,None,97,Multiple,361.0,Not Infected
COVID00594,33,Female,Maharashtra,Nagpur,2020-08-06,Fully Vaccinated,Cough,Positive,No,5,Mild,99,Multiple,2404.14,Recovered
COVID04857,35,Male,Rajasthan,Jodhpur,2020-08-06,Not Vaccinated,None,Negative,No,0,None,100,Asthma,33.09,Not Infected
COVID01588,63,Female,Gujarat,Vadodara,2020-08-07,Not Vaccinated,Cough,Negative,No,0,None,95,None,447.61,Not Infected
COVID00176,71,Male,Tamil Nadu,Madurai,2020-08-07,Fully Vaccinated,Sore Throat,Positive,No,24,Mild,97,None,2280.35,Recovered
COVID03783,70,Male,Telangana,Hyderabad,2020-08-07,Booster,Sore Throat,Negative,No,0,None,97,Asthma,431.55,Not Infected
COVID00496,42,Female,Tamil Nadu,Madurai,2020-08-07,Fully Vaccinated,Sore Throat,Positive,No,18,Moderate,98,Multiple,995.31,Recovered
COVID04384,63,Female,Karnataka,Mysuru,2020-08-07,Fully Vaccinated,Cough,Positive,No,9,Mild,93,None,468.69,Recovered
COVID01477,74,Male,Delhi,Dwarka,2020-08-07,Booster,Sore Throat,Positive,No,23,Mild,93,Asthma,1844.92,Recovered
COVID02465,17,Female,Delhi,New Delhi,2020-08-07,Fully Vaccinated,Sore Throat,Positive,No,19,Mild,97,Hypertension,2476.63,Recovered
COVID00459,84,Male,Karnataka,Mysuru,2020-08-08,Fully Vaccinated,Fever,Positive,No,26,Mild,94,None,1349.02,Deceased
COVID02394,39,Female,Delhi,New Delhi,2020-08-08,Fully Vaccinated,Loss of Taste/Smell,Positive,No,7,Mild,97,Heart Disease,1293.52,Recovered
COVID03173,58,Male,Gujarat,Surat,2020-08-08,Partially Vaccinated,Cough,Positive,No,8,Mild,99,None,1473.67,Recovered
COVID02631,74,Female,Gujarat,Surat,2020-08-09,Fully Vaccinated,None,Positive,Yes,26,Moderate,97,Hypertension,6759.16,Recovered
COVID01984,27,Female,Delhi,Dwarka,2020-08-09,Partially Vaccinated,Breathing Difficulty,Positive,No,21,Mild,95,Diabetes,1919.6,Recovered
COVID00814,80,Male,Kerala,Thiruvananthapuram,2020-08-09,Not Vaccinated,Fatigue,Negative,No,0,None,97,Heart Disease,474.4,Not Infected
COVID04434,61,Male,Telangana,Nizamabad,2020-08-09,Fully Vaccinated,None,Positive,No,19,Mild,94,None,697.69,Recovered
COVID03759,83,Female,Tamil Nadu,Coimbatore,2020-08-09,Not Vaccinated,Fatigue,Negative,No,0,None,96,None,18.28,Not Infected
COVID00236,74,Female,Telangana,Hyderabad,2020-08-09,Partially Vaccinated,Fatigue,Positive,Yes,23,Moderate,98,Diabetes,7118.48,Recovered
COVID03404,7,Male,Maharashtra,Mumbai,2020-08-09,Not Vaccinated,Cough,Positive,Yes,6,Moderate,96,Heart Disease,1781.98,Recovered
COVID01952,77,Female,Rajasthan,Jaipur,2020-08-09,Fully Vaccinated,Sore Throat,Positive,Yes,38,Severe,90,Hypertension,2979.29,Recovered
COVID04716,8,Female,Andhra Pradesh,Visakhapatnam,2020-08-09,Fully Vaccinated,None,Positive,No,30,Severe,96,Multiple,1574.51,Recovered
COVID01924,21,Female,Tamil Nadu,Salem,2020-08-09,Not Vaccinated,Cough,Negative,No,0,None,97,Heart Disease,349.83,Not Infected
COVID01656,80,Female,Karnataka,Bengaluru,2020-08-10,Not Vaccinated,Fatigue,Positive,Yes,16,Severe,89,None,2392.5,Recovered
COVID01241,84,Female,Andhra Pradesh,Vijayawada,2020-08-10,Not Vaccinated,Cough,Positive,Yes,9,Moderate,94,None,4051.59,Recovered
COVID00443,19,Male,Tamil Nadu,Salem,2020-08-10,Booster,Fatigue,Positive,No,9,Mild,98,Diabetes,2396.51,Recovered
COVID03567,70,Male,Delhi,Dwarka,2020-08-10,Not Vaccinated,Sore Throat,Positive,No,7,Mild,97,Diabetes,883.57,Recovered
COVID00847,45,Female,Telangana,Nizamabad,2020-08-10,Partially Vaccinated,Cough,Negative,No,0,None,99,None,14.83,Not Infected
COVID01449,72,Male,Telangana,Nizamabad,2020-08-10,Booster,Fever,Positive,Yes,6,Moderate,98,None,3166.32,Deceased
COVID04755,75,Male,Kerala,Thiruvananthapuram,2020-08-11,Booster,Fatigue,Positive,Yes,29,Moderate,98,None,1522.67,Recovered
COVID01682,42,Male,Andhra Pradesh,Vijayawada,2020-08-12,Fully Vaccinated,Sore Throat,Negative,No,0,None,98,None,420.46,Not Infected
COVID01264,77,Male,Rajasthan,Jodhpur,2020-08-12,Not Vaccinated,Fatigue,Negative,No,0,None,95,None,413.19,Not Infected
COVID02945,11,Female,Telangana,Hyderabad,2020-08-12,Partially Vaccinated,Fever,Positive,No,20,Moderate,97,None,1467.78,Recovered
COVID01772,81,Female,Andhra Pradesh,Vijayawada,2020-08-12,Fully Vaccinated,Cough,Positive,No,18,Moderate,99,None,1917.95,Recovered
COVID03070,58,Male,Rajasthan,Jodhpur,2020-08-12,Partially Vaccinated,Fatigue,Negative,No,0,None,97,None,301.01,Not Infected
COVID04807,35,Female,Tamil Nadu,Chennai,2020-08-12,Fully Vaccinated,Fever,Positive,Yes,10,Moderate,97,Asthma,7930.43,Recovered
COVID01825,9,Female,Karnataka,Mangaluru,2020-08-12,Fully Vaccinated,Fever,Positive,No,11,Mild,98,None,948.35,Recovered
COVID00039,80,Female,Karnataka,Mysuru,2020-08-13,Fully Vaccinated,None,Positive,Yes,18,Moderate,96,Hypertension,4857.08,Recovered
COVID02921,50,Other,West Bengal,Kolkata,2020-08-13,Not Vaccinated,Fatigue,Positive,No,16,Mild,95,None,518.66,Recovered
COVID02203,35,Female,Telangana,Hyderabad,2020-08-13,Partially Vaccinated,None,Positive,No,10,Mild,93,Diabetes,2215.38,Recovered
COVID01996,72,Female,Maharashtra,Nagpur,2020-08-13,Fully Vaccinated,None,Positive,Yes,24,Moderate,98,None,3016.78,Recovered
COVID03816,51,Female,Telangana,Warangal,2020-08-14,Partially Vaccinated,Cough,Negative,No,0,None,96,None,198.45,Not Infected
COVID00589,63,Female,Andhra Pradesh,Vijayawada,2020-08-14,Booster,Cough,Negative,No,0,None,100,None,368.28,Not Infected
COVID03725,26,Male,Telangana,Hyderabad,2020-08-14,Partially Vaccinated,Fever,Negative,No,0,None,98,None,193.36,Not Infected
COVID02300,24,Male,Gujarat,Surat,2020-08-14,Fully Vaccinated,Sore Throat,Negative,No,0,None,97,None,139.85,Not Infected
COVID04771,12,Female,Maharashtra,Pune,2020-08-14,Fully Vaccinated,Fever,Negative,No,0,None,97,Hypertension,118.61,Not Infected
COVID00393,69,Male,Tamil Nadu,Coimbatore,2020-08-14,Fully Vaccinated,Sore Throat,Positive,Yes,26,Critical,89,None,6020.57,Recovered
COVID02205,80,Female,Andhra Pradesh,Guntur,2020-08-14,Fully Vaccinated,Fatigue,Positive,No,16,Mild,96,None,420.84,Recovered
COVID02153,32,Female,Kerala,Kochi,2020-08-15,Fully Vaccinated,None,Positive,Yes,38,Critical,98,None,4742.48,Deceased
COVID04071,70,Male,Delhi,Rohini,2020-08-15,Booster,Fatigue,Negative,No,0,None,95,Hypertension,363.31,Not Infected
COVID01092,42,Female,Andhra Pradesh,Visakhapatnam,2020-08-15,Fully Vaccinated,None,Positive,Yes,7,Moderate,99,Multiple,3513.31,Recovered
COVID03491,68,Female,Rajasthan,Jaipur,2020-08-15,Partially Vaccinated,Fatigue,Negative,No,0,None,98,None,449.02,Not Infected
COVID03660,44,Female,Kerala,Kochi,2020-08-16,Booster,Fatigue,Negative,No,0,None,98,None,89.56,Not Infected
COVID04162,34,Female,Karnataka,Bengaluru,2020-08-16,Booster,Sore Throat,Positive,No,13,Mild,93,Hypertension,1254.46,Recovered
COVID00609,42,Male,Andhra Pradesh,Vijayawada,2020-08-16,Partially Vaccinated,Fatigue,Positive,Yes,24,Severe,91,None,3011.29,Recovered
COVID04089,47,Female,Andhra Pradesh,Vijayawada,2020-08-16,Fully Vaccinated,Fatigue,Positive,No,12,Mild,96,None,2410.4,Deceased
COVID03900,38,Female,Kerala,Thrissur,2020-08-16,Partially Vaccinated,Breathing Difficulty,Positive,No,22,Mild,95,Hypertension,443.9,Recovered
COVID02168,8,Male,Gujarat,Ahmedabad,2020-08-16,Not Vaccinated,Fever,Negative,No,0,None,97,Multiple,290.21,Not Infected
COVID03284,85,Male,Karnataka,Hubballi,2020-08-16,Not Vaccinated,Breathing Difficulty,Positive,Yes,23,Moderate,97,Hypertension,6093.8,Recovered
COVID01473,14,Male,Telangana,Warangal,2020-08-16,Not Vaccinated,Fever,Positive,Yes,36,Severe,92,None,6782.84,Recovered
COVID03606,33,Female,Kerala,Kozhikode,2020-08-17,Partially Vaccinated,Sore Throat,Negative,No,0,None,99,Heart Disease,291.54,Not Infected
COVID03903,21,Male,Rajasthan,Jaipur,2020-08-17,Fully Vaccinated,Fever,Negative,No,0,None,100,None,209.75,Not Infected
COVID02685,64,Male,Telangana,Warangal,2020-08-17,Not Vaccinated,Sore Throat,Positive,No,28,Moderate,97,None,816.2,Recovered
COVID03363,71,Male,Andhra Pradesh,Vijayawada,2020-08-18,Not Vaccinated,Cough,Positive,Yes,5,Moderate,95,Hypertension,5064.33,Recovered
COVID02909,42,Male,Tamil Nadu,Chennai,2020-08-18,Fully Vaccinated,Cough,Positive,No,6,Mild,94,Asthma,579.44,Recovered
COVID00730,12,Male,Andhra Pradesh,Guntur,2020-08-18,Partially Vaccinated,Fatigue,Positive,No,14,Mild,96,None,599.19,Recovered
COVID04871,59,Male,Gujarat,Ahmedabad,2020-08-18,Partially Vaccinated,Breathing Difficulty,Negative,No,0,None,100,Diabetes,350.82,Not Infected
COVID02454,63,Male,Maharashtra,Mumbai,2020-08-18,Fully Vaccinated,Sore Throat,Positive,No,23,Mild,97,None,1877.78,Recovered
COVID00018,20,Female,Gujarat,Surat,2020-08-20,Fully Vaccinated,Breathing Difficulty,Negative,No,0,None,97,Diabetes,256.57,Not Infected
COVID00584,22,Male,Andhra Pradesh,Guntur,2020-08-20,Not Vaccinated,Fatigue,Positive,Yes,12,Moderate,99,Diabetes,6341.59,Recovered
COVID04492,30,Female,West Bengal,Howrah,2020-08-20,Fully Vaccinated,Sore Throat,Positive,No,23,Mild,96,None,676.74,Recovered
COVID02397,51,Female,West Bengal,Howrah,2020-08-20,Not Vaccinated,None,Positive,No,15,Mild,100,None,1234.37,Recovered
COVID02871,41,Male,Maharashtra,Nashik,2020-08-21,Fully Vaccinated,Fever,Positive,No,19,Mild,96,None,1826.4,Deceased
COVID04774,48,Female,Gujarat,Ahmedabad,2020-08-21,Not Vaccinated,Cough,Positive,No,19,Mild,96,None,1686.7,Recovered
COVID01569,46,Female,Telangana,Warangal,2020-08-22,Not Vaccinated,Cough,Positive,No,23,Mild,97,None,1392.71,Recovered
COVID01852,18,Female,Kerala,Thrissur,2020-08-22,Partially Vaccinated,Breathing Difficulty,Positive,Yes,13,Severe,89,None,3907.24,Recovered
COVID01777,26,Male,Telangana,Warangal,2020-08-22,Not Vaccinated,Fever,Positive,No,8,Mild,100,None,1586.74,Recovered
COVID04136,22,Male,Tamil Nadu,Salem,2020-08-22,Fully Vaccinated,Sore Throat,Positive,No,30,Mild,96,Hypertension,592.42,Deceased
COVID03215,17,Male,Maharashtra,Nagpur,2020-08-23,Fully Vaccinated,Breathing Difficulty,Positive,Yes,26,Moderate,93,Asthma,4590.42,Recovered
COVID03029,81,Male,Telangana,Nizamabad,2020-08-23,Fully Vaccinated,Fever,Negative,No,0,None,100,None,50.43,Not Infected
COVID02486,17,Male,Rajasthan,Udaipur,2020-08-23,Fully Vaccinated,Loss of Taste/Smell,Positive,No,21,Mild,97,None,640.63,Recovered
COVID02659,25,Male,Rajasthan,Udaipur,2020-08-23,Fully Vaccinated,Loss of Taste/Smell,Positive,No,21,Mild,99,None,1686.18,Recovered
COVID02439,16,Male,Delhi,Rohini,2020-08-23,Fully Vaccinated,Loss of Taste/Smell,Positive,No,19,Mild,99,None,1969.83,Recovered
COVID03599,29,Female,Karnataka,Hubballi,2020-08-24,Fully Vaccinated,Fever,Negative,No,0,None,98,None,401.52,Not Infected
COVID02200,85,Male,Telangana,Warangal,2020-08-24,Fully Vaccinated,None,Negative,No,0,None,99,Hypertension,416.34,Not Infected
COVID01744,63,Female,Telangana,Hyderabad,2020-08-24,Fully Vaccinated,Fatigue,Positive,Yes,12,Moderate,100,Multiple,2256.95,Recovered
COVID04336,28,Female,Kerala,Thrissur,2020-08-24,Fully Vaccinated,Cough,Positive,Yes,17,Moderate,100,None,6800.19,Recovered
COVID00953,85,Male,Gujarat,Surat,2020-08-24,Not Vaccinated,Fever,Positive,No,16,Mild,100,None,1937.77,Recovered
COVID03893,81,Female,Rajasthan,Udaipur,2020-08-25,Fully Vaccinated,Fever,Negative,No,0,None,97,None,437.43,Not Infected
COVID01274,14,Female,Maharashtra,Nashik,2020-08-25,Fully Vaccinated,Cough,Positive,No,9,Mild,94,None,1128.35,Recovered
COVID04589,77,Female,West Bengal,Howrah,2020-08-25,Partially Vaccinated,Fever,Positive,No,23,Mild,98,None,2131.49,Recovered
COVID01319,78,Female,Rajasthan,Jodhpur,2020-08-25,Fully Vaccinated,Sore Throat,Negative,No,0,None,95,Heart Disease,5.13,Not Infected
COVID02792,17,Male,West Bengal,Howrah,2020-08-26,Not Vaccinated,Fatigue,Negative,No,0,None,99,Multiple,24.21,Not Infected
COVID04894,19,Male,Andhra Pradesh,Visakhapatnam,2020-08-26,Fully Vaccinated,Cough,Positive,No,18,Mild,95,None,2003.6,Recovered
COVID03506,67,Female,Telangana,Nizamabad,2020-08-26,Not Vaccinated,Cough,Negative,No,0,None,98,None,395.16,Not Infected
COVID00353,74,Female,Maharashtra,Pune,2020-08-26,Fully Vaccinated,Fever,Positive,No,30,Mild,95,None,2145.03,Recovered
COVID00390,53,Female,Delhi,New Delhi,2020-08-26,Booster,Fatigue,Negative,No,0,None,99,None,140.49,Not Infected
COVID01865,62,Female,Gujarat,Surat,2020-08-26,Fully Vaccinated,Sore Throat,Positive,No,18,Mild,96,Diabetes,1154.29,Recovered
COVID01604,41,Male,Tamil Nadu,Chennai,2020-08-26,Fully Vaccinated,Fatigue,Positive,No,10,Mild,100,Diabetes,2018.77,Recovered
COVID02147,11,Male,Karnataka,Mysuru,2020-08-26,Not Vaccinated,Sore Throat,Negative,No,0,None,96,None,127.44,Not Infected
COVID04944,82,Female,West Bengal,Howrah,2020-08-26,Not Vaccinated,Fever,Positive,No,24,Mild,95,Diabetes,429.96,Recovered
COVID03570,13,Male,Telangana,Warangal,2020-08-26,Partially Vaccinated,Fatigue,Positive,Yes,6,Moderate,93,None,3187.23,Recovered
COVID02293,57,Female,Telangana,Nizamabad,2020-08-26,Fully Vaccinated,Loss of Taste/Smell,Positive,No,24,Mild,94,None,2472.67,Recovered
COVID00344,40,Male,Kerala,Thrissur,2020-08-26,Fully Vaccinated,None,Positive,Yes,27,Severe,97,None,6509.16,Recovered
COVID04514,64,Female,Maharashtra,Mumbai,2020-08-26,Partially Vaccinated,Sore Throat,Negative,No,0,None,97,None,133.42,Not Infected
COVID02434,52,Female,Andhra Pradesh,Visakhapatnam,2020-08-26,Partially Vaccinated,Sore Throat,Negative,No,0,None,97,Asthma,145.6,Not Infected
COVID03553,48,Male,Karnataka,Hubballi,2020-08-27,Not Vaccinated,Loss of Taste/Smell,Negative,No,0,None,95,Diabetes,78.05,Not Infected
COVID04762,55,Female,Delhi,New Delhi,2020-08-27,Fully Vaccinated,Sore Throat,Positive,No,10,Mild,94,None,1382.84,Recovered
COVID03688,16,Male,Andhra Pradesh,Guntur,2020-08-27,Partially Vaccinated,Cough,Positive,No,13,Mild,94,None,1859.62,Recovered
COVID00839,27,Female,Kerala,Thrissur,2020-08-27,Partially Vaccinated,None,Positive,No,29,Mild,97,None,678.71,Recovered
COVID02109,5,Female,Kerala,Kozhikode,2020-08-27,Not Vaccinated,None,Positive,Yes,10,Moderate,96,Hypertension,6487.66,Recovered
COVID01916,55,Male,Telangana,Warangal,2020-08-27,Not Vaccinated,Fever,Positive,No,10,Mild,93,Heart Disease,1234.63,Recovered
COVID00474,41,Male,Telangana,Nizamabad,2020-08-27,Fully Vaccinated,Cough,Negative,No,0,None,98,None,466.46,Not Infected
COVID01801,11,Female,Karnataka,Mangaluru,2020-08-28,Fully Vaccinated,Cough,Negative,No,0,None,96,Diabetes,61.51,Not Infected
COVID02490,28,Male,Andhra Pradesh,Visakhapatnam,2020-08-28,Not Vaccinated,Loss of Taste/Smell,Negative,No,0,None,95,None,126.38,Not Infected
COVID01064,22,Male,Rajasthan,Udaipur,2020-08-28,Not Vaccinated,Fatigue,Positive,Yes,14,Moderate,97,Asthma,2864.58,Recovered
COVID01081,58,Male,Maharashtra,Nashik,2020-08-29,Fully Vaccinated,Fatigue,Positive,No,28,Mild,94,None,306.78,Recovered
COVID02070,23,Male,Gujarat,Ahmedabad,2020-08-29,Fully Vaccinated,Cough,Positive,No,30,Moderate,96,None,988.95,Recovered
COVID01783,11,Female,Andhra Pradesh,Vijayawada,2020-08-29,Fully Vaccinated,Fatigue,Positive,No,30,Mild,99,None,1852.73,Recovered
COVID02741,38,Female,Delhi,Dwarka,2020-08-29,Fully Vaccinated,Cough,Positive,No,26,Mild,98,Diabetes,1709.68,Recovered
COVID01832,15,Female,Gujarat,Ahmedabad,2020-08-29,Fully Vaccinated,Fatigue,Positive,Yes,23,Moderate,93,Diabetes,4440.43,Recovered
COVID04390,65,Male,Andhra Pradesh,Guntur,2020-08-30,Not Vaccinated,Breathing Difficulty,Negative,No,0,None,97,None,491.82,Not Infected
COVID03507,46,Male,Andhra Pradesh,Visakhapatnam,2020-08-30,Fully Vaccinated,Fever,Positive,No,22,Mild,95,None,1795.9,Recovered
COVID03178,44,Female,Delhi,Dwarka,2020-08-30,Not Vaccinated,Fever,Positive,No,22,Mild,99,None,1168.38,Recovered
COVID00995,84,Male,Delhi,Rohini,2020-08-30,Not Vaccinated,Cough,Positive,Yes,30,Moderate,93,None,5076.48,Recovered
COVID01226,49,Male,Kerala,Thiruvananthapuram,2020-08-30,Partially Vaccinated,Fatigue,Negative,No,0,None,98,Hypertension,452.4,Not Infected
COVID02963,56,Male,Tamil Nadu,Coimbatore,2020-08-31,Booster,Cough,Negative,No,0,None,100,Heart Disease,39.69,Not Infected
COVID01554,5,Male,Karnataka,Mangaluru,2020-09-01,Fully Vaccinated,Fatigue,Positive,No,18,Mild,97,None,982.01,Recovered
COVID00719,6,Female,Telangana,Warangal,2020-09-01,Fully Vaccinated,Fever,Positive,No,8,Mild,96,None,649.14,Recovered
COVID01508,72,Female,Andhra Pradesh,Guntur,2020-09-02,Fully Vaccinated,None,Positive,Yes,33,Severe,95,None,5941.33,Recovered
COVID02733,78,Female,Maharashtra,Pune,2020-09-02,Not Vaccinated,Fever,Positive,Yes,20,Moderate,95,Diabetes,4906.55,Recovered
COVID02466,10,Female,Tamil Nadu,Madurai,2020-09-02,Fully Vaccinated,Breathing Difficulty,Positive,No,13,Mild,96,None,1620.75,Recovered
COVID04675,82,Male,Gujarat,Surat,2020-09-02,Not Vaccinated,Fatigue,Positive,Yes,16,Moderate,98,None,2380.7,Recovered
COVID03835,41,Female,Kerala,Thiruvananthapuram,2020-09-02,Partially Vaccinated,Fever,Positive,No,15,Mild,98,Diabetes,2432.37,Recovered
COVID04428,38,Female,Kerala,Kochi,2020-09-02,Fully Vaccinated,Loss of Taste/Smell,Negative,No,0,None,95,Diabetes,481.07,Not Infected
COVID03416,51,Male,Kerala,Thrissur,2020-09-03,Fully Vaccinated,Sore Throat,Positive,Yes,36,Severe,95,Heart Disease,1825.83,Recovered
COVID00535,23,Male,Delhi,Dwarka,2020-09-04,Fully Vaccinated,Sore Throat,Positive,Yes,36,Severe,95,None,2297.73,Recovered
COVID00788,65,Male,Maharashtra,Pune,2020-09-04,Not Vaccinated,Cough,Negative,No,0,None,99,Diabetes,93.42,Not Infected
COVID01441,23,Male,Gujarat,Vadodara,2020-09-05,Partially Vaccinated,Sore Throat,Positive,No,21,Mild,94,None,2177.69,Recovered
COVID04198,27,Female,Gujarat,Vadodara,2020-09-05,Fully Vaccinated,None,Positive,Yes,26,Moderate,95,None,2469.07,Recovered
COVID01774,16,Female,Karnataka,Hubballi,2020-09-05,Fully Vaccinated,Sore Throat,Negative,No,0,None,99,Diabetes,456.26,Not Infected
COVID02912,14,Female,Tamil Nadu,Coimbatore,2020-09-05,Not Vaccinated,Fatigue,Positive,No,23,Mild,95,None,1209.23,Recovered
COVID04478,30,Male,Telangana,Warangal,2020-09-05,Not Vaccinated,Fever,Positive,Yes,22,Moderate,95,None,1519.41,Recovered
COVID02096,71,Male,Tamil Nadu,Salem,2020-09-06,Booster,Sore Throat,Positive,Yes,24,Severe,97,None,6060.04,Recovered
COVID04204,10,Female,Rajasthan,Udaipur,2020-09-06,Partially Vaccinated,Sore Throat,Positive,No,5,Mild,94,Diabetes,867.85,Recovered
COVID02764,76,Male,West Bengal,Kolkata,2020-09-06,Booster,Breathing Difficulty,Positive,No,19,Mild,93,Asthma,2231.21,Recovered
COVID04069,42,Male,Delhi,Rohini,2020-09-06,Not Vaccinated,Fever,Positive,Yes,14,Severe,89,None,2974.92,Recovered
COVID02550,83,Male,Tamil Nadu,Chennai,2020-09-07,Fully Vaccinated,Fever,Positive,Yes,22,Moderate,94,Heart Disease,3783.97,Recovered
COVID02937,31,Male,Maharashtra,Pune,2020-09-07,Partially Vaccinated,Cough,Negative,No,0,None,97,Heart Disease,268.76,Not Infected
COVID00102,27,Female,Tamil Nadu,Salem,2020-09-07,Fully Vaccinated,Breathing Difficulty,Positive,No,28,Mild,96,Multiple,2029.06,Recovered
COVID00930,50,Female,Delhi,New Delhi,2020-09-07,Fully Vaccinated,Fatigue,Positive,No,13,Mild,100,None,1847.64,Recovered
COVID01307,31,Male,Telangana,Nizamabad,2020-09-08,Partially Vaccinated,None,Negative,No,0,None,97,None,411.93,Not Infected
COVID01448,43,Female,Telangana,Nizamabad,2020-09-10,Not Vaccinated,Fever,Negative,No,0,None,97,Asthma,6.96,Not Infected
COVID01286,15,Male,Tamil Nadu,Chennai,2020-09-10,Not Vaccinated,None,Negative,No,0,None,97,None,5.54,Not Infected
COVID02004,56,Male,West Bengal,Kolkata,2020-09-10,Partially Vaccinated,Sore Throat,Positive,Yes,6,Moderate,100,None,3470.84,Deceased
COVID01378,20,Male,Telangana,Nizamabad,2020-09-10,Fully Vaccinated,Cough,Positive,No,16,Mild,93,None,1175.58,Recovered
COVID03638,75,Male,Rajasthan,Udaipur,2020-09-10,Not Vaccinated,None,Positive,No,5,Mild,96,None,549.25,Recovered
COVID03443,7,Male,Gujarat,Vadodara,2020-09-10,Fully Vaccinated,Fever,Positive,Yes,27,Moderate,100,None,6884.78,Recovered
COVID02201,25,Male,Delhi,Rohini,2020-09-11,Fully Vaccinated,Fever,Negative,No,0,None,99,Hypertension,398.49,Not Infected
COVID01760,56,Female,Tamil Nadu,Madurai,2020-09-11,Fully Vaccinated,Sore Throat,Negative,No,0,None,99,None,373.6,Not Infected
COVID00831,49,Other,West Bengal,Kolkata,2020-09-12,Not Vaccinated,Fatigue,Positive,No,15,Moderate,94,Hypertension,2427.65,Recovered
COVID01762,61,Male,Andhra Pradesh,Guntur,2020-09-12,Fully Vaccinated,Fatigue,Positive,Yes,10,Moderate,97,None,4394.58,Recovered
COVID04927,33,Female,Tamil Nadu,Madurai,2020-09-12,Partially Vaccinated,Fever,Negative,No,0,None,95,Multiple,429.03,Not Infected
COVID04786,30,Female,Tamil Nadu,Madurai,2020-09-12,Fully Vaccinated,Fatigue,Negative,No,0,None,98,None,211.42,Not Infected
COVID03794,47,Female,Delhi,Rohini,2020-09-12,Fully Vaccinated,Sore Throat,Positive,No,10,Mild,95,None,1743.07,Recovered
COVID03243,48,Female,Gujarat,Vadodara,2020-09-12,Partially Vaccinated,Cough,Positive,Yes,28,Moderate,97,Hypertension,2284.68,Recovered
COVID03462,22,Female,Delhi,Dwarka,2020-09-12,Not Vaccinated,Cough,Positive,No,16,Mild,93,None,2144.88,Recovered
COVID04782,84,Male,Karnataka,Mysuru,2020-09-13,Fully Vaccinated,Sore Throat,Positive,No,15,Mild,97,Multiple,1428.65,Recovered
COVID04183,30,Female,Kerala,Thrissur,2020-09-13,Partially Vaccinated,Cough,Positive,Yes,6,Moderate,94,None,4912.53,Recovered
COVID04812,19,Female,Gujarat,Surat,2020-09-14,Fully Vaccinated,None,Negative,No,0,None,95,Diabetes,10.69,Not Infected
COVID01942,73,Male,Andhra Pradesh,Guntur,2020-09-14,Partially Vaccinated,Fever,Negative,No,0,None,97,None,176.68,Not Infected
COVID00152,21,Male,Delhi,Rohini,2020-09-14,Partially Vaccinated,Breathing Difficulty,Negative,No,0,None,97,None,165.38,Not Infected
COVID01374,70,Female,Gujarat,Vadodara,2020-09-14,Partially Vaccinated,Cough,Positive,Yes,20,Moderate,97,None,2321.75,Recovered
COVID03320,65,Male,Tamil Nadu,Salem,2020-09-14,Booster,None,Positive,No,29,Mild,94,None,670.12,Recovered
COVID02782,7,Female,Karnataka,Mangaluru,2020-09-14,Booster,Fever,Negative,No,0,None,97,Asthma,246.53,Not Infected
COVID02641,47,Male,West Bengal,Durgapur,2020-09-15,Fully Vaccinated,Cough,Negative,No,0,None,97,Hypertension,226.68,Not Infected
COVID04125,69,Male,Delhi,Rohini,2020-09-15,Fully Vaccinated,Fatigue,Positive,Yes,22,Moderate,94,None,7035.51,Recovered
COVID03483,30,Female,Tamil Nadu,Coimbatore,2020-09-15,Not Vaccinated,Cough,Negative,No,0,None,99,Heart Disease,210.0,Not Infected
COVID03743,27,Female,Delhi,Dwarka,2020-09-15,Fully Vaccinated,Breathing Difficulty,Negative,No,0,None,96,Multiple,492.61,Not Infected
COVID02307,76,Male,Kerala,Kochi,2020-09-15,Fully Vaccinated,Fever,Positive,No,6,Mild,93,Diabetes,2393.07,Deceased
COVID01210,59,Female,Andhra Pradesh,Vijayawada,2020-09-15,Fully Vaccinated,Loss of Taste/Smell,Positive,No,10,Mild,95,None,516.03,Recovered
COVID04761,61,Female,Telangana,Warangal,2020-09-16,Booster,None,Negative,No,0,None,100,Multiple,27.58,Not Infected
COVID03026,43,Male,Delhi,Dwarka,2020-09-16,Fully Vaccinated,Loss of Taste/Smell,Positive,Yes,20,Severe,89,Hypertension,3981.1,Recovered
COVID02811,78,Male,Maharashtra,Nashik,2020-09-16,Fully Vaccinated,Fever,Positive,Yes,7,Moderate,93,Diabetes,2699.8,Recovered
COVID02499,19,Male,Maharashtra,Mumbai,2020-09-16,Fully Vaccinated,Fatigue,Negative,No,0,None,97,None,389.65,Not Infected
COVID03374,44,Male,Kerala,Kochi,2020-09-16,Partially Vaccinated,None,Positive,No,25,Mild,96,None,1121.75,Recovered
COVID03662,22,Male,Karnataka,Mangaluru,2020-09-16,Partially Vaccinated,Loss of Taste/Smell,Positive,No,26,Mild,95,None,593.83,Recovered
COVID00379,29,Male,Rajasthan,Jodhpur,2020-09-17,Fully Vaccinated,Cough,Negative,No,0,None,96,None,358.54,Not Infected
COVID04513,33,Female,Andhra Pradesh,Vijayawada,2020-09-17,Partially Vaccinated,Fever,Positive,No,28,Mild,99,None,2013.93,Recovered
COVID00892,81,Other,Kerala,Kozhikode,2020-09-17,Partially Vaccinated,Cough,Negative,No,0,None,97,Multiple,260.8,Not Infected
COVID00265,58,Female,West Bengal,Kolkata,2020-09-17,Not Vaccinated,Loss of Taste/Smell,Negative,No,0,None,100,Multiple,343.24,Not Infected
COVID00319,18,Female,Gujarat,Surat,2020-09-17,Partially Vaccinated,Fever,Positive,No,14,Moderate,98,None,475.69,Recovered
COVID03807,43,Male,Delhi,Dwarka,2020-09-18,Partially Vaccinated,Fatigue,Negative,No,0,None,99,None,415.68,Not Infected
COVID00476,39,Other,Gujarat,Surat,2020-09-18,Booster,Fever,Negative,No,0,None,100,Hypertension,371.07,Not Infected
COVID01859,17,Female,Karnataka,Mysuru,2020-09-18,Not Vaccinated,Loss of Taste/Smell,Positive,No,24,Severe,95,Multiple,1843.11,Recovered
COVID04799,69,Female,Andhra Pradesh,Vijayawada,2020-09-18,Fully Vaccinated,Cough,Negative,No,0,None,100,None,328.68,Not Infected
COVID00529,35,Female,Rajasthan,Udaipur,2020-09-18,Partially Vaccinated,Fever,Negative,No,0,None,95,None,443.38,Not Infected
COVID02350,22,Female,Telangana,Hyderabad,2020-09-18,Booster,Sore Throat,Negative,No,0,None,100,Heart Disease,13.08,Not Infected
COVID01314,70,Male,Karnataka,Mysuru,2020-09-19,Fully Vaccinated,Breathing Difficulty,Negative,No,0,None,95,None,45.97,Not Infected
COVID02558,37,Male,Telangana,Hyderabad,2020-09-19,Fully Vaccinated,Fatigue,Negative,No,0,None,96,Multiple,224.38,Not Infected
COVID03457,50,Female,Rajasthan,Jaipur,2020-09-19,Partially Vaccinated,None,Positive,Yes,16,Moderate,94,None,2809.05,Recovered
COVID03194,42,Female,Maharashtra,Pune,2020-09-19,Not Vaccinated,Cough,Negative,No,0,None,98,None,39.69,Not Infected
COVID02522,15,Male,West Bengal,Durgapur,2020-09-19,Partially Vaccinated,Fatigue,Positive,No,28,Mild,97,Hypertension,669.54,Recovered
COVID00805,57,Female,West Bengal,Durgapur,2020-09-19,Fully Vaccinated,Breathing Difficulty,Positive,No,22,Mild,99,None,501.14,Recovered
COVID03766,54,Male,Maharashtra,Nagpur,2020-09-19,Fully Vaccinated,Sore Throat,Negative,No,0,None,97,None,266.92,Not Infected
COVID04739,8,Male,Telangana,Hyderabad,2020-09-19,Fully Vaccinated,Fatigue,Positive,Yes,6,Moderate,100,Heart Disease,6814.91,Recovered
COVID03199,69,Female,Gujarat,Surat,2020-09-19,Partially Vaccinated,Fever,Negative,No,0,None,95,None,289.9,Not Infected
COVID03272,63,Female,Karnataka,Mysuru,2020-09-20,Booster,None,Positive,No,13,Mild,96,None,1216.6,Recovered
COVID02295,9,Female,Gujarat,Ahmedabad,2020-09-20,Fully Vaccinated,Fever,Positive,Yes,7,Moderate,97,None,7677.37,Recovered
COVID04282,29,Male,Gujarat,Vadodara,2020-09-20,Fully Vaccinated,Cough,Negative,No,0,None,95,Hypertension,156.4,Not Infected
COVID02374,48,Female,Delhi,Rohini,2020-09-20,Fully Vaccinated,None,Negative,No,0,None,98,None,343.16,Not Infected
COVID03699,13,Female,West Bengal,Howrah,2020-09-20,Partially Vaccinated,Sore Throat,Positive,No,8,Mild,100,None,1441.23,Recovered
COVID00744,36,Female,Maharashtra,Pune,2020-09-20,Partially Vaccinated,None,Positive,Yes,49,Critical,90,None,1906.41,Deceased
COVID02406,37,Female,West Bengal,Howrah,2020-09-21,Fully Vaccinated,Sore Throat,Positive,Yes,25,Moderate,96,None,7638.36,Recovered
COVID03238,13,Female,Rajasthan,Udaipur,2020-09-21,Fully Vaccinated,Cough,Positive,No,29,Mild,96,None,690.84,Recovered
COVID00041,24,Male,West Bengal,Durgapur,2020-09-21,Booster,Breathing Difficulty,Negative,No,0,None,100,Diabetes,86.7,Not Infected
COVID01362,74,Male,Maharashtra,Nashik,2020-09-21,Fully Vaccinated,Fever,Negative,No,0,None,97,None,466.97,Not Infected
COVID04002,75,Male,Telangana,Hyderabad,2020-09-21,Fully Vaccinated,Loss of Taste/Smell,Positive,No,37,Severe,93,Diabetes,2237.81,Deceased
COVID03471,75,Male,Delhi,Dwarka,2020-09-22,Partially Vaccinated,Fever,Positive,No,23,Mild,97,None,1984.68,Deceased
COVID02789,38,Female,Maharashtra,Nagpur,2020-09-23,Not Vaccinated,Fever,Positive,No,16,Mild,100,None,924.97,Recovered
COVID00924,8,Female,West Bengal,Kolkata,2020-09-23,Partially Vaccinated,Fatigue,Positive,No,25,Mild,95,None,731.75,Deceased
COVID02021,13,Male,Gujarat,Vadodara,2020-09-23,Partially Vaccinated,Loss of Taste/Smell,Positive,Yes,7,Moderate,99,None,6162.25,Recovered
COVID00987,42,Male,Rajasthan,Udaipur,2020-09-23,Fully Vaccinated,Breathing Difficulty,Positive,No,9,Mild,95,None,1494.33,Recovered
COVID00888,14,Male,Rajasthan,Udaipur,2020-09-23,Not Vaccinated,Fatigue,Positive,No,20,Mild,98,None,714.33,Recovered
COVID02965,20,Male,Rajasthan,Jaipur,2020-09-24,Booster,Fatigue,Positive,No,19,Mild,99,Diabetes,1004.32,Recovered
COVID02516,12,Male,Gujarat,Surat,2020-09-24,Fully Vaccinated,Fatigue,Positive,No,10,Mild,95,None,2108.31,Recovered
COVID00120,76,Male,West Bengal,Durgapur,2020-09-24,Not Vaccinated,Fever,Positive,No,7,Mild,95,None,1021.74,Recovered
COVID01585,75,Female,Telangana,Hyderabad,2020-09-24,Fully Vaccinated,Fatigue,Positive,No,30,Mild,96,None,1626.31,Recovered
COVID01592,22,Male,Karnataka,Mangaluru,2020-09-25,Not Vaccinated,Sore Throat,Negative,No,0,None,96,Asthma,266.96,Not Infected
COVID03435,39,Male,Kerala,Thrissur,2020-09-25,Partially Vaccinated,Breathing Difficulty,Positive,No,15,Moderate,96,Multiple,1407.03,Recovered
COVID02616,82,Female,Gujarat,Ahmedabad,2020-09-25,Not Vaccinated,Fever,Positive,No,19,Moderate,99,None,1546.82,Recovered
COVID00905,69,Male,Telangana,Hyderabad,2020-09-25,Fully Vaccinated,Cough,Negative,No,0,None,97,Hypertension,440.78,Not Infected
COVID00858,12,Male,Andhra Pradesh,Guntur,2020-09-25,Fully Vaccinated,Loss of Taste/Smell,Positive,No,23,Mild,95,None,1158.93,Recovered
COVID03156,64,Female,Maharashtra,Nagpur,2020-09-25,Fully Vaccinated,None,Negative,No,0,None,96,None,240.06,Not Infected
COVID01360,5,Female,Tamil Nadu,Chennai,2020-09-25,Partially Vaccinated,Cough,Positive,No,26,Mild,94,None,1629.41,Recovered
COVID01149,10,Female,Tamil Nadu,Chennai,2020-09-26,Not Vaccinated,Fever,Positive,No,23,Mild,99,Multiple,1024.82,Recovered
COVID04853,36,Male,Tamil Nadu,Coimbatore,2020-09-26,Not Vaccinated,Fever,Positive,Yes,19,Severe,96,None,3249.14,Recovered
COVID00139,23,Male,Andhra Pradesh,Vijayawada,2020-09-26,Not Vaccinated,Fatigue,Positive,No,24,Mild,93,None,2035.35,Recovered
COVID01539,76,Female,Andhra Pradesh,Vijayawada,2020-09-26,Partially Vaccinated,None,Positive,No,11,Mild,95,Diabetes,2160.48,Recovered
COVID00503,20,Male,Tamil Nadu,Salem,2020-09-26,Booster,Cough,Positive,Yes,18,Moderate,97,Asthma,7753.73,Recovered
COVID00436,68,Male,Tamil Nadu,Madurai,2020-09-26,Not Vaccinated,None,Positive,No,17,Mild,94,Heart Disease,1365.49,Recovered
COVID03860,30,Male,Rajasthan,Udaipur,2020-09-27,Fully Vaccinated,Fatigue,Positive,No,10,Mild,97,Hypertension,2115.49,Recovered
COVID01229,78,Female,Telangana,Nizamabad,2020-09-27,Fully Vaccinated,Sore Throat,Negative,No,0,None,95,None,413.48,Not Infected
COVID02899,20,Male,West Bengal,Durgapur,2020-09-27,Partially Vaccinated,Fatigue,Positive,Yes,11,Moderate,94,Hypertension,4979.22,Recovered
COVID01518,55,Other,Kerala,Kochi,2020-09-28,Fully Vaccinated,None,Positive,Yes,30,Moderate,96,None,1618.92,Recovered
COVID02890,9,Female,West Bengal,Kolkata,2020-09-28,Not Vaccinated,Fatigue,Positive,No,8,Mild,97,None,1733.26,Recovered
COVID02557,73,Male,Delhi,Rohini,2020-09-28,Fully Vaccinated,Breathing Difficulty,Positive,No,25,Severe,92,Hypertension,991.69,Recovered
COVID01144,70,Female,Maharashtra,Mumbai,2020-09-28,Partially Vaccinated,Fatigue,Negative,No,0,None,100,None,131.33,Not Infected
COVID01634,52,Female,Maharashtra,Pune,2020-09-29,Fully Vaccinated,None,Positive,No,25,Moderate,98,None,1270.37,Recovered
COVID02006,11,Male,Delhi,Rohini,2020-09-29,Partially Vaccinated,Cough,Negative,No,0,None,97,None,340.29,Not Infected
COVID03061,32,Female,Rajasthan,Jaipur,2020-09-29,Fully Vaccinated,Sore Throat,Positive,No,28,Moderate,96,Hypertension,2392.57,Recovered
COVID04210,40,Female,Maharashtra,Mumbai,2020-09-29,Fully Vaccinated,Loss of Taste/Smell,Negative,No,0,None,95,Heart Disease,263.65,Not Infected
COVID02621,27,Male,Maharashtra,Nagpur,2020-09-30,Not Vaccinated,None,Positive,No,9,Mild,97,None,2031.61,Recovered
COVID04218,71,Male,Delhi,New Delhi,2020-09-30,Fully Vaccinated,None,Positive,Yes,7,Moderate,93,None,1943.94,Recovered
COVID02352,81,Female,Gujarat,Ahmedabad,2020-09-30,Partially Vaccinated,Fatigue,Positive,Yes,13,Moderate,98,Hypertension,6478.84,Recovered
COVID00330,43,Male,West Bengal,Kolkata,2020-09-30,Fully Vaccinated,Breathing Difficulty,Positive,No,21,Mild,93,None,1235.33,Recovered
COVID01533,74,Male,West Bengal,Howrah,2020-09-30,Not Vaccinated,Sore Throat,Negative,No,0,None,100,None,210.01,Not Infected
COVID01305,6,Female,Rajasthan,Udaipur,2020-09-30,Not Vaccinated,None,Positive,No,26,Mild,98,None,2182.68,Recovered
COVID00062,22,Female,Andhra Pradesh,Guntur,2020-10-01,Partially Vaccinated,Sore Throat,Positive,No,7,Mild,94,Multiple,2139.96,Recovered
COVID01875,31,Other,West Bengal,Kolkata,2020-10-01,Not Vaccinated,Loss of Taste/Smell,Positive,No,27,Mild,100,None,2440.05,Recovered
COVID01946,66,Male,Delhi,Rohini,2020-10-02,Partially Vaccinated,None,Positive,No,7,Mild,96,Hypertension,1723.55,Recovered
COVID02385,50,Female,Tamil Nadu,Coimbatore,2020-10-02,Fully Vaccinated,Fatigue,Positive,No,15,Mild,95,None,2488.39,Recovered
COVID04154,45,Male,West Bengal,Howrah,2020-10-02,Fully Vaccinated,Fever,Positive,Yes,22,Moderate,96,None,5156.05,Recovered
COVID02059,26,Female,Delhi,Rohini,2020-10-02,Booster,Fatigue,Negative,No,0,None,98,Diabetes,339.03,Not Infected
COVID01256,30,Female,Telangana,Hyderabad,2020-10-03,Not Vaccinated,Fatigue,Positive,Yes,20,Moderate,100,None,5566.68,Recovered
COVID04999,76,Female,Maharashtra,Mumbai,2020-10-03,Fully Vaccinated,Breathing Difficulty,Positive,No,30,Mild,97,None,2039.4,Recovered
COVID02643,28,Male,Maharashtra,Nagpur,2020-10-03,Fully Vaccinated,Cough,Positive,Yes,17,Moderate,99,None,7749.12,Recovered
COVID00308,47,Male,Telangana,Nizamabad,2020-10-03,Fully Vaccinated,Sore Throat,Negative,No,0,None,96,None,66.43,Not Infected
COVID01713,65,Male,Maharashtra,Nashik,2020-10-03,Partially Vaccinated,Loss of Taste/Smell,Positive,Yes,27,Moderate,93,None,4556.4,Recovered
COVID01447,15,Male,Andhra Pradesh,Guntur,2020-10-03,Not Vaccinated,Breathing Difficulty,Positive,No,15,Mild,98,None,1007.91,Recovered
COVID01212,81,Male,Karnataka,Mysuru,2020-10-04,Partially Vaccinated,Fatigue,Positive,No,21,Moderate,100,None,2488.58,Recovered
COVID03505,84,Female,Telangana,Nizamabad,2020-10-04,Booster,Fatigue,Positive,Yes,35,Severe,96,None,3589.06,Deceased
COVID00558,5,Male,Delhi,Rohini,2020-10-04,Fully Vaccinated,None,Positive,No,14,Mild,95,None,508.05,Recovered
COVID02955,57,Male,Kerala,Thiruvananthapuram,2020-10-05,Partially Vaccinated,Fever,Positive,No,14,Mild,97,None,1078.1,Recovered
COVID04887,63,Male,Delhi,Rohini,2020-10-05,Booster,None,Positive,No,7,Mild,98,Diabetes,484.22,Recovered
COVID03976,50,Female,Tamil Nadu,Salem,2020-10-05,Partially Vaccinated,Fever,Negative,No,0,None,96,None,238.98,Not Infected
COVID02228,17,Female,Telangana,Nizamabad,2020-10-05,Booster,Fatigue,Positive,Yes,20,Moderate,93,Asthma,5418.31,Recovered
COVID00017,12,Female,Karnataka,Mysuru,2020-10-05,Fully Vaccinated,Fever,Positive,Yes,30,Moderate,96,Heart Disease,3337.16,Recovered
COVID00124,78,Female,Delhi,New Delhi,2020-10-06,Fully Vaccinated,Fatigue,Negative,No,0,None,95,None,94.96,Not Infected
COVID00053,17,Male,Kerala,Thiruvananthapuram,2020-10-06,Not Vaccinated,None,Negative,No,0,None,98,None,337.04,Not Infected
COVID03098,9,Female,Telangana,Hyderabad,2020-10-06,Not Vaccinated,Fatigue,Negative,No,0,None,96,None,118.16,Not Infected
COVID01240,7,Male,Andhra Pradesh,Visakhapatnam,2020-10-06,Not Vaccinated,Breathing Difficulty,Positive,No,18,Moderate,94,None,1497.24,Recovered
COVID04230,52,Female,Gujarat,Vadodara,2020-10-06,Not Vaccinated,Fever,Positive,Yes,6,Moderate,96,Asthma,5542.53,Recovered
COVID00052,13,Female,Tamil Nadu,Chennai,2020-10-06,Not Vaccinated,Sore Throat,Negative,No,0,None,99,None,442.4,Not Infected
COVID01429,18,Male,Gujarat,Surat,2020-10-07,Fully Vaccinated,Fatigue,Negative,No,0,None,96,None,184.65,Not Infected
COVID03856,60,Male,Telangana,Hyderabad,2020-10-07,Fully Vaccinated,Fever,Negative,No,0,None,100,None,218.05,Not Infected
COVID02309,18,Other,West Bengal,Durgapur,2020-10-07,Booster,Loss of Taste/Smell,Negative,No,0,None,98,None,194.19,Not Infected
COVID03085,60,Female,West Bengal,Durgapur,2020-10-07,Fully Vaccinated,Cough,Positive,Yes,31,Critical,89,None,7042.3,Deceased
COVID00416,80,Female,Telangana,Hyderabad,2020-10-07,Not Vaccinated,Fatigue,Negative,No,0,None,100,None,434.21,Not Infected
COVID01992,46,Female,West Bengal,Howrah,2020-10-08,Not Vaccinated,Sore Throat,Positive,Yes,11,Moderate,98,Hypertension,2635.21,Recovered
COVID01427,70,Male,Karnataka,Mysuru,2020-10-08,Fully Vaccinated,Fatigue,Positive,Yes,52,Critical,95,None,4786.8,Recovered
COVID02585,23,Male,West Bengal,Kolkata,2020-10-08,Partially Vaccinated,Cough,Negative,No,0,None,96,Diabetes,272.91,Not Infected
COVID01630,78,Female,Rajasthan,Udaipur,2020-10-08,Fully Vaccinated,Breathing Difficulty,Positive,No,26,Mild,100,None,1492.07,Recovered
COVID02727,33,Female,Rajasthan,Udaipur,2020-10-09,Fully Vaccinated,None,Positive,No,7,Mild,95,Hypertension,1917.83,Recovered
COVID00580,78,Male,Tamil Nadu,Coimbatore,2020-10-09,Partially Vaccinated,Fatigue,Negative,No,0,None,100,None,289.67,Not Infected
COVID03858,25,Female,Telangana,Nizamabad,2020-10-09,Fully Vaccinated,Fever,Positive,Yes,33,Severe,96,None,4737.19,Deceased
COVID01100,82,Female,Delhi,New Delhi,2020-10-09,Fully Vaccinated,Cough,Positive,No,30,Mild,99,None,1845.08,Recovered
COVID03456,84,Female,Delhi,New Delhi,2020-10-10,Not Vaccinated,Sore Throat,Positive,Yes,12,Moderate,99,None,6643.51,Recovered
COVID04833,78,Female,Karnataka,Hubballi,2020-10-10,Partially Vaccinated,Cough,Positive,Yes,43,Critical,99,None,7805.68,Deceased
COVID00771,49,Male,Rajasthan,Udaipur,2020-10-11,Fully Vaccinated,Breathing Difficulty,Positive,No,20,Moderate,96,Hypertension,360.24,Recovered
COVID00462,56,Female,Tamil Nadu,Salem,2020-10-11,Fully Vaccinated,Loss of Taste/Smell,Positive,No,17,Mild,94,None,2408.95,Recovered
COVID02805,16,Female,West Bengal,Howrah,2020-10-11,Fully Vaccinated,Fever,Positive,No,7,Mild,99,Hypertension,1130.61,Recovered
COVID02280,50,Male,Telangana,Nizamabad,2020-10-11,Not Vaccinated,None,Positive,No,16,Mild,98,None,1342.97,Recovered
COVID01507,69,Male,Tamil Nadu,Salem,2020-10-11,Fully Vaccinated,Cough,Positive,No,6,Mild,100,Diabetes,786.15,Recovered
COVID02002,57,Female,Andhra Pradesh,Guntur,2020-10-11,Partially Vaccinated,Fatigue,Negative,No,0,None,95,None,234.86,Not Infected
COVID01484,54,Female,Karnataka,Bengaluru,2020-10-11,Fully Vaccinated,Sore Throat,Positive,No,25,Mild,94,Hypertension,1360.98,Recovered
COVID00026,18,Male,Tamil Nadu,Chennai,2020-10-12,Partially Vaccinated,Fatigue,Positive,Yes,23,Moderate,95,Hypertension,5378.67,Deceased
COVID00388,52,Male,Rajasthan,Jaipur,2020-10-12,Booster,Sore Throat,Positive,Yes,27,Severe,89,Heart Disease,6982.69,Recovered
COVID02723,47,Female,Gujarat,Ahmedabad,2020-10-13,Fully Vaccinated,Fever,Negative,No,0,None,100,Hypertension,425.14,Not Infected
COVID00729,68,Female,Karnataka,Hubballi,2020-10-13,Fully Vaccinated,Fatigue,Positive,No,5,Moderate,94,None,915.08,Recovered
COVID03696,20,Female,Rajasthan,Udaipur,2020-10-13,Booster,Cough,Negative,No,0,None,100,None,193.93,Not Infected
COVID03673,34,Male,West Bengal,Kolkata,2020-10-13,Partially Vaccinated,Loss of Taste/Smell,Negative,No,0,None,98,None,496.94,Not Infected
COVID03259,9,Male,West Bengal,Durgapur,2020-10-13,Not Vaccinated,Sore Throat,Positive,No,18,Mild,99,None,1658.18,Recovered
COVID01431,58,Female,West Bengal,Durgapur,2020-10-14,Not Vaccinated,Cough,Positive,Yes,18,Severe,90,Heart Disease,6341.63,Recovered
COVID00259,53,Female,West Bengal,Kolkata,2020-10-14,Partially Vaccinated,Sore Throat,Positive,Yes,7,Moderate,98,Heart Disease,1764.52,Recovered
COVID03310,25,Male,Kerala,Thrissur,2020-10-14,Fully Vaccinated,Cough,Positive,No,14,Mild,98,None,975.43,Recovered
COVID02660,28,Female,Gujarat,Vadodara,2020-10-14,Not Vaccinated,None,Positive,Yes,23,Severe,90,Asthma,4105.96,Recovered
COVID04299,14,Female,Kerala,Thiruvananthapuram,2020-10-14,Partially Vaccinated,Fever,Positive,Yes,14,Moderate,94,None,3346.21,Recovered
COVID02066,57,Male,Gujarat,Surat,2020-10-15,Fully Vaccinated,Cough,Positive,Yes,39,Critical,93,None,6243.1,Deceased
COVID04983,23,Male,Tamil Nadu,Coimbatore,2020-10-15,Booster,Cough,Positive,No,25,Moderate,96,None,2083.37,Recovered
COVID03517,48,Male,Karnataka,Mysuru,2020-10-15,Not Vaccinated,Fever,Positive,Yes,17,Moderate,96,None,5169.1,Recovered
COVID03571,34,Male,West Bengal,Howrah,2020-10-15,Fully Vaccinated,Loss of Taste/Smell,Positive,No,12,Mild,98,None,901.05,Recovered
COVID00546,63,Female,Karnataka,Mysuru,2020-10-15,Not Vaccinated,Sore Throat,Negative,No,0,None,100,Asthma,297.75,Not Infected
COVID04424,59,Male,Karnataka,Mangaluru,2020-10-16,Not Vaccinated,None,Positive,Yes,26,Moderate,95,None,3352.75,Recovered
COVID02464,16,Female,Kerala,Thiruvananthapuram,2020-10-16,Not Vaccinated,None,Positive,No,16,Mild,99,None,2425.83,Recovered
COVID00362,62,Male,Rajasthan,Jodhpur,2020-10-16,Fully Vaccinated,Breathing Difficulty,Negative,No,0,None,97,None,98.38,Not Infected
COVID00538,53,Male,Rajasthan,Jaipur,2020-10-16,Partially Vaccinated,Cough,Positive,No,8,Mild,93,None,579.61,Recovered
COVID00658,67,Male,Andhra Pradesh,Vijayawada,2020-10-17,Fully Vaccinated,Cough,Positive,Yes,22,Moderate,100,Asthma,7898.3,Recovered
COVID02832,44,Male,West Bengal,Kolkata,2020-10-17,Partially Vaccinated,Breathing Difficulty,Positive,No,11,Mild,99,Hypertension,1531.78,Deceased
COVID03200,71,Male,Delhi,Rohini,2020-10-17,Fully Vaccinated,Fatigue,Positive,No,23,Severe,93,Diabetes,1789.99,Recovered
COVID02047,21,Other,Karnataka,Mangaluru,2020-10-18,Partially Vaccinated,Fatigue,Negative,No,0,None,100,None,211.54,Not Infected
COVID01187,11,Female,Rajasthan,Jaipur,2020-10-18,Fully Vaccinated,None,Positive,No,6,Mild,95,None,1001.64,Recovered
COVID01935,43,Female,Rajasthan,Jaipur,2020-10-18,Fully Vaccinated,None,Negative,No,0,None,100,None,290.42,Not Infected
COVID04206,81,Male,Delhi,Rohini,2020-10-18,Not Vaccinated,Sore Throat,Negative,No,0,None,97,None,75.38,Not Infected
COVID02178,78,Male,Tamil Nadu,Coimbatore,2020-10-18,Fully Vaccinated,Breathing Difficulty,Negative,No,0,None,96,None,297.45,Not Infected
COVID03555,62,Female,Andhra Pradesh,Visakhapatnam,2020-10-18,Fully Vaccinated,None,Positive,No,29,Mild,93,Hypertension,1581.0,Recovered
COVID02900,59,Male,Tamil Nadu,Chennai,2020-10-18,Fully Vaccinated,Sore Throat,Positive,No,26,Mild,95,None,2288.31,Recovered
COVID01747,20,Female,Gujarat,Ahmedabad,2020-10-18,Partially Vaccinated,Breathing Difficulty,Positive,No,16,Mild,95,Asthma,340.35,Recovered
COVID04614,67,Female,Tamil Nadu,Coimbatore,2020-10-19,Partially Vaccinated,None,Positive,Yes,26,Moderate,99,None,7340.49,Recovered
COVID04143,48,Female,Maharashtra,Mumbai,2020-10-19,Fully Vaccinated,None,Positive,No,11,Mild,98,Hypertension,1490.21,Recovered
COVID00213,68,Female,Delhi,New Delhi,2020-10-19,Fully Vaccinated,None,Negative,No,0,None,96,None,105.06,Not Infected
COVID04561,25,Male,Tamil Nadu,Coimbatore,2020-10-19,Partially Vaccinated,None,Positive,Yes,21,Moderate,96,Hypertension,2468.93,Recovered
COVID00698,20,Female,Telangana,Nizamabad,2020-10-19,Fully Vaccinated,Fever,Negative,No,0,None,99,None,350.69,Not Infected
COVID04205,15,Female,Telangana,Hyderabad,2020-10-20,Booster,Fever,Positive,No,23,Moderate,93,None,1148.12,Recovered
COVID02922,37,Male,Gujarat,Vadodara,2020-10-20,Not Vaccinated,None,Positive,No,11,Mild,96,None,1723.87,Recovered
COVID04984,83,Female,Tamil Nadu,Coimbatore,2020-10-20,Not Vaccinated,Breathing Difficulty,Negative,No,0,None,100,Heart Disease,474.17,Not Infected
COVID04191,30,Female,Kerala,Thrissur,2020-10-20,Not Vaccinated,Loss of Taste/Smell,Positive,No,9,Moderate,99,Hypertension,1100.87,Recovered
COVID04321,14,Male,Maharashtra,Pune,2020-10-20,Partially Vaccinated,Fever,Positive,No,29,Mild,98,Diabetes,897.46,Recovered
COVID04785,34,Female,West Bengal,Howrah,2020-10-20,Fully Vaccinated,None,Positive,No,11,Mild,94,None,2164.16,Recovered
COVID04410,58,Male,Tamil Nadu,Chennai,2020-10-20,Fully Vaccinated,Cough,Negative,No,0,None,100,None,310.95,Not Infected
COVID00112,83,Male,Maharashtra,Nashik,2020-10-21,Partially Vaccinated,Cough,Negative,No,0,None,97,None,475.74,Not Infected
COVID04444,11,Female,Gujarat,Vadodara,2020-10-21,Partially Vaccinated,Fatigue,Positive,No,5,Mild,98,None,2221.17,Recovered
COVID01385,67,Female,Delhi,Dwarka,2020-10-21,Fully Vaccinated,Fatigue,Positive,Yes,27,Moderate,93,None,3757.26,Recovered
COVID04048,26,Female,Delhi,Dwarka,2020-10-21,Fully Vaccinated,None,Negative,No,0,None,97,Hypertension,47.27,Not Infected
COVID00300,83,Female,West Bengal,Howrah,2020-10-21,Not Vaccinated,Sore Throat,Positive,No,17,Mild,96,None,1359.55,Recovered
COVID03286,14,Female,Karnataka,Bengaluru,2020-10-22,Fully Vaccinated,Breathing Difficulty,Negative,No,0,None,95,None,42.42,Not Infected
COVID02697,12,Male,Karnataka,Mysuru,2020-10-23,Fully Vaccinated,Sore Throat,Negative,No,0,None,98,None,117.84,Not Infected
COVID04682,78,Male,Gujarat,Ahmedabad,2020-10-23,Booster,Fever,Positive,No,30,Mild,93,Multiple,2131.52,Deceased
COVID01259,34,Female,Gujarat,Vadodara,2020-10-23,Not Vaccinated,Sore Throat,Positive,No,14,Mild,96,Heart Disease,2477.34,Deceased
COVID04209,57,Male,Tamil Nadu,Madurai,2020-10-23,Fully Vaccinated,Cough,Positive,No,22,Mild,99,Diabetes,666.49,Recovered
COVID01937,52,Female,Kerala,Thiruvananthapuram,2020-10-24,Fully Vaccinated,Fever,Positive,No,20,Mild,93,None,1039.69,Recovered
COVID03890,55,Female,Andhra Pradesh,Guntur,2020-10-24,Fully Vaccinated,Cough,Positive,No,8,Mild,100,None,1413.54,Recovered
COVID02973,54,Female,Maharashtra,Pune,2020-10-24,Partially Vaccinated,Fatigue,Positive,Yes,17,Moderate,98,None,7056.94,Recovered
COVID03396,43,Male,Gujarat,Surat,2020-10-25,Not Vaccinated,Fever,Positive,Yes,24,Moderate,99,None,4801.13,Recovered
COVID03552,41,Other,Gujarat,Surat,2020-10-25,Booster,Fever,Negative,No,0,None,96,None,413.93,Not Infected
COVID00115,84,Male,Tamil Nadu,Madurai,2020-10-25,Fully Vaccinated,None,Positive,Yes,25,Severe,100,Hypertension,7866.4,Recovered
COVID03192,85,Female,West Bengal,Howrah,2020-10-26,Fully Vaccinated,Fever,Positive,Yes,22,Severe,100,None,4965.77,Recovered
COVID04865,15,Female,Andhra Pradesh,Guntur,2020-10-26,Fully Vaccinated,Fever,Negative,No,0,None,97,None,131.44,Not Infected
COVID01768,28,Female,Tamil Nadu,Madurai,2020-10-26,Not Vaccinated,Fatigue,Positive,Yes,22,Severe,98,None,3855.31,Deceased
COVID03376,70,Female,Maharashtra,Nagpur,2020-10-26,Partially Vaccinated,None,Negative,No,0,None,97,None,421.21,Not Infected
COVID00664,60,Female,Telangana,Nizamabad,2020-10-26,Partially Vaccinated,Sore Throat,Positive,No,5,Moderate,95,None,340.52,Recovered
COVID00807,36,Male,Kerala,Kochi,2020-10-26,Fully Vaccinated,Fever,Negative,No,0,None,98,Asthma,451.13,Not Infected
COVID02270,51,Male,Gujarat,Surat,2020-10-27,Not Vaccinated,Fatigue,Positive,No,14,Mild,98,Asthma,2032.35,Recovered
COVID01026,17,Male,West Bengal,Durgapur,2020-10-27,Not Vaccinated,Fever,Positive,Yes,30,Severe,94,None,3169.01,Recovered
COVID01577,69,Female,Kerala,Thrissur,2020-10-27,Fully Vaccinated,Fever,Negative,No,0,None,98,None,312.87,Not Infected
COVID03961,85,Female,Karnataka,Hubballi,2020-10-27,Not Vaccinated,Breathing Difficulty,Positive,No,22,Severe,99,Heart Disease,748.37,Deceased
COVID00784,22,Male,Rajasthan,Udaipur,2020-10-28,Booster,Breathing Difficulty,Positive,Yes,8,Moderate,99,Heart Disease,4648.24,Recovered
COVID02304,48,Male,Karnataka,Mangaluru,2020-10-28,Booster,Loss of Taste/Smell,Positive,Yes,15,Moderate,96,None,2268.02,Recovered
COVID04013,11,Male,Kerala,Kozhikode,2020-10-28,Booster,Fever,Positive,No,17,Mild,99,None,1483.0,Recovered
COVID00811,56,Female,Maharashtra,Nagpur,2020-10-29,Booster,Loss of Taste/Smell,Positive,No,21,Mild,99,None,1688.71,Recovered
COVID00615,65,Female,Rajasthan,Udaipur,2020-10-29,Partially Vaccinated,Fatigue,Positive,Yes,8,Moderate,98,Hypertension,2006.43,Recovered
COVID02343,57,Male,Rajasthan,Jodhpur,2020-10-29,Fully Vaccinated,Fatigue,Negative,No,0,None,95,None,312.31,Not Infected
COVID00704,6,Male,Andhra Pradesh,Visakhapatnam,2020-10-29,Booster,Fatigue,Positive,Yes,10,Severe,97,Diabetes,6678.59,Recovered
COVID04015,58,Male,Delhi,Rohini,2020-10-29,Booster,Cough,Positive,No,26,Mild,99,None,662.83,Recovered
COVID03931,6,Female,Rajasthan,Jodhpur,2020-10-29,Not Vaccinated,Fever,Negative,No,0,None,95,Diabetes,74.63,Not Infected
COVID04712,60,Male,Kerala,Thiruvananthapuram,2020-10-29,Not Vaccinated,Sore Throat,Positive,No,21,Mild,94,Hypertension,509.43,Recovered
COVID02952,46,Female,Karnataka,Mangaluru,2020-10-29,Partially Vaccinated,Cough,Negative,No,0,None,96,None,205.23,Not Infected
COVID01987,19,Male,Andhra Pradesh,Visakhapatnam,2020-10-29,Not Vaccinated,Fever,Positive,Yes,18,Moderate,94,Diabetes,6249.1,Recovered
COVID01459,9,Male,Gujarat,Surat,2020-10-29,Fully Vaccinated,Fever,Negative,No,0,None,99,None,215.58,Not Infected
COVID02877,51,Female,Maharashtra,Nashik,2020-10-29,Not Vaccinated,None,Negative,No,0,None,97,None,241.71,Not Infected
COVID00909,7,Female,Maharashtra,Pune,2020-10-29,Not Vaccinated,None,Positive,No,25,Mild,98,Hypertension,304.08,Recovered
COVID00482,85,Female,Rajasthan,Udaipur,2020-10-30,Fully Vaccinated,None,Negative,No,0,None,98,Diabetes,7.9,Not Infected
COVID02971,74,Male,Rajasthan,Jaipur,2020-10-30,Fully Vaccinated,Sore Throat,Positive,Yes,25,Moderate,96,Asthma,2123.62,Recovered
COVID03905,22,Male,Rajasthan,Jodhpur,2020-10-30,Partially Vaccinated,None,Positive,Yes,16,Moderate,99,Asthma,3322.89,Deceased
COVID00043,7,Female,Rajasthan,Jaipur,2020-10-31,Fully Vaccinated,Fever,Negative,No,0,None,96,None,149.77,Not Infected
COVID04345,47,Male,Andhra Pradesh,Visakhapatnam,2020-10-31,Partially Vaccinated,Loss of Taste/Smell,Positive,No,18,Mild,98,None,1714.27,Recovered
COVID01191,33,Female,Andhra Pradesh,Vijayawada,2020-10-31,Not Vaccinated,Breathing Difficulty,Positive,No,12,Mild,96,Hypertension,1686.69,Recovered
COVID02317,84,Male,Kerala,Kochi,2020-11-01,Fully Vaccinated,Sore Throat,Positive,Yes,21,Moderate,98,Diabetes,7410.69,Recovered
COVID00339,15,Female,Gujarat,Vadodara,2020-11-01,Fully Vaccinated,Sore Throat,Positive,No,16,Mild,98,None,424.97,Recovered
COVID00966,23,Female,Kerala,Thrissur,2020-11-01,Booster,Fever,Negative,No,0,None,98,None,452.54,Not Infected
COVID02693,66,Male,Tamil Nadu,Coimbatore,2020-11-01,Not Vaccinated,None,Negative,No,0,None,100,None,135.12,Not Infected
COVID01182,42,Female,West Bengal,Kolkata,2020-11-01,Fully Vaccinated,None,Positive,No,12,Mild,94,Hypertension,572.2,Recovered
COVID00612,64,Female,Gujarat,Vadodara,2020-11-01,Fully Vaccinated,None,Positive,No,30,Mild,94,None,1871.3,Recovered
COVID04138,29,Female,Telangana,Hyderabad,2020-11-01,Partially Vaccinated,Fever,Negative,No,0,None,99,Diabetes,130.89,Not Infected
COVID04255,28,Male,Andhra Pradesh,Guntur,2020-11-02,Partially Vaccinated,Fatigue,Positive,No,27,Mild,99,None,1321.12,Recovered
COVID03685,52,Other,Kerala,Thrissur,2020-11-02,Fully Vaccinated,Breathing Difficulty,Negative,No,0,None,100,None,236.64,Not Infected
COVID03016,42,Female,Maharashtra,Pune,2020-11-02,Not Vaccinated,Fatigue,Positive,No,23,Mild,93,None,2106.05,Recovered
COVID03210,14,Female,Gujarat,Surat,2020-11-02,Fully Vaccinated,Fatigue,Negative,No,0,None,100,None,95.67,Not Infected
COVID04953,80,Male,Maharashtra,Pune,2020-11-03,Fully Vaccinated,Cough,Positive,Yes,21,Moderate,93,None,6869.97,Recovered
COVID02138,50,Female,Tamil Nadu,Coimbatore,2020-11-03,Booster,Sore Throat,Positive,Yes,7,Moderate,97,Asthma,4545.27,Recovered
COVID03559,40,Other,Kerala,Thiruvananthapuram,2020-11-03,Booster,Cough,Negative,No,0,None,97,None,453.36,Not Infected
COVID04237,37,Male,Rajasthan,Udaipur,2020-11-03,Not Vaccinated,Breathing Difficulty,Positive,Yes,25,Severe,93,Asthma,4403.82,Recovered
COVID01084,15,Female,Tamil Nadu,Madurai,2020-11-03,Not Vaccinated,Breathing Difficulty,Positive,Yes,8,Moderate,93,None,4569.51,Recovered
COVID02218,68,Female,Telangana,Warangal,2020-11-03,Partially Vaccinated,None,Positive,Yes,10,Moderate,98,None,5866.58,Recovered
COVID04487,60,Female,Tamil Nadu,Salem,2020-11-04,Fully Vaccinated,Fatigue,Negative,No,0,None,97,Heart Disease,249.08,Not Infected
COVID02067,5,Female,Andhra Pradesh,Visakhapatnam,2020-11-05,Not Vaccinated,Sore Throat,Positive,No,6,Mild,96,None,1904.15,Recovered
COVID03504,48,Female,Rajasthan,Jaipur,2020-11-05,Fully Vaccinated,Loss of Taste/Smell,Negative,No,0,None,97,None,7.59,Not Infected
COVID00990,65,Female,Rajasthan,Jodhpur,2020-11-05,Booster,None,Positive,Yes,17,Moderate,100,None,6231.14,Recovered
COVID00598,18,Male,West Bengal,Durgapur,2020-11-05,Fully Vaccinated,Cough,Negative,No,0,None,100,Hypertension,266.94,Not Infected
COVID03894,55,Male,West Bengal,Howrah,2020-11-05,Not Vaccinated,Fatigue,Positive,No,21,Moderate,93,None,2426.69,Recovered
COVID01941,19,Female,Delhi,Rohini,2020-11-05,Fully Vaccinated,Sore Throat,Positive,No,9,Mild,95,Hypertension,918.84,Recovered
COVID01847,48,Male,West Bengal,Howrah,2020-11-06,Fully Vaccinated,None,Positive,No,24,Mild,99,None,1012.77,Recovered
COVID00845,81,Female,Maharashtra,Mumbai,2020-11-07,Fully Vaccinated,Fever,Negative,No,0,None,100,None,300.51,Not Infected
COVID00879,83,Male,Kerala,Kochi,2020-11-07,Fully Vaccinated,Breathing Difficulty,Positive,No,28,Moderate,100,Diabetes,1644.18,Recovered
COVID01167,80,Female,Andhra Pradesh,Guntur,2020-11-07,Fully Vaccinated,None,Negative,No,0,None,99,None,238.02,Not Infected
COVID01735,78,Male,Karnataka,Bengaluru,2020-11-08,Not Vaccinated,Fever,Negative,No,0,None,100,Multiple,301.33,Not Infected
COVID03213,85,Female,Tamil Nadu,Madurai,2020-11-08,Partially Vaccinated,None,Negative,No,0,None,100,Multiple,404.65,Not Infected
COVID04781,33,Male,Gujarat,Surat,2020-11-08,Fully Vaccinated,Fatigue,Positive,Yes,40,Severe,100,Multiple,3912.34,Deceased
COVID04621,40,Male,Gujarat,Vadodara,2020-11-08,Partially Vaccinated,Loss of Taste/Smell,Positive,No,22,Mild,99,None,2266.88,Recovered
COVID02174,44,Male,Telangana,Hyderabad,2020-11-08,Fully Vaccinated,Fatigue,Positive,No,26,Mild,95,None,650.52,Recovered
COVID02332,28,Female,West Bengal,Durgapur,2020-11-09,Fully Vaccinated,None,Negative,No,0,None,99,None,106.99,Not Infected
COVID03217,51,Male,Gujarat,Surat,2020-11-09,Partially Vaccinated,Cough,Positive,No,29,Mild,96,None,2281.47,Recovered
COVID01055,28,Male,West Bengal,Durgapur,2020-11-09,Fully Vaccinated,Sore Throat,Positive,No,14,Mild,96,None,1846.59,Recovered
COVID03712,61,Male,Delhi,Dwarka,2020-11-09,Booster,Breathing Difficulty,Positive,Yes,40,Critical,92,Asthma,4515.97,Recovered
COVID04769,17,Male,Tamil Nadu,Madurai,2020-11-09,Fully Vaccinated,Fatigue,Negative,No,0,None,100,Heart Disease,44.8,Not Infected
COVID01662,24,Female,Maharashtra,Nashik,2020-11-10,Fully Vaccinated,Breathing Difficulty,Negative,No,0,None,98,Multiple,156.14,Not Infected
COVID00128,18,Female,Telangana,Warangal,2020-11-10,Partially Vaccinated,Fever,Positive,Yes,20,Moderate,100,None,5723.6,Recovered
COVID01543,84,Male,Telangana,Hyderabad,2020-11-10,Fully Vaccinated,Fever,Negative,No,0,None,100,None,277.66,Not Infected
COVID00449,35,Male,Tamil Nadu,Chennai,2020-11-10,Not Vaccinated,Sore Throat,Negative,No,0,None,98,None,21.9,Not Infected
COVID02712,85,Male,Maharashtra,Nagpur,2020-11-10,Fully Vaccinated,Fever,Negative,No,0,None,99,Asthma,18.92,Not Infected
COVID01150,42,Female,Telangana,Warangal,2020-11-11,Fully Vaccinated,Cough,Positive,No,20,Mild,97,None,1723.27,Recovered
COVID00854,6,Male,Andhra Pradesh,Visakhapatnam,2020-11-11,Booster,Fever,Positive,Yes,23,Moderate,93,None,4582.98,Recovered
COVID02281,18,Female,Kerala,Kozhikode,2020-11-11,Fully Vaccinated,Sore Throat,Positive,No,20,Mild,98,Hypertension,1978.02,Recovered
COVID04576,56,Male,Andhra Pradesh,Guntur,2020-11-11,Partially Vaccinated,Fever,Positive,Yes,25,Severe,90,None,2899.5,Deceased
COVID04588,61,Female,Kerala,Kochi,2020-11-11,Partially Vaccinated,Fatigue,Positive,Yes,40,Severe,96,None,4294.74,Recovered
COVID04446,47,Male,Gujarat,Vadodara,2020-11-11,Fully Vaccinated,Fever,Negative,No,0,None,98,None,160.31,Not Infected
COVID04572,12,Female,Tamil Nadu,Salem,2020-11-11,Not Vaccinated,Cough,Positive,No,17,Mild,96,None,2475.21,Recovered
COVID03417,34,Male,Delhi,Dwarka,2020-11-11,Partially Vaccinated,Fever,Positive,No,20,Mild,95,Heart Disease,2157.91,Recovered
COVID00512,34,Female,West Bengal,Howrah,2020-11-12,Fully Vaccinated,Breathing Difficulty,Positive,Yes,15,Moderate,100,Multiple,4143.24,Recovered
COVID01266,81,Male,Delhi,Dwarka,2020-11-12,Fully Vaccinated,Fever,Positive,Yes,8,Moderate,99,Heart Disease,3700.31,Recovered
COVID04378,82,Male,Gujarat,Ahmedabad,2020-11-12,Not Vaccinated,Loss of Taste/Smell,Positive,Yes,34,Severe,100,Heart Disease,3610.27,Deceased
COVID00215,38,Male,West Bengal,Durgapur,2020-11-12,Fully Vaccinated,Cough,Positive,Yes,30,Moderate,100,None,3080.25,Recovered
COVID01965,46,Female,Karnataka,Hubballi,2020-11-12,Not Vaccinated,Sore Throat,Positive,Yes,31,Severe,96,Diabetes,5497.73,Recovered
COVID02703,36,Female,West Bengal,Durgapur,2020-11-12,Not Vaccinated,Fatigue,Positive,No,14,Mild,93,Asthma,2420.82,Recovered
COVID03339,30,Female,Telangana,Hyderabad,2020-11-13,Not Vaccinated,None,Negative,No,0,None,97,Heart Disease,494.65,Not Infected
COVID04546,42,Female,Rajasthan,Jodhpur,2020-11-13,Fully Vaccinated,Cough,Positive,No,17,Mild,94,Asthma,1375.94,Recovered
COVID04041,20,Male,West Bengal,Kolkata,2020-11-13,Fully Vaccinated,Fever,Negative,No,0,None,97,Heart Disease,88.16,Not Infected
COVID01535,54,Other,Delhi,New Delhi,2020-11-13,Fully Vaccinated,Fatigue,Positive,No,24,Moderate,93,None,1715.45,Deceased
COVID02783,69,Male,Gujarat,Surat,2020-11-14,Booster,Fatigue,Positive,No,28,Mild,97,None,1965.58,Deceased
COVID01754,45,Female,Rajasthan,Jaipur,2020-11-14,Fully Vaccinated,None,Negative,No,0,None,95,Diabetes,269.91,Not Infected
COVID01328,38,Male,Rajasthan,Jodhpur,2020-11-14,Fully Vaccinated,Cough,Positive,No,20,Mild,99,None,1822.04,Recovered
COVID02517,32,Male,West Bengal,Howrah,2020-11-15,Not Vaccinated,Fatigue,Positive,No,26,Mild,100,None,458.96,Recovered
COVID01905,85,Female,Delhi,Dwarka,2020-11-15,Fully Vaccinated,Fever,Negative,No,0,None,95,None,94.48,Not Infected
COVID03612,69,Female,Telangana,Nizamabad,2020-11-15,Fully Vaccinated,Sore Throat,Negative,No,0,None,96,None,272.63,Not Infected
COVID02334,58,Male,Andhra Pradesh,Visakhapatnam,2020-11-16,Partially Vaccinated,Sore Throat,Negative,No,0,None,95,Diabetes,368.51,Not Infected
COVID01640,33,Male,West Bengal,Howrah,2020-11-16,Fully Vaccinated,Loss of Taste/Smell,Positive,Yes,36,Severe,95,Hypertension,4465.18,Deceased
COVID03659,17,Female,Rajasthan,Jodhpur,2020-11-16,Fully Vaccinated,Fatigue,Positive,No,13,Mild,98,Asthma,2259.51,Recovered
COVID04425,37,Male,Delhi,Rohini,2020-11-17,Fully Vaccinated,Loss of Taste/Smell,Positive,No,22,Mild,96,None,432.54,Recovered
COVID03864,76,Male,Tamil Nadu,Salem,2020-11-17,Booster,Fatigue,Positive,No,23,Moderate,96,None,1413.17,Deceased
COVID04408,78,Female,Telangana,Nizamabad,2020-11-17,Partially Vaccinated,Sore Throat,Positive,Yes,19,Moderate,98,None,4236.21,Recovered
COVID04803,6,Female,Tamil Nadu,Madurai,2020-11-17,Partially Vaccinated,Cough,Positive,Yes,17,Severe,90,None,6770.07,Recovered
COVID02160,47,Male,Maharashtra,Pune,2020-11-17,Not Vaccinated,Fever,Positive,No,21,Mild,98,None,396.03,Recovered
COVID03245,67,Female,Gujarat,Surat,2020-11-17,Not Vaccinated,Fever,Positive,Yes,8,Moderate,95,None,4766.11,Recovered
COVID01038,27,Other,West Bengal,Howrah,2020-11-17,Not Vaccinated,Fatigue,Positive,Yes,40,Severe,99,None,7314.4,Deceased
COVID03365,7,Male,Andhra Pradesh,Vijayawada,2020-11-17,Partially Vaccinated,Fever,Positive,No,6,Mild,96,Hypertension,557.34,Recovered
COVID02519,77,Female,Andhra Pradesh,Guntur,2020-11-18,Fully Vaccinated,Fatigue,Positive,No,22,Mild,99,Hypertension,1768.0,Recovered
COVID03814,36,Female,Tamil Nadu,Coimbatore,2020-11-18,Partially Vaccinated,Loss of Taste/Smell,Negative,No,0,None,95,Diabetes,236.68,Not Infected
COVID03882,50,Male,Andhra Pradesh,Visakhapatnam,2020-11-18,Booster,Fever,Positive,No,34,Severe,93,Diabetes,877.64,Recovered
COVID04289,42,Female,Gujarat,Vadodara,2020-11-18,Fully Vaccinated,Fever,Positive,No,7,Moderate,93,None,1071.77,Recovered
COVID01839,82,Male,Telangana,Nizamabad,2020-11-18,Fully Vaccinated,Loss of Taste/Smell,Positive,No,23,Mild,97,Multiple,554.87,Deceased
COVID01348,51,Other,Delhi,New Delhi,2020-11-18,Fully Vaccinated,Loss of Taste/Smell,Positive,Yes,14,Severe,92,None,7476.36,Recovered
COVID02910,66,Female,Gujarat,Surat,2020-11-18,Booster,Sore Throat,Negative,No,0,None,95,None,438.04,Not Infected
COVID02294,62,Female,Andhra Pradesh,Visakhapatnam,2020-11-19,Not Vaccinated,Fever,Positive,Yes,20,Severe,97,None,7156.94,Recovered
COVID03708,80,Female,Andhra Pradesh,Vijayawada,2020-11-19,Partially Vaccinated,Sore Throat,Positive,No,13,Moderate,95,None,2266.24,Recovered
COVID02389,76,Male,Rajasthan,Jodhpur,2020-11-20,Fully Vaccinated,None,Negative,No,0,None,100,None,386.85,Not Infected
COVID01414,78,Female,Maharashtra,Nagpur,2020-11-20,Not Vaccinated,Sore Throat,Positive,Yes,12,Moderate,100,None,2190.39,Recovered
COVID03406,46,Female,Tamil Nadu,Salem,2020-11-20,Not Vaccinated,Breathing Difficulty,Negative,No,0,None,98,None,289.69,Not Infected
COVID04386,30,Female,Andhra Pradesh,Visakhapatnam,2020-11-20,Booster,None,Positive,No,18,Mild,95,Hypertension,2089.79,Recovered
COVID01751,41,Female,Maharashtra,Mumbai,2020-11-21,Fully Vaccinated,Sore Throat,Positive,Yes,32,Severe,93,Hypertension,2171.29,Recovered
COVID03209,79,Male,Gujarat,Ahmedabad,2020-11-21,Booster,Sore Throat,Positive,No,13,Mild,100,Diabetes,1583.48,Recovered
COVID01812,64,Female,Telangana,Hyderabad,2020-11-21,Partially Vaccinated,Fatigue,Negative,No,0,None,97,None,216.15,Not Infected
COVID00613,71,Female,Rajasthan,Udaipur,2020-11-21,Fully Vaccinated,Fatigue,Positive,Yes,40,Severe,90,Diabetes,1559.47,Deceased
COVID01709,73,Female,Maharashtra,Pune,2020-11-21,Fully Vaccinated,Cough,Positive,No,19,Mild,93,Heart Disease,886.68,Recovered
COVID01045,37,Female,Rajasthan,Jaipur,2020-11-21,Fully Vaccinated,Cough,Negative,No,0,None,97,None,106.38,Not Infected
COVID04815,24,Female,Telangana,Nizamabad,2020-11-21,Fully Vaccinated,Fatigue,Positive,No,20,Mild,99,Multiple,1034.17,Recovered
COVID03232,79,Female,Delhi,Rohini,2020-11-21,Booster,Breathing Difficulty,Positive,Yes,6,Moderate,96,Diabetes,7666.31,Recovered
COVID00490,48,Female,Karnataka,Mysuru,2020-11-22,Fully Vaccinated,Cough,Positive,Yes,21,Moderate,94,None,1750.69,Recovered
COVID02080,5,Male,Delhi,Rohini,2020-11-22,Partially Vaccinated,Fever,Positive,No,10,Moderate,98,None,506.12,Recovered
COVID02071,66,Female,Gujarat,Vadodara,2020-11-22,Fully Vaccinated,Fever,Positive,Yes,25,Moderate,99,None,3879.07,Deceased
COVID01811,39,Female,Karnataka,Hubballi,2020-11-23,Fully Vaccinated,Fever,Positive,No,26,Mild,100,None,1971.75,Recovered
COVID04958,74,Male,Delhi,Rohini,2020-11-23,Partially Vaccinated,Cough,Positive,Yes,46,Critical,89,Hypertension,3525.72,Recovered
COVID04749,65,Male,Delhi,Rohini,2020-11-23,Not Vaccinated,Sore Throat,Positive,No,6,Mild,96,None,1585.57,Recovered
COVID01872,18,Female,Delhi,New Delhi,2020-11-24,Fully Vaccinated,Breathing Difficulty,Positive,Yes,31,Severe,89,None,2829.09,Recovered
COVID02627,68,Male,Kerala,Thrissur,2020-11-24,Partially Vaccinated,Fever,Positive,Yes,21,Moderate,95,None,2479.48,Recovered
COVID04043,21,Female,Rajasthan,Jodhpur,2020-11-24,Fully Vaccinated,Breathing Difficulty,Positive,No,11,Mild,100,Hypertension,1410.82,Recovered
COVID02538,67,Female,West Bengal,Howrah,2020-11-24,Fully Vaccinated,Fever,Negative,No,0,None,98,None,52.07,Not Infected
COVID02058,68,Female,West Bengal,Durgapur,2020-11-25,Partially Vaccinated,Fatigue,Positive,Yes,26,Moderate,98,None,5167.79,Deceased
COVID04517,22,Male,Andhra Pradesh,Visakhapatnam,2020-11-25,Fully Vaccinated,Cough,Negative,No,0,None,99,Hypertension,179.61,Not Infected
COVID00769,21,Male,Gujarat,Vadodara,2020-11-25,Partially Vaccinated,Cough,Positive,No,25,Mild,95,None,1851.84,Recovered
COVID04635,60,Male,Tamil Nadu,Madurai,2020-11-25,Fully Vaccinated,Breathing Difficulty,Positive,No,30,Severe,91,Asthma,547.52,Recovered
COVID04332,76,Male,Telangana,Warangal,2020-11-25,Not Vaccinated,Fever,Positive,Yes,42,Severe,91,None,3421.51,Recovered
COVID04451,80,Male,Kerala,Thrissur,2020-11-25,Booster,Fever,Positive,No,41,Severe,92,None,845.21,Recovered
COVID04344,27,Female,Delhi,Rohini,2020-11-25,Fully Vaccinated,Fever,Positive,No,20,Mild,100,None,313.97,Recovered
COVID03155,66,Male,West Bengal,Kolkata,2020-11-25,Fully Vaccinated,Breathing Difficulty,Positive,Yes,30,Moderate,98,Asthma,2738.38,Recovered
COVID02124,70,Female,Maharashtra,Nashik,2020-11-25,Fully Vaccinated,Cough,Positive,Yes,23,Moderate,100,None,7129.78,Deceased
COVID01779,68,Female,Rajasthan,Jaipur,2020-11-25,Fully Vaccinated,Fatigue,Positive,No,12,Mild,94,None,1978.75,Recovered
COVID04325,39,Female,Kerala,Thiruvananthapuram,2020-11-26,Booster,Cough,Positive,Yes,5,Moderate,96,Multiple,1983.78,Recovered
COVID00540,54,Male,Tamil Nadu,Chennai,2020-11-26,Booster,Cough,Positive,No,26,Mild,95,None,1363.56,Recovered
COVID04159,13,Male,Delhi,Rohini,2020-11-26,Fully Vaccinated,None,Positive,No,21,Mild,97,Diabetes,1031.41,Recovered
COVID04539,38,Male,Maharashtra,Mumbai,2020-11-27,Fully Vaccinated,Fatigue,Positive,Yes,27,Moderate,98,Asthma,7501.1,Recovered
COVID01540,81,Male,Maharashtra,Nashik,2020-11-27,Booster,None,Positive,No,13,Mild,99,None,1387.02,Recovered
COVID00681,58,Male,Karnataka,Mangaluru,2020-11-27,Fully Vaccinated,Cough,Negative,No,0,None,100,None,260.53,Not Infected
COVID04194,37,Male,Karnataka,Hubballi,2020-11-27,Fully Vaccinated,Loss of Taste/Smell,Positive,Yes,17,Moderate,95,None,4835.78,Recovered
COVID04851,57,Male,Delhi,Rohini,2020-11-27,Fully Vaccinated,Fever,Positive,Yes,12,Moderate,96,None,6825.51,Recovered
COVID00822,45,Male,West Bengal,Howrah,2020-11-28,Fully Vaccinated,Sore Throat,Negative,No,0,None,98,None,240.71,Not Infected
COVID04337,28,Male,Andhra Pradesh,Vijayawada,2020-11-29,Booster,None,Negative,No,0,None,99,None,15.45,Not Infected
COVID02226,47,Female,Kerala,Kochi,2020-11-29,Fully Vaccinated,None,Negative,No,0,None,98,Diabetes,170.78,Not Infected
COVID01070,60,Female,Kerala,Thrissur,2020-11-29,Not Vaccinated,Sore Throat,Positive,Yes,23,Severe,89,Hypertension,7695.19,Deceased
COVID00751,37,Female,Telangana,Nizamabad,2020-11-29,Fully Vaccinated,Cough,Positive,No,25,Mild,94,None,421.82,Recovered
COVID02500,77,Male,Telangana,Hyderabad,2020-11-30,Booster,Fatigue,Positive,Yes,26,Severe,97,None,7315.03,Deceased
COVID03635,85,Female,Telangana,Hyderabad,2020-11-30,Fully Vaccinated,Cough,Positive,No,39,Severe,94,None,1139.28,Deceased
COVID04053,70,Female,Rajasthan,Jodhpur,2020-11-30,Fully Vaccinated,Cough,Positive,No,11,Mild,94,None,863.33,Recovered
COVID01450,29,Female,Tamil Nadu,Coimbatore,2020-12-01,Not Vaccinated,None,Negative,No,0,None,95,None,353.62,Not Infected
COVID00212,25,Male,Kerala,Kozhikode,2020-12-01,Not Vaccinated,Sore Throat,Negative,No,0,None,98,Multiple,34.32,Not Infected
COVID04278,69,Female,Karnataka,Mangaluru,2020-12-01,Fully Vaccinated,Fatigue,Positive,No,8,Mild,98,None,2267.38,Deceased
COVID04648,47,Female,Andhra Pradesh,Visakhapatnam,2020-12-01,Fully Vaccinated,Breathing Difficulty,Positive,Yes,21,Moderate,94,Multiple,6884.41,Recovered
COVID02879,42,Male,Karnataka,Mysuru,2020-12-01,Fully Vaccinated,Loss of Taste/Smell,Positive,Yes,27,Severe,88,None,6810.46,Recovered
COVID01200,40,Male,Telangana,Warangal,2020-12-01,Booster,Sore Throat,Positive,No,11,Moderate,94,None,1347.91,Recovered
COVID01265,45,Female,West Bengal,Durgapur,2020-12-02,Partially Vaccinated,Breathing Difficulty,Positive,Yes,14,Moderate,95,Asthma,2971.39,Recovered
COVID00253,65,Female,Andhra Pradesh,Vijayawada,2020-12-02,Booster,None,Positive,No,23,Mild,96,None,1545.08,Recovered
COVID04005,45,Male,Andhra Pradesh,Guntur,2020-12-03,Fully Vaccinated,Sore Throat,Positive,Yes,40,Severe,92,Heart Disease,6153.82,Deceased
COVID02984,74,Female,Telangana,Warangal,2020-12-03,Not Vaccinated,None,Positive,No,22,Mild,99,None,737.42,Recovered
COVID04448,62,Female,Delhi,Rohini,2020-12-03,Fully Vaccinated,Cough,Negative,No,0,None,100,None,201.45,Not Infected
COVID02798,8,Male,Andhra Pradesh,Visakhapatnam,2020-12-03,Not Vaccinated,Fever,Positive,No,22,Mild,95,None,1260.69,Recovered
COVID04217,28,Male,Tamil Nadu,Coimbatore,2020-12-04,Partially Vaccinated,Sore Throat,Positive,Yes,13,Moderate,94,Hypertension,3163.85,Recovered
COVID00566,36,Male,Rajasthan,Jodhpur,2020-12-04,Not Vaccinated,Cough,Positive,No,18,Mild,98,Asthma,2061.61,Recovered
COVID04547,49,Female,Kerala,Thiruvananthapuram,2020-12-04,Fully Vaccinated,Fever,Positive,No,22,Mild,94,None,2010.75,Recovered
COVID00982,69,Male,Karnataka,Bengaluru,2020-12-04,Partially Vaccinated,Sore Throat,Negative,No,0,None,100,None,424.02,Not Infected
COVID03204,81,Male,Kerala,Thrissur,2020-12-05,Not Vaccinated,Breathing Difficulty,Positive,Yes,11,Moderate,100,None,5969.1,Recovered
COVID02030,27,Male,Telangana,Hyderabad,2020-12-05,Partially Vaccinated,None,Positive,Yes,19,Moderate,100,Multiple,7796.27,Recovered
COVID00690,35,Female,Karnataka,Hubballi,2020-12-05,Fully Vaccinated,Fever,Positive,Yes,9,Moderate,94,None,6271.38,Recovered
COVID01497,57,Female,Rajasthan,Udaipur,2020-12-05,Fully Vaccinated,Breathing Difficulty,Positive,Yes,17,Severe,90,None,3352.77,Recovered
COVID01611,40,Male,Gujarat,Ahmedabad,2020-12-05,Booster,Cough,Positive,Yes,26,Moderate,95,None,7626.01,Recovered
COVID02172,48,Male,West Bengal,Howrah,2020-12-06,Partially Vaccinated,Fatigue,Negative,No,0,None,99,None,414.33,Not Infected
COVID02511,34,Female,Delhi,Dwarka,2020-12-06,Partially Vaccinated,Fatigue,Positive,No,16,Mild,94,None,1604.5,Recovered
COVID03791,73,Female,West Bengal,Durgapur,2020-12-06,Booster,Fatigue,Positive,Yes,17,Moderate,95,None,3683.26,Recovered
COVID04147,29,Male,Andhra Pradesh,Guntur,2020-12-06,Fully Vaccinated,Cough,Positive,Yes,25,Moderate,96,None,5742.73,Recovered
COVID02073,76,Female,West Bengal,Durgapur,2020-12-06,Fully Vaccinated,Cough,Negative,No,0,None,98,None,57.6,Not Infected
COVID03735,32,Female,Gujarat,Ahmedabad,2020-12-06,Fully Vaccinated,Fever,Negative,No,0,None,100,Heart Disease,42.03,Not Infected
COVID03968,58,Female,Karnataka,Hubballi,2020-12-07,Fully Vaccinated,Cough,Positive,No,27,Mild,97,None,1502.66,Recovered
COVID02934,37,Female,Maharashtra,Nagpur,2020-12-07,Not Vaccinated,Fatigue,Positive,No,25,Mild,94,None,531.18,Recovered
COVID00936,74,Male,Tamil Nadu,Chennai,2020-12-07,Partially Vaccinated,Fatigue,Positive,No,27,Mild,96,None,2091.2,Deceased
COVID03390,52,Male,Rajasthan,Jodhpur,2020-12-08,Fully Vaccinated,Cough,Positive,Yes,29,Moderate,98,None,3214.07,Recovered
COVID01183,15,Male,Andhra Pradesh,Vijayawada,2020-12-08,Booster,Fever,Positive,No,16,Mild,96,None,1884.85,Recovered
COVID03334,38,Male,Gujarat,Vadodara,2020-12-08,Fully Vaccinated,Fatigue,Positive,Yes,36,Critical,88,Asthma,4955.69,Deceased
COVID03560,31,Male,Telangana,Nizamabad,2020-12-08,Fully Vaccinated,Cough,Negative,No,0,None,98,Asthma,110.37,Not Infected
COVID02562,5,Male,West Bengal,Howrah,2020-12-09,Not Vaccinated,Breathing Difficulty,Positive,No,7,Mild,94,None,2073.79,Recovered
COVID03492,66,Female,Tamil Nadu,Salem,2020-12-09,Fully Vaccinated,Fatigue,Positive,Yes,25,Moderate,99,Asthma,3371.54,Recovered
COVID01896,40,Male,Telangana,Warangal,2020-12-10,Fully Vaccinated,Sore Throat,Positive,No,25,Mild,93,None,611.39,Recovered
COVID02051,57,Male,Andhra Pradesh,Visakhapatnam,2020-12-10,Not Vaccinated,Fatigue,Positive,No,24,Mild,100,None,893.46,Deceased
COVID03256,70,Male,Maharashtra,Mumbai,2020-12-10,Not Vaccinated,Sore Throat,Negative,No,0,None,96,None,31.93,Not Infected
COVID02480,26,Male,Delhi,Rohini,2020-12-10,Fully Vaccinated,Cough,Positive,No,11,Mild,100,Diabetes,983.48,Recovered
COVID02672,74,Male,Kerala,Kochi,2020-12-11,Fully Vaccinated,Fever,Positive,Yes,7,Moderate,96,None,7182.9,Recovered
COVID04273,76,Female,Andhra Pradesh,Vijayawada,2020-12-11,Not Vaccinated,Fatigue,Positive,Yes,27,Moderate,97,None,5232.27,Recovered
COVID02338,79,Female,Maharashtra,Mumbai,2020-12-11,Booster,Fatigue,Negative,No,0,None,95,Hypertension,78.86,Not Infected
COVID04585,55,Male,Tamil Nadu,Salem,2020-12-11,Fully Vaccinated,Fatigue,Positive,Yes,25,Severe,96,None,2248.13,Recovered
COVID01722,84,Female,Delhi,Rohini,2020-12-12,Partially Vaccinated,None,Positive,No,6,Mild,94,None,2119.87,Recovered
COVID03195,19,Male,Karnataka,Mysuru,2020-12-12,Fully Vaccinated,None,Positive,Yes,25,Moderate,97,None,1599.37,Recovered
COVID02668,27,Male,West Bengal,Howrah,2020-12-13,Not Vaccinated,Cough,Positive,No,22,Mild,93,None,527.62,Recovered
COVID02536,32,Female,Andhra Pradesh,Vijayawada,2020-12-13,Not Vaccinated,Cough,Positive,No,18,Mild,97,None,447.16,Recovered
COVID01776,35,Female,West Bengal,Kolkata,2020-12-14,Not Vaccinated,Sore Throat,Positive,No,27,Severe,99,Multiple,1091.4,Recovered
COVID03500,76,Female,Tamil Nadu,Chennai,2020-12-14,Booster,Fever,Positive,Yes,28,Moderate,99,None,6679.12,Recovered
COVID03368,46,Female,Delhi,Dwarka,2020-12-15,Partially Vaccinated,None,Positive,No,17,Mild,99,Hypertension,1513.57,Recovered
COVID03101,61,Female,Kerala,Kochi,2020-12-15,Fully Vaccinated,Fatigue,Negative,No,0,None,100,Multiple,456.85,Not Infected
COVID00119,19,Male,Delhi,New Delhi,2020-12-15,Booster,None,Positive,No,8,Mild,96,None,2039.79,Recovered
COVID01440,77,Male,Karnataka,Mangaluru,2020-12-15,Partially Vaccinated,None,Positive,Yes,20,Severe,88,None,7729.21,Recovered
COVID01432,47,Male,Maharashtra,Pune,2020-12-15,Not Vaccinated,Fever,Negative,No,0,None,96,None,368.29,Not Infected
COVID02255,52,Male,Telangana,Hyderabad,2020-12-16,Fully Vaccinated,None,Negative,No,0,None,95,Hypertension,447.79,Not Infected
COVID04637,51,Female,Maharashtra,Pune,2020-12-16,Booster,Sore Throat,Negative,No,0,None,99,None,340.14,Not Infected
COVID02211,28,Female,Delhi,Rohini,2020-12-16,Fully Vaccinated,Fatigue,Positive,Yes,9,Moderate,97,None,7839.73,Recovered
COVID03776,41,Female,Maharashtra,Pune,2020-12-16,Fully Vaccinated,None,Positive,Yes,9,Moderate,98,None,7656.03,Recovered
COVID03240,71,Male,Karnataka,Hubballi,2020-12-16,Fully Vaccinated,None,Positive,No,5,Mild,97,Heart Disease,1127.73,Recovered
COVID02979,47,Female,West Bengal,Kolkata,2020-12-17,Fully Vaccinated,Sore Throat,Positive,No,16,Mild,98,Asthma,2309.47,Recovered
COVID02978,37,Female,West Bengal,Howrah,2020-12-17,Not Vaccinated,Fatigue,Positive,Yes,29,Moderate,93,None,5467.79,Recovered
COVID00322,6,Male,Delhi,Rohini,2020-12-17,Fully Vaccinated,None,Positive,Yes,27,Severe,95,None,5161.86,Recovered
COVID04866,29,Male,Gujarat,Ahmedabad,2020-12-17,Partially Vaccinated,Sore Throat,Positive,Yes,12,Moderate,97,Hypertension,2752.19,Recovered
COVID03649,6,Male,Maharashtra,Nashik,2020-12-17,Partially Vaccinated,Breathing Difficulty,Positive,No,16,Mild,94,Heart Disease,720.78,Recovered
COVID00972,60,Female,Tamil Nadu,Coimbatore,2020-12-17,Fully Vaccinated,Cough,Positive,No,16,Mild,94,None,1415.22,Deceased
COVID02435,82,Male,Kerala,Kozhikode,2020-12-18,Partially Vaccinated,Breathing Difficulty,Negative,No,0,None,95,None,36.41,Not Infected
COVID01690,62,Male,Telangana,Nizamabad,2020-12-18,Not Vaccinated,Breathing Difficulty,Positive,Yes,8,Moderate,96,None,7200.36,Recovered
COVID00328,31,Male,Gujarat,Vadodara,2020-12-18,Not Vaccinated,Breathing Difficulty,Negative,No,0,None,95,None,261.6,Not Infected
COVID00076,14,Female,Rajasthan,Jodhpur,2020-12-18,Partially Vaccinated,Sore Throat,Positive,No,26,Mild,99,Diabetes,864.52,Recovered
COVID01433,46,Female,West Bengal,Durgapur,2020-12-18,Fully Vaccinated,Sore Throat,Positive,No,27,Mild,93,None,1233.12,Recovered
COVID03236,77,Male,Karnataka,Mangaluru,2020-12-18,Fully Vaccinated,Fatigue,Positive,Yes,23,Moderate,97,Asthma,3824.2,Recovered
COVID04943,49,Male,Rajasthan,Jaipur,2020-12-18,Not Vaccinated,Cough,Negative,No,0,None,100,Hypertension,488.19,Not Infected
COVID04527,7,Male,Maharashtra,Nashik,2020-12-18,Fully Vaccinated,Sore Throat,Negative,No,0,None,99,None,140.15,Not Infected
COVID03413,30,Female,Rajasthan,Jaipur,2020-12-18,Not Vaccinated,Breathing Difficulty,Positive,Yes,5,Moderate,95,Asthma,7002.77,Recovered
COVID02908,84,Male,Tamil Nadu,Salem,2020-12-19,Fully Vaccinated,None,Negative,No,0,None,99,Multiple,110.19,Not Infected
COVID02790,13,Female,Kerala,Kochi,2020-12-19,Partially Vaccinated,Fever,Positive,No,9,Mild,96,None,2245.9,Recovered
COVID03569,49,Female,Andhra Pradesh,Guntur,2020-12-20,Partially Vaccinated,Breathing Difficulty,Positive,No,6,Mild,96,None,1685.68,Recovered
COVID03944,22,Female,Tamil Nadu,Chennai,2020-12-20,Fully Vaccinated,Breathing Difficulty,Positive,No,29,Mild,95,None,1676.46,Recovered
COVID04788,23,Male,Andhra Pradesh,Visakhapatnam,2020-12-20,Partially Vaccinated,Loss of Taste/Smell,Positive,No,25,Mild,94,Hypertension,1267.4,Recovered
COVID00835,71,Male,Telangana,Hyderabad,2020-12-20,Fully Vaccinated,Fever,Positive,No,5,Mild,94,None,1615.03,Recovered
COVID00577,83,Male,Tamil Nadu,Coimbatore,2020-12-20,Partially Vaccinated,None,Positive,No,25,Mild,93,Asthma,1629.57,Deceased
COVID02896,76,Male,Maharashtra,Mumbai,2020-12-21,Not Vaccinated,Fever,Positive,Yes,13,Severe,88,None,5737.38,Recovered
COVID04727,23,Female,Telangana,Hyderabad,2020-12-21,Partially Vaccinated,Sore Throat,Positive,No,13,Moderate,98,Hypertension,1129.99,Recovered
COVID00725,7,Female,Tamil Nadu,Chennai,2020-12-21,Not Vaccinated,Breathing Difficulty,Negative,No,0,None,99,None,54.34,Not Infected
COVID02056,14,Female,Delhi,New Delhi,2020-12-22,Fully Vaccinated,Sore Throat,Positive,No,6,Mild,93,None,1651.73,Recovered
COVID02191,44,Female,Karnataka,Bengaluru,2020-12-22,Not Vaccinated,Loss of Taste/Smell,Positive,No,16,Mild,95,Diabetes,2179.39,Recovered
COVID00661,34,Male,Telangana,Hyderabad,2020-12-22,Booster,Sore Throat,Positive,No,16,Mild,93,None,2393.74,Recovered
COVID01340,11,Female,Karnataka,Mangaluru,2020-12-23,Booster,Sore Throat,Positive,No,28,Moderate,96,Asthma,729.05,Recovered
COVID02572,55,Female,Gujarat,Vadodara,2020-12-23,Fully Vaccinated,Breathing Difficulty,Positive,No,27,Mild,97,None,326.74,Recovered
COVID01368,72,Male,West Bengal,Kolkata,2020-12-23,Booster,Loss of Taste/Smell,Positive,No,11,Mild,95,Heart Disease,525.72,Recovered
COVID02784,77,Female,Andhra Pradesh,Visakhapatnam,2020-12-23,Fully Vaccinated,Cough,Positive,No,23,Moderate,93,None,1984.15,Recovered
COVID00800,84,Female,West Bengal,Howrah,2020-12-23,Partially Vaccinated,Cough,Positive,No,19,Mild,94,None,1497.61,Recovered
COVID01116,45,Male,Maharashtra,Nagpur,2020-12-23,Fully Vaccinated,Cough,Negative,No,0,None,96,None,282.36,Not Infected
COVID04574,6,Female,Delhi,Rohini,2020-12-24,Not Vaccinated,Cough,Negative,No,0,None,96,Multiple,245.99,Not Infected
COVID03132,14,Male,Telangana,Hyderabad,2020-12-25,Fully Vaccinated,Cough,Positive,No,20,Mild,97,None,1430.88,Recovered
COVID00395,73,Male,Rajasthan,Jodhpur,2020-12-25,Partially Vaccinated,Cough,Positive,No,16,Mild,95,Asthma,2365.34,Recovered
COVID04436,58,Male,Maharashtra,Mumbai,2020-12-25,Fully Vaccinated,Sore Throat,Positive,No,13,Mild,98,None,1089.5,Recovered
COVID02785,35,Male,Kerala,Thiruvananthapuram,2020-12-25,Not Vaccinated,Fatigue,Positive,No,35,Critical,91,None,1730.05,Deceased
COVID00590,5,Female,Telangana,Hyderabad,2020-12-25,Not Vaccinated,Cough,Positive,No,17,Mild,93,None,2221.05,Recovered
COVID02535,8,Female,Rajasthan,Jaipur,2020-12-26,Fully Vaccinated,Cough,Positive,Yes,9,Moderate,96,Diabetes,4444.87,Recovered
COVID02391,32,Female,West Bengal,Durgapur,2020-12-26,Partially Vaccinated,Cough,Positive,Yes,27,Moderate,94,None,7264.39,Recovered
COVID03885,63,Male,Kerala,Thrissur,2020-12-26,Not Vaccinated,Cough,Negative,No,0,None,95,None,129.1,Not Infected
COVID03641,16,Female,Kerala,Thrissur,2020-12-26,Fully Vaccinated,None,Positive,No,7,Mild,94,None,2021.54,Recovered
COVID02999,55,Male,West Bengal,Howrah,2020-12-26,Not Vaccinated,Cough,Negative,No,0,None,100,None,408.88,Not Infected
COVID00954,59,Male,Rajasthan,Jaipur,2020-12-26,Partially Vaccinated,None,Positive,Yes,16,Moderate,95,Diabetes,5053.48,Recovered
COVID01868,12,Female,West Bengal,Durgapur,2020-12-27,Not Vaccinated,Sore Throat,Positive,Yes,7,Moderate,94,None,2899.81,Recovered
COVID00507,46,Female,Maharashtra,Pune,2020-12-27,Booster,Cough,Positive,No,29,Mild,95,Diabetes,915.58,Recovered
COVID04472,59,Female,Tamil Nadu,Chennai,2020-12-27,Fully Vaccinated,Fever,Negative,No,0,None,100,None,483.64,Not Infected
COVID01558,11,Female,Gujarat,Vadodara,2020-12-27,Booster,Fever,Negative,No,0,None,98,None,180.98,Not Infected
COVID00656,75,Male,Telangana,Warangal,2020-12-27,Fully Vaccinated,Fatigue,Negative,No,0,None,99,Diabetes,340.58,Not Infected
COVID00846,20,Female,Gujarat,Surat,2020-12-27,Fully Vaccinated,Fatigue,Negative,No,0,None,97,Heart Disease,126.21,Not Infected
COVID01416,67,Female,Karnataka,Hubballi,2020-12-27,Not Vaccinated,Fever,Negative,No,0,None,96,Diabetes,374.67,Not Infected
COVID02722,32,Female,Telangana,Hyderabad,2020-12-27,Fully Vaccinated,Fever,Positive,Yes,20,Severe,91,Heart Disease,1857.95,Deceased
COVID04912,11,Male,Maharashtra,Mumbai,2020-12-28,Fully Vaccinated,Fever,Positive,No,12,Mild,99,None,970.47,Recovered
COVID03333,69,Male,Tamil Nadu,Chennai,2020-12-28,Not Vaccinated,Cough,Positive,Yes,26,Moderate,99,Hypertension,5531.37,Recovered
COVID03027,44,Female,Karnataka,Hubballi,2020-12-28,Fully Vaccinated,None,Positive,No,43,Severe,95,Multiple,576.74,Recovered
COVID01979,42,Female,Telangana,Hyderabad,2020-12-28,Partially Vaccinated,Fever,Positive,No,8,Mild,98,None,1028.46,Recovered
COVID00268,7,Female,Kerala,Kochi,2020-12-28,Fully Vaccinated,Fever,Positive,Yes,27,Moderate,98,None,3771.93,Recovered
COVID03134,35,Male,Delhi,Rohini,2020-12-28,Fully Vaccinated,Cough,Negative,No,0,None,100,Diabetes,318.75,Not Infected
COVID04281,44,Male,Gujarat,Ahmedabad,2020-12-28,Partially Vaccinated,Breathing Difficulty,Positive,Yes,42,Severe,91,Hypertension,6061.94,Recovered
COVID01954,25,Male,Rajasthan,Udaipur,2020-12-28,Fully Vaccinated,Cough,Positive,Yes,39,Severe,93,None,7578.29,Recovered
COVID01819,18,Male,Karnataka,Hubballi,2020-12-28,Booster,Cough,Positive,No,13,Mild,94,Hypertension,1441.7,Recovered
COVID01118,11,Female,Delhi,Rohini,2020-12-29,Partially Vaccinated,Cough,Negative,No,0,None,96,None,194.26,Not Infected
COVID04557,70,Female,Andhra Pradesh,Vijayawada,2020-12-29,Not Vaccinated,Breathing Difficulty,Negative,No,0,None,96,Hypertension,97.77,Not Infected
COVID00882,36,Male,Andhra Pradesh,Vijayawada,2020-12-29,Fully Vaccinated,Cough,Positive,No,15,Severe,89,None,1203.16,Recovered
COVID02895,30,Male,Gujarat,Ahmedabad,2020-12-29,Fully Vaccinated,Fever,Positive,No,25,Mild,93,Hypertension,403.27,Recovered
COVID00118,59,Male,Delhi,Rohini,2020-12-29,Not Vaccinated,None,Positive,No,26,Mild,100,None,1748.87,Recovered
COVID00871,77,Female,Kerala,Thrissur,2020-12-30,Fully Vaccinated,Fatigue,Positive,No,17,Mild,93,None,2005.13,Deceased
COVID00947,70,Female,Maharashtra,Pune,2020-12-30,Booster,Cough,Positive,No,30,Mild,97,None,1928.59,Recovered
COVID00877,20,Female,Andhra Pradesh,Guntur,2020-12-30,Fully Vaccinated,Sore Throat,Positive,No,20,Mild,100,None,1522.95,Recovered
COVID00992,65,Female,Andhra Pradesh,Visakhapatnam,2020-12-31,Booster,None,Positive,No,16,Mild,96,Asthma,386.92,Deceased
COVID04936,60,Male,Kerala,Thiruvananthapuram,2020-12-31,Booster,None,Negative,No,0,None,95,Diabetes,332.21,Not Infected
COVID04087,12,Male,Karnataka,Hubballi,2020-12-31,Booster,Cough,Positive,No,6,Mild,100,Multiple,406.66,Recovered
COVID00626,16,Female,Telangana,Nizamabad,2020-12-31,Not Vaccinated,Sore Throat,Positive,No,5,Mild,100,None,1375.11,Recovered
COVID01353,29,Male,Gujarat,Surat,2020-12-31,Fully Vaccinated,Fever,Positive,No,25,Moderate,93,None,1075.57,Recovered
COVID03954,31,Female,Delhi,New Delhi,2020-12-31,Not Vaccinated,Fever,Negative,No,0,None,99,None,328.63,Not Infected
COVID03434,28,Male,Delhi,Dwarka,2020-12-31,Fully Vaccinated,Sore Throat,Positive,Yes,19,Moderate,99,Heart Disease,7339.23,Recovered
COVID04759,27,Female,Telangana,Hyderabad,2020-12-31,Not Vaccinated,Sore Throat,Positive,No,5,Mild,93,None,581.29,Recovered
COVID04602,54,Male,Karnataka,Bengaluru,2021-01-01,Not Vaccinated,Fever,Positive,No,22,Mild,95,None,1616.13,Recovered
COVID03652,37,Male,Maharashtra,Mumbai,2021-01-01,Partially Vaccinated,Fever,Positive,Yes,35,Severe,91,None,1563.24,Recovered
COVID00734,49,Male,West Bengal,Kolkata,2021-01-01,Booster,None,Positive,No,6,Mild,95,None,771.81,Recovered
COVID03871,68,Female,Karnataka,Mysuru,2021-01-02,Fully Vaccinated,Fatigue,Negative,No,0,None,98,Diabetes,225.28,Not Infected
COVID01732,20,Male,Delhi,Dwarka,2021-01-02,Fully Vaccinated,Fatigue,Positive,No,18,Mild,98,None,749.98,Recovered
COVID00320,62,Male,Karnataka,Mangaluru,2021-01-02,Fully Vaccinated,Fever,Positive,No,21,Moderate,100,Diabetes,2476.87,Recovered
COVID01046,8,Female,Andhra Pradesh,Visakhapatnam,2021-01-02,Partially Vaccinated,Loss of Taste/Smell,Negative,No,0,None,100,None,228.59,Not Infected
COVID03764,38,Male,Karnataka,Mangaluru,2021-01-03,Fully Vaccinated,Loss of Taste/Smell,Negative,No,0,None,100,None,320.79,Not Infected
COVID02658,64,Male,Gujarat,Vadodara,2021-01-03,Fully Vaccinated,Sore Throat,Positive,No,22,Mild,99,None,1718.7,Recovered
COVID03694,84,Female,Telangana,Warangal,2021-01-04,Fully Vaccinated,Fatigue,Positive,Yes,29,Severe,96,None,5421.08,Recovered
COVID01104,39,Male,Rajasthan,Jaipur,2021-01-04,Booster,Cough,Negative,No,0,None,99,Asthma,489.94,Not Infected
COVID02975,42,Male,Karnataka,Bengaluru,2021-01-04,Not Vaccinated,Cough,Positive,Yes,45,Critical,89,None,3575.74,Recovered
COVID04083,17,Female,Telangana,Warangal,2021-01-04,Not Vaccinated,Cough,Positive,No,7,Mild,93,Diabetes,596.32,Recovered
COVID03810,21,Male,Karnataka,Bengaluru,2021-01-04,Partially Vaccinated,Fever,Positive,Yes,20,Moderate,93,Multiple,1586.87,Recovered
COVID01069,22,Male,Tamil Nadu,Salem,2021-01-04,Booster,Loss of Taste/Smell,Positive,No,30,Mild,97,Asthma,1197.13,Recovered
COVID00049,27,Female,Delhi,Rohini,2021-01-04,Not Vaccinated,Cough,Positive,Yes,25,Severe,90,None,2399.76,Recovered
COVID04167,75,Male,Gujarat,Vadodara,2021-01-05,Partially Vaccinated,Fatigue,Positive,No,58,Critical,95,None,2309.99,Deceased
COVID04849,9,Male,Gujarat,Surat,2021-01-05,Fully Vaccinated,None,Positive,Yes,21,Moderate,94,None,3057.21,Recovered
COVID04598,49,Male,West Bengal,Kolkata,2021-01-05,Partially Vaccinated,Sore Throat,Positive,Yes,14,Moderate,96,None,7456.38,Recovered
COVID01158,83,Male,Telangana,Warangal,2021-01-06,Booster,Sore Throat,Negative,No,0,None,100,None,429.95,Not Infected
COVID03538,59,Female,Karnataka,Mysuru,2021-01-06,Fully Vaccinated,Loss of Taste/Smell,Positive,Yes,17,Moderate,95,None,4824.73,Recovered
COVID00202,36,Female,Tamil Nadu,Madurai,2021-01-06,Partially Vaccinated,Cough,Positive,No,35,Severe,98,Hypertension,2261.87,Recovered
COVID00110,62,Female,Maharashtra,Nashik,2021-01-06,Not Vaccinated,None,Negative,No,0,None,95,None,96.31,Not Infected
COVID00358,51,Male,Rajasthan,Jodhpur,2021-01-06,Partially Vaccinated,Fever,Positive,No,14,Mild,95,Multiple,1358.64,Recovered
COVID01913,11,Male,Maharashtra,Mumbai,2021-01-06,Fully Vaccinated,None,Positive,No,17,Mild,93,None,2101.93,Recovered
COVID04175,16,Male,Gujarat,Surat,2021-01-07,Booster,None,Positive,No,30,Mild,100,None,1964.9,Recovered
COVID00574,55,Male,Gujarat,Surat,2021-01-07,Fully Vaccinated,Fatigue,Negative,No,0,None,99,None,212.74,Not Infected
COVID02247,82,Male,West Bengal,Howrah,2021-01-08,Fully Vaccinated,Cough,Positive,No,8,Mild,94,Asthma,1362.66,Recovered
COVID02744,72,Male,Telangana,Hyderabad,2021-01-08,Fully Vaccinated,Fatigue,Positive,Yes,18,Moderate,100,None,6556.54,Recovered
COVID00607,30,Female,Rajasthan,Jaipur,2021-01-08,Booster,Fatigue,Positive,No,11,Mild,95,None,984.21,Recovered
COVID04257,6,Female,Delhi,New Delhi,2021-01-08,Fully Vaccinated,Breathing Difficulty,Positive,No,18,Mild,100,None,1668.17,Recovered
COVID00250,21,Female,Tamil Nadu,Chennai,2021-01-08,Fully Vaccinated,Loss of Taste/Smell,Negative,No,0,None,97,None,315.25,Not Infected
COVID00398,29,Male,Andhra Pradesh,Vijayawada,2021-01-08,Booster,None,Positive,No,11,Mild,98,None,2193.33,Recovered
COVID02804,31,Female,Maharashtra,Pune,2021-01-09,Not Vaccinated,Fatigue,Positive,No,14,Mild,96,None,1482.95,Recovered
COVID02482,49,Male,Rajasthan,Jodhpur,2021-01-09,Not Vaccinated,Fatigue,Positive,Yes,30,Moderate,93,Diabetes,5496.07,Recovered
COVID04601,81,Female,Maharashtra,Pune,2021-01-09,Fully Vaccinated,Loss of Taste/Smell,Negative,No,0,None,96,None,195.65,Not Infected
COVID02157,24,Female,Karnataka,Mysuru,2021-01-09,Not Vaccinated,Fever,Positive,Yes,6,Moderate,94,None,6054.8,Recovered
COVID03888,39,Female,Telangana,Nizamabad,2021-01-09,Fully Vaccinated,Sore Throat,Positive,No,23,Severe,95,None,1866.39,Deceased
COVID00861,85,Male,Karnataka,Bengaluru,2021-01-10,Partially Vaccinated,Fatigue,Negative,No,0,None,97,None,116.1,Not Infected
COVID01379,21,Male,Andhra Pradesh,Guntur,2021-01-10,Fully Vaccinated,Sore Throat,Positive,No,20,Mild,94,None,1607.55,Recovered
COVID04571,75,Female,Telangana,Hyderabad,2021-01-10,Partially Vaccinated,Cough,Positive,Yes,15,Moderate,98,None,3128.75,Recovered
COVID01188,5,Male,Karnataka,Hubballi,2021-01-10,Fully Vaccinated,Breathing Difficulty,Positive,Yes,32,Severe,96,Hypertension,7545.26,Recovered
COVID02236,68,Female,West Bengal,Durgapur,2021-01-10,Booster,None,Positive,Yes,23,Moderate,95,None,2530.18,Recovered
COVID02082,61,Male,Telangana,Nizamabad,2021-01-10,Fully Vaccinated,Breathing Difficulty,Negative,No,0,None,96,None,466.76,Not Infected
COVID02801,14,Male,Maharashtra,Pune,2021-01-11,Fully Vaccinated,None,Positive,No,16,Mild,97,Diabetes,1705.43,Recovered
COVID01153,21,Male,Karnataka,Bengaluru,2021-01-11,Not Vaccinated,None,Negative,No,0,None,99,None,422.65,Not Infected
COVID01090,36,Male,Karnataka,Bengaluru,2021-01-11,Fully Vaccinated,Fatigue,Positive,No,13,Mild,100,Hypertension,2007.62,Recovered
COVID03554,13,Male,Andhra Pradesh,Vijayawada,2021-01-11,Booster,Fever,Negative,No,0,None,99,None,222.26,Not Infected
COVID00755,68,Female,Telangana,Nizamabad,2021-01-11,Fully Vaccinated,None,Positive,No,10,Moderate,99,Diabetes,2352.83,Deceased
COVID03800,24,Female,Telangana,Nizamabad,2021-01-12,Not Vaccinated,Sore Throat,Positive,Yes,10,Moderate,98,None,2474.83,Recovered
COVID03185,43,Female,Rajasthan,Jaipur,2021-01-12,Booster,Cough,Positive,Yes,30,Moderate,98,Heart Disease,4708.77,Recovered
COVID00204,13,Female,Andhra Pradesh,Vijayawada,2021-01-12,Fully Vaccinated,Fever,Positive,No,11,Mild,96,None,2453.21,Recovered
COVID03576,67,Male,Andhra Pradesh,Guntur,2021-01-12,Not Vaccinated,Fever,Positive,No,7,Mild,97,Hypertension,1501.54,Recovered
COVID02926,61,Male,Tamil Nadu,Coimbatore,2021-01-12,Fully Vaccinated,Fever,Positive,No,27,Mild,95,Hypertension,1784.5,Recovered
COVID01934,46,Female,Rajasthan,Jaipur,2021-01-12,Booster,Fever,Positive,Yes,29,Moderate,96,None,5395.5,Recovered
COVID03514,41,Female,Gujarat,Ahmedabad,2021-01-13,Partially Vaccinated,Fatigue,Positive,Yes,37,Critical,99,None,4696.52,Recovered
COVID02131,82,Female,Rajasthan,Jaipur,2021-01-13,Fully Vaccinated,Fever,Negative,No,0,None,97,None,153.15,Not Infected
COVID04004,60,Female,Karnataka,Mysuru,2021-01-13,Fully Vaccinated,Loss of Taste/Smell,Positive,Yes,26,Moderate,95,Asthma,7789.89,Recovered
COVID02778,52,Female,Maharashtra,Pune,2021-01-13,Fully Vaccinated,None,Positive,No,7,Mild,100,None,638.19,Recovered
COVID01172,55,Male,Delhi,Rohini,2021-01-13,Not Vaccinated,Fatigue,Positive,No,13,Mild,99,None,1107.87,Recovered
COVID04556,36,Female,Tamil Nadu,Chennai,2021-01-14,Fully Vaccinated,Sore Throat,Positive,No,26,Mild,99,None,1736.13,Recovered
COVID00716,46,Male,Rajasthan,Jaipur,2021-01-14,Fully Vaccinated,Loss of Taste/Smell,Negative,No,0,None,96,Hypertension,450.41,Not Infected
COVID02136,19,Other,Tamil Nadu,Coimbatore,2021-01-14,Booster,Cough,Negative,No,0,None,95,None,246.17,Not Infected
COVID03948,84,Male,Karnataka,Mangaluru,2021-01-15,Not Vaccinated,None,Positive,No,20,Mild,97,None,724.43,Recovered
COVID00431,37,Female,Kerala,Thrissur,2021-01-15,Fully Vaccinated,Fatigue,Negative,No,0,None,97,Asthma,211.0,Not Infected
COVID01714,8,Male,Karnataka,Bengaluru,2021-01-15,Fully Vaccinated,Fever,Positive,No,27,Mild,95,Diabetes,1306.23,Recovered
COVID02692,52,Male,Delhi,Dwarka,2021-01-15,Fully Vaccinated,Fever,Negative,No,0,None,98,Diabetes,233.96,Not Infected
COVID04066,54,Female,Andhra Pradesh,Guntur,2021-01-16,Not Vaccinated,Fatigue,Positive,No,28,Mild,99,Multiple,2220.98,Recovered
COVID01767,31,Male,Telangana,Warangal,2021-01-16,Partially Vaccinated,Cough,Positive,No,26,Mild,95,None,1983.95,Recovered
COVID04877,22,Female,West Bengal,Howrah,2021-01-16,Fully Vaccinated,Sore Throat,Positive,Yes,11,Moderate,98,None,6511.88,Recovered
COVID01281,33,Female,Tamil Nadu,Chennai,2021-01-16,Partially Vaccinated,Fatigue,Positive,No,16,Mild,99,Asthma,441.47,Recovered
COVID00544,58,Male,Rajasthan,Udaipur,2021-01-17,Booster,Cough,Positive,No,7,Mild,97,Hypertension,875.18,Recovered
COVID04627,43,Female,Maharashtra,Nashik,2021-01-17,Fully Vaccinated,Fatigue,Positive,Yes,25,Moderate,94,None,6049.3,Recovered
COVID00702,77,Male,Andhra Pradesh,Visakhapatnam,2021-01-17,Fully Vaccinated,Cough,Negative,No,0,None,99,Asthma,383.96,Not Infected
COVID00573,57,Male,Kerala,Kozhikode,2021-01-17,Fully Vaccinated,Cough,Positive,No,17,Mild,97,None,2198.68,Recovered
COVID00095,85,Female,Delhi,Rohini,2021-01-17,Partially Vaccinated,Cough,Positive,No,17,Mild,96,Asthma,644.99,Recovered
COVID00749,60,Other,Maharashtra,Nagpur,2021-01-18,Partially Vaccinated,Fever,Positive,No,26,Severe,92,None,2106.11,Recovered
COVID03395,57,Male,Andhra Pradesh,Guntur,2021-01-18,Booster,None,Negative,No,0,None,99,None,347.97,Not Infected
COVID04685,75,Female,Karnataka,Hubballi,2021-01-18,Partially Vaccinated,Cough,Positive,Yes,27,Moderate,99,Hypertension,5915.27,Deceased
COVID04177,46,Male,Kerala,Thrissur,2021-01-18,Not Vaccinated,None,Negative,No,0,None,100,None,240.48,Not Infected
COVID03841,48,Female,Andhra Pradesh,Vijayawada,2021-01-19,Fully Vaccinated,Cough,Negative,No,0,None,95,None,236.72,Not Infected
COVID04536,80,Male,Andhra Pradesh,Visakhapatnam,2021-01-19,Fully Vaccinated,Cough,Negative,No,0,None,97,None,247.07,Not Infected
COVID04315,8,Male,Telangana,Warangal,2021-01-19,Not Vaccinated,Sore Throat,Positive,No,22,Mild,95,None,1822.74,Recovered
COVID03609,62,Female,Rajasthan,Udaipur,2021-01-19,Fully Vaccinated,Cough,Positive,No,30,Mild,94,None,2255.78,Recovered
COVID04431,51,Male,Gujarat,Surat,2021-01-20,Fully Vaccinated,Fever,Negative,No,0,None,97,Hypertension,289.32,Not Infected
COVID04553,81,Female,Tamil Nadu,Salem,2021-01-20,Fully Vaccinated,Fatigue,Negative,No,0,None,96,Heart Disease,364.88,Not Infected
COVID02356,17,Female,Andhra Pradesh,Guntur,2021-01-21,Fully Vaccinated,Cough,Positive,Yes,6,Moderate,98,None,5043.53,Recovered
COVID01222,45,Male,Andhra Pradesh,Guntur,2021-01-21,Fully Vaccinated,Sore Throat,Positive,No,30,Mild,98,Diabetes,2240.51,Recovered
COVID04919,54,Male,Tamil Nadu,Chennai,2021-01-21,Fully Vaccinated,Fatigue,Positive,Yes,6,Moderate,100,None,1652.62,Recovered
COVID03348,39,Male,Delhi,Rohini,2021-01-21,Fully Vaccinated,Cough,Positive,Yes,7,Moderate,100,Multiple,4342.28,Recovered
COVID00448,62,Female,Tamil Nadu,Coimbatore,2021-01-21,Fully Vaccinated,Fever,Positive,No,24,Mild,94,None,591.27,Recovered
COVID01223,53,Male,Tamil Nadu,Chennai,2021-01-21,Partially Vaccinated,Cough,Positive,No,9,Mild,93,None,1682.19,Recovered
COVID02267,50,Male,Tamil Nadu,Chennai,2021-01-21,Not Vaccinated,Breathing Difficulty,Negative,No,0,None,95,None,213.92,Not Infected
COVID02264,5,Female,Gujarat,Vadodara,2021-01-22,Partially Vaccinated,Cough,Positive,No,19,Moderate,97,None,1433.49,Recovered
COVID04118,27,Female,Karnataka,Mysuru,2021-01-22,Not Vaccinated,Cough,Positive,Yes,17,Moderate,97,None,3556.3,Recovered
COVID00071,48,Male,Gujarat,Ahmedabad,2021-01-22,Not Vaccinated,Fever,Positive,No,55,Critical,88,Diabetes,2454.58,Recovered
COVID04364,39,Male,Andhra Pradesh,Guntur,2021-01-22,Fully Vaccinated,Fatigue,Positive,No,5,Moderate,95,None,1441.5,Recovered
COVID01483,55,Male,Kerala,Thrissur,2021-01-22,Fully Vaccinated,Fatigue,Positive,No,37,Severe,91,None,343.99,Recovered
COVID02182,76,Female,Gujarat,Ahmedabad,2021-01-22,Fully Vaccinated,None,Positive,Yes,24,Moderate,95,Asthma,3069.68,Recovered
COVID00289,44,Male,Tamil Nadu,Salem,2021-01-22,Fully Vaccinated,Sore Throat,Positive,No,22,Mild,95,None,1053.6,Recovered
COVID01936,73,Male,Gujarat,Ahmedabad,2021-01-22,Partially Vaccinated,Fever,Positive,No,28,Mild,98,None,1273.53,Recovered
COVID02223,82,Other,Maharashtra,Nagpur,2021-01-23,Partially Vaccinated,Sore Throat,Positive,Yes,15,Moderate,100,Heart Disease,3841.04,Deceased
COVID04902,18,Male,Kerala,Thiruvananthapuram,2021-01-23,Not Vaccinated,Cough,Negative,No,0,None,96,None,379.49,Not Infected
COVID03375,78,Female,Karnataka,Bengaluru,2021-01-23,Fully Vaccinated,Cough,Positive,Yes,28,Moderate,100,Hypertension,5092.07,Recovered
COVID02319,31,Male,Karnataka,Bengaluru,2021-01-23,Not Vaccinated,None,Positive,No,15,Mild,94,None,313.74,Recovered
COVID00414,21,Male,Tamil Nadu,Chennai,2021-01-23,Fully Vaccinated,Fever,Negative,No,0,None,97,Diabetes,315.59,Not Infected
COVID00542,16,Other,Delhi,Dwarka,2021-01-24,Partially Vaccinated,Fatigue,Negative,No,0,None,100,None,70.2,Not Infected
COVID02057,76,Male,Rajasthan,Udaipur,2021-01-24,Not Vaccinated,Cough,Positive,No,19,Mild,94,None,2130.55,Recovered
COVID01219,27,Male,Telangana,Warangal,2021-01-24,Fully Vaccinated,Fever,Positive,Yes,14,Moderate,99,None,7877.63,Recovered
COVID03556,24,Female,West Bengal,Howrah,2021-01-25,Fully Vaccinated,Cough,Positive,No,26,Mild,100,Hypertension,495.07,Recovered
COVID00282,34,Male,Andhra Pradesh,Guntur,2021-01-25,Booster,Breathing Difficulty,Negative,No,0,None,98,Diabetes,232.8,Not Infected
COVID00377,37,Female,Kerala,Thrissur,2021-01-25,Fully Vaccinated,Fatigue,Positive,Yes,23,Moderate,97,None,4143.32,Recovered
COVID01973,28,Male,Maharashtra,Nashik,2021-01-25,Fully Vaccinated,Fever,Positive,Yes,15,Moderate,93,Multiple,3247.82,Recovered
COVID03927,31,Male,Rajasthan,Jaipur,2021-01-25,Partially Vaccinated,Loss of Taste/Smell,Negative,No,0,None,100,Heart Disease,461.4,Not Infected
COVID01521,59,Female,Delhi,New Delhi,2021-01-25,Fully Vaccinated,Fatigue,Positive,No,14,Mild,97,None,526.2,Recovered
COVID00703,17,Female,Karnataka,Bengaluru,2021-01-26,Fully Vaccinated,Fever,Positive,No,35,Severe,89,None,2043.43,Recovered
COVID03799,75,Male,West Bengal,Kolkata,2021-01-26,Partially Vaccinated,Fatigue,Positive,Yes,21,Moderate,94,None,4793.7,Deceased
COVID02812,19,Female,Kerala,Kozhikode,2021-01-26,Fully Vaccinated,Breathing Difficulty,Positive,No,16,Mild,96,None,2281.45,Recovered
COVID02757,23,Female,Tamil Nadu,Chennai,2021-01-27,Partially Vaccinated,Fatigue,Positive,Yes,38,Critical,90,Multiple,1893.18,Recovered
COVID03908,54,Male,Maharashtra,Pune,2021-01-27,Not Vaccinated,Cough,Negative,No,0,None,98,None,62.4,Not Infected
COVID04683,13,Male,Delhi,Rohini,2021-01-27,Fully Vaccinated,Sore Throat,Positive,No,10,Mild,100,None,1938.73,Recovered
COVID00032,61,Male,Maharashtra,Nashik,2021-01-27,Booster,Fatigue,Positive,Yes,26,Severe,92,Hypertension,5660.47,Recovered
COVID03372,28,Male,Gujarat,Surat,2021-01-27,Not Vaccinated,Fatigue,Positive,No,24,Mild,99,None,542.27,Recovered
COVID04231,53,Male,Gujarat,Vadodara,2021-01-27,Booster,Cough,Negative,No,0,None,100,None,395.11,Not Infected
COVID01048,56,Female,Delhi,Rohini,2021-01-28,Fully Vaccinated,Fatigue,Negative,No,0,None,96,Multiple,186.95,Not Infected
COVID03035,47,Male,Tamil Nadu,Coimbatore,2021-01-28,Fully Vaccinated,Fatigue,Positive,No,26,Mild,98,Multiple,2214.03,Recovered
COVID03737,45,Female,Gujarat,Vadodara,2021-01-28,Fully Vaccinated,Fatigue,Negative,No,0,None,95,Hypertension,175.88,Not Infected
COVID03650,76,Male,Telangana,Warangal,2021-01-29,Not Vaccinated,None,Positive,Yes,27,Severe,94,Hypertension,5215.2,Recovered
COVID00900,34,Male,Delhi,New Delhi,2021-01-29,Not Vaccinated,Loss of Taste/Smell,Negative,No,0,None,99,None,414.32,Not Infected
COVID02315,49,Female,Rajasthan,Udaipur,2021-01-29,Not Vaccinated,Fever,Positive,No,23,Mild,94,None,308.36,Recovered
COVID03078,7,Male,Tamil Nadu,Madurai,2021-01-30,Fully Vaccinated,Fatigue,Positive,No,11,Mild,97,Hypertension,1132.09,Recovered
COVID01891,49,Male,Karnataka,Bengaluru,2021-01-30,Partially Vaccinated,Loss of Taste/Smell,Positive,No,7,Mild,95,Diabetes,1201.22,Recovered
COVID02478,61,Male,Kerala,Thrissur,2021-01-30,Fully Vaccinated,Cough,Positive,No,25,Mild,98,Multiple,948.19,Recovered
COVID04726,73,Female,Andhra Pradesh,Vijayawada,2021-01-30,Fully Vaccinated,Fatigue,Negative,No,0,None,98,None,484.45,Not Infected
COVID01881,22,Female,Rajasthan,Jodhpur,2021-01-31,Booster,None,Positive,Yes,9,Moderate,95,None,7052.19,Recovered
COVID03397,71,Male,Karnataka,Mangaluru,2021-01-31,Not Vaccinated,Fever,Positive,Yes,24,Moderate,93,Multiple,4463.1,Deceased
COVID03198,54,Female,Tamil Nadu,Coimbatore,2021-01-31,Booster,Fever,Negative,No,0,None,99,None,263.69,Not Infected
COVID01708,74,Female,Rajasthan,Jaipur,2021-02-01,Partially Vaccinated,Fatigue,Negative,No,0,None,96,Multiple,303.27,Not Infected
COVID04520,64,Female,Gujarat,Ahmedabad,2021-02-01,Booster,Sore Throat,Positive,Yes,5,Moderate,100,None,2186.03,Recovered
COVID03133,29,Male,Andhra Pradesh,Vijayawada,2021-02-02,Partially Vaccinated,Fever,Positive,Yes,21,Moderate,100,None,2691.52,Recovered
COVID00837,18,Male,Andhra Pradesh,Vijayawada,2021-02-02,Booster,None,Positive,No,29,Mild,95,None,1965.38,Recovered
COVID03899,40,Male,Karnataka,Bengaluru,2021-02-02,Fully Vaccinated,Breathing Difficulty,Negative,No,0,None,100,Diabetes,264.64,Not Infected
COVID02321,82,Male,Telangana,Hyderabad,2021-02-02,Fully Vaccinated,Fever,Negative,No,0,None,99,None,141.82,Not Infected
COVID02509,69,Male,Rajasthan,Jodhpur,2021-02-02,Booster,None,Positive,No,16,Mild,99,None,1359.02,Recovered
COVID01006,36,Male,Gujarat,Ahmedabad,2021-02-02,Fully Vaccinated,Fatigue,Negative,No,0,None,98,Hypertension,299.08,Not Infected
COVID01921,63,Male,Kerala,Thiruvananthapuram,2021-02-02,Partially Vaccinated,Fatigue,Positive,No,21,Mild,98,None,1651.75,Recovered
COVID00872,10,Female,Tamil Nadu,Chennai,2021-02-02,Partially Vaccinated,Fever,Positive,No,30,Mild,97,None,1021.01,Recovered
COVID04893,25,Male,Delhi,New Delhi,2021-02-02,Partially Vaccinated,None,Negative,No,0,None,96,None,34.45,Not Infected
COVID01810,51,Female,Gujarat,Surat,2021-02-02,Fully Vaccinated,Breathing Difficulty,Positive,Yes,10,Moderate,97,Heart Disease,7016.45,Recovered
COVID00183,13,Male,Tamil Nadu,Salem,2021-02-02,Fully Vaccinated,Fever,Positive,No,18,Mild,97,Diabetes,1995.38,Recovered
COVID04161,60,Male,Maharashtra,Nashik,2021-02-03,Booster,Fatigue,Positive,No,25,Mild,97,None,1315.74,Recovered
COVID01120,64,Female,Andhra Pradesh,Vijayawada,2021-02-03,Partially Vaccinated,Fever,Negative,No,0,None,100,None,137.41,Not Infected
COVID04802,30,Male,Gujarat,Surat,2021-02-03,Fully Vaccinated,None,Negative,No,0,None,97,None,475.12,Not Infected
COVID04624,39,Male,Karnataka,Bengaluru,2021-02-03,Fully Vaccinated,Fever,Positive,Yes,34,Severe,98,None,6890.34,Recovered
COVID01579,63,Male,West Bengal,Durgapur,2021-02-03,Not Vaccinated,Fatigue,Negative,No,0,None,99,None,126.9,Not Infected
COVID03615,83,Male,Tamil Nadu,Chennai,2021-02-03,Booster,None,Negative,No,0,None,97,None,410.81,Not Infected
COVID00567,14,Female,Rajasthan,Jodhpur,2021-02-04,Fully Vaccinated,Sore Throat,Negative,No,0,None,98,None,86.92,Not Infected
COVID03398,70,Male,Andhra Pradesh,Vijayawada,2021-02-04,Partially Vaccinated,Sore Throat,Positive,Yes,10,Moderate,93,None,4161.43,Recovered
COVID03742,37,Male,Rajasthan,Udaipur,2021-02-05,Fully Vaccinated,Fatigue,Positive,No,29,Mild,99,None,1660.52,Recovered
COVID00619,26,Male,Telangana,Nizamabad,2021-02-05,Partially Vaccinated,Fever,Positive,Yes,20,Moderate,98,None,3597.71,Recovered
COVID02918,60,Male,Rajasthan,Jodhpur,2021-02-05,Partially Vaccinated,None,Positive,No,12,Mild,97,None,1838.91,Recovered
COVID00973,55,Male,Andhra Pradesh,Guntur,2021-02-05,Booster,Fatigue,Positive,No,7,Mild,97,Hypertension,666.47,Recovered
COVID04667,56,Female,Maharashtra,Nashik,2021-02-05,Not Vaccinated,None,Negative,No,0,None,95,None,402.11,Not Infected
COVID03008,63,Male,Maharashtra,Nashik,2021-02-06,Not Vaccinated,Fatigue,Negative,No,0,None,98,Hypertension,256.45,Not Infected
COVID01381,38,Male,Gujarat,Surat,2021-02-06,Booster,Fatigue,Positive,Yes,29,Moderate,100,Heart Disease,4148.55,Recovered
COVID03818,50,Female,Andhra Pradesh,Guntur,2021-02-06,Booster,Breathing Difficulty,Positive,No,15,Moderate,98,Heart Disease,2257.79,Recovered
COVID04859,84,Male,Kerala,Kochi,2021-02-06,Booster,Sore Throat,Positive,Yes,7,Moderate,93,Asthma,7350.21,Deceased
COVID02927,73,Female,Gujarat,Ahmedabad,2021-02-06,Partially Vaccinated,Fatigue,Positive,Yes,46,Critical,97,Diabetes,6795.34,Recovered
COVID03478,54,Male,Telangana,Warangal,2021-02-07,Booster,Fatigue,Positive,No,21,Mild,94,Diabetes,674.51,Recovered
COVID02794,45,Female,Gujarat,Ahmedabad,2021-02-07,Not Vaccinated,Cough,Negative,No,0,None,98,None,275.96,Not Infected
COVID01822,62,Male,Delhi,Dwarka,2021-02-07,Not Vaccinated,Fever,Positive,No,20,Moderate,94,None,903.24,Recovered
COVID03657,12,Male,Gujarat,Ahmedabad,2021-02-07,Not Vaccinated,Fatigue,Negative,No,0,None,95,None,393.7,Not Infected
COVID03624,36,Female,Telangana,Hyderabad,2021-02-07,Fully Vaccinated,Breathing Difficulty,Positive,No,30,Mild,96,Diabetes,982.33,Recovered
COVID02485,9,Male,Kerala,Kozhikode,2021-02-08,Fully Vaccinated,Breathing Difficulty,Negative,No,0,None,97,Hypertension,62.89,Not Infected
COVID04283,29,Male,Gujarat,Ahmedabad,2021-02-08,Fully Vaccinated,Fatigue,Positive,Yes,16,Moderate,100,Hypertension,7506.42,Recovered
COVID01567,16,Male,Delhi,Rohini,2021-02-08,Not Vaccinated,Cough,Positive,No,21,Mild,97,None,326.48,Recovered
COVID04650,54,Female,Telangana,Nizamabad,2021-02-08,Partially Vaccinated,Fatigue,Positive,No,11,Moderate,99,Diabetes,2446.39,Recovered
COVID02974,18,Female,Rajasthan,Jodhpur,2021-02-08,Booster,Fever,Positive,No,20,Mild,96,None,2040.85,Recovered
COVID04975,34,Male,Delhi,New Delhi,2021-02-08,Partially Vaccinated,Fever,Negative,No,0,None,98,None,253.11,Not Infected
COVID04525,5,Male,Telangana,Warangal,2021-02-09,Fully Vaccinated,None,Positive,No,19,Mild,93,Diabetes,1981.2,Recovered
COVID02661,22,Female,Gujarat,Surat,2021-02-10,Partially Vaccinated,Fever,Negative,No,0,None,99,Diabetes,345.54,Not Infected
COVID03109,58,Male,Tamil Nadu,Coimbatore,2021-02-10,Fully Vaccinated,None,Negative,No,0,None,100,None,193.46,Not Infected
COVID03357,70,Male,Telangana,Hyderabad,2021-02-10,Partially Vaccinated,Breathing Difficulty,Negative,No,0,None,96,None,70.65,Not Infected
COVID03047,84,Male,Kerala,Kozhikode,2021-02-10,Not Vaccinated,Fever,Positive,Yes,16,Moderate,93,None,7877.06,Recovered
COVID03394,51,Male,Telangana,Hyderabad,2021-02-10,Not Vaccinated,Fatigue,Negative,No,0,None,96,Hypertension,313.45,Not Infected
COVID03009,26,Male,Delhi,Rohini,2021-02-10,Partially Vaccinated,Fatigue,Positive,Yes,20,Moderate,97,Hypertension,3017.23,Recovered
COVID04394,60,Female,Rajasthan,Jaipur,2021-02-10,Not Vaccinated,Loss of Taste/Smell,Positive,Yes,28,Moderate,97,None,2890.44,Recovered
COVID03356,68,Female,Karnataka,Mangaluru,2021-02-10,Fully Vaccinated,Fever,Positive,No,23,Mild,96,Diabetes,1658.07,Recovered
COVID01886,68,Female,West Bengal,Howrah,2021-02-10,Not Vaccinated,None,Positive,Yes,26,Moderate,100,None,6166.4,Deceased
COVID04093,27,Male,Maharashtra,Nashik,2021-02-10,Fully Vaccinated,Loss of Taste/Smell,Positive,No,7,Mild,97,Diabetes,1309.65,Recovered
COVID02736,7,Female,West Bengal,Kolkata,2021-02-11,Fully Vaccinated,Cough,Negative,No,0,None,99,Diabetes,92.87,Not Infected
COVID03337,66,Other,West Bengal,Howrah,2021-02-12,Fully Vaccinated,Sore Throat,Positive,Yes,37,Severe,88,Diabetes,6830.36,Recovered
COVID02046,13,Male,Maharashtra,Pune,2021-02-12,Fully Vaccinated,None,Negative,No,0,None,99,None,324.74,Not Infected
COVID00127,72,Female,Kerala,Kochi,2021-02-12,Partially Vaccinated,None,Positive,No,8,Mild,95,Hypertension,1191.19,Recovered
COVID01430,20,Male,Maharashtra,Mumbai,2021-02-12,Booster,None,Positive,No,21,Mild,99,Hypertension,2160.8,Deceased
COVID00560,25,Other,Kerala,Thrissur,2021-02-12,Fully Vaccinated,Loss of Taste/Smell,Positive,Yes,26,Moderate,97,Hypertension,6990.96,Recovered
COVID01530,14,Female,Kerala,Thrissur,2021-02-12,Partially Vaccinated,Sore Throat,Positive,No,12,Moderate,96,None,972.6,Recovered
COVID04607,58,Female,Gujarat,Surat,2021-02-12,Fully Vaccinated,None,Positive,No,28,Mild,95,Hypertension,944.94,Recovered
COVID02285,30,Female,Kerala,Thrissur,2021-02-12,Partially Vaccinated,Fever,Positive,No,24,Mild,99,Hypertension,1522.46,Recovered
COVID02663,58,Female,Kerala,Thiruvananthapuram,2021-02-13,Fully Vaccinated,Cough,Positive,Yes,25,Severe,99,Hypertension,7726.32,Recovered
COVID03932,84,Female,Karnataka,Hubballi,2021-02-13,Partially Vaccinated,Breathing Difficulty,Negative,No,0,None,100,None,483.08,Not Infected
COVID01296,34,Male,West Bengal,Durgapur,2021-02-13,Fully Vaccinated,None,Positive,Yes,16,Moderate,99,None,7732.17,Recovered
COVID00445,31,Female,Gujarat,Ahmedabad,2021-02-13,Fully Vaccinated,Fatigue,Positive,No,21,Mild,95,Multiple,516.81,Recovered
COVID04362,40,Male,Tamil Nadu,Madurai,2021-02-13,Partially Vaccinated,Loss of Taste/Smell,Positive,No,10,Mild,100,None,2001.21,Recovered
COVID02165,58,Female,West Bengal,Kolkata,2021-02-13,Fully Vaccinated,Fever,Positive,No,14,Mild,93,None,2120.93,Recovered
COVID01599,58,Other,Gujarat,Surat,2021-02-14,Fully Vaccinated,Fever,Negative,No,0,None,98,Heart Disease,326.35,Not Infected
COVID03666,70,Male,Telangana,Nizamabad,2021-02-14,Not Vaccinated,Cough,Positive,Yes,6,Moderate,93,Hypertension,2064.43,Recovered
COVID03736,5,Female,Karnataka,Mysuru,2021-02-14,Fully Vaccinated,Sore Throat,Negative,No,0,None,98,None,115.99,Not Infected
COVID00219,36,Male,Karnataka,Mysuru,2021-02-14,Fully Vaccinated,Loss of Taste/Smell,Negative,No,0,None,98,Diabetes,193.25,Not Infected
COVID04429,82,Male,Karnataka,Mysuru,2021-02-15,Fully Vaccinated,Fever,Positive,No,8,Moderate,96,None,533.96,Recovered
COVID00229,42,Female,Rajasthan,Jaipur,2021-02-15,Fully Vaccinated,Fever,Negative,No,0,None,97,None,85.3,Not Infected
COVID01030,76,Male,Maharashtra,Mumbai,2021-02-15,Booster,Sore Throat,Negative,No,0,None,100,None,116.63,Not Infected
COVID01358,67,Female,Kerala,Kozhikode,2021-02-15,Partially Vaccinated,Fever,Positive,Yes,9,Moderate,97,Hypertension,2143.44,Recovered
COVID02134,42,Male,West Bengal,Howrah,2021-02-16,Fully Vaccinated,Loss of Taste/Smell,Negative,No,0,None,100,None,220.21,Not Infected
COVID04832,25,Male,Karnataka,Bengaluru,2021-02-16,Not Vaccinated,Fever,Positive,No,17,Mild,99,None,1689.75,Recovered
COVID04051,83,Male,Rajasthan,Jaipur,2021-02-16,Partially Vaccinated,Sore Throat,Positive,No,9,Mild,94,Diabetes,901.99,Recovered
COVID01225,60,Female,Telangana,Nizamabad,2021-02-16,Not Vaccinated,Cough,Positive,No,26,Mild,97,None,1717.18,Recovered
COVID04123,6,Female,Tamil Nadu,Coimbatore,2021-02-16,Booster,Loss of Taste/Smell,Negative,No,0,None,99,Hypertension,376.02,Not Infected
COVID00642,78,Female,Andhra Pradesh,Vijayawada,2021-02-17,Booster,None,Positive,No,22,Moderate,98,Diabetes,2064.49,Recovered
COVID02542,44,Male,Gujarat,Surat,2021-02-17,Partially Vaccinated,Sore Throat,Positive,No,8,Mild,94,Diabetes,2176.0,Recovered
COVID02443,6,Female,Gujarat,Ahmedabad,2021-02-17,Fully Vaccinated,Fever,Negative,No,0,None,96,None,426.21,Not Infected
COVID00946,26,Female,Delhi,New Delhi,2021-02-17,Fully Vaccinated,Loss of Taste/Smell,Negative,No,0,None,97,None,3.33,Not Infected
COVID03237,82,Male,Karnataka,Mysuru,2021-02-18,Not Vaccinated,Breathing Difficulty,Positive,No,9,Mild,98,Hypertension,1291.61,Recovered
COVID04098,73,Male,Karnataka,Mangaluru,2021-02-18,Partially Vaccinated,Fatigue,Positive,No,25,Mild,100,None,2446.55,Recovered
COVID00694,77,Male,West Bengal,Kolkata,2021-02-18,Fully Vaccinated,Loss of Taste/Smell,Positive,Yes,29,Severe,98,None,7776.57,Recovered
COVID03534,70,Female,Rajasthan,Jodhpur,2021-02-19,Fully Vaccinated,Cough,Positive,No,6,Mild,93,None,1141.35,Recovered
COVID00007,24,Male,Maharashtra,Nashik,2021-02-19,Booster,Fatigue,Positive,Yes,35,Severe,96,None,2167.25,Recovered
COVID03515,8,Male,Tamil Nadu,Salem,2021-02-19,Fully Vaccinated,Sore Throat,Positive,No,27,Mild,98,None,1139.2,Recovered
COVID04437,85,Female,Telangana,Hyderabad,2021-02-19,Partially Vaccinated,Fatigue,Negative,No,0,None,95,Asthma,267.39,Not Infected
COVID02724,30,Female,Karnataka,Mangaluru,2021-02-19,Not Vaccinated,None,Positive,Yes,14,Severe,97,None,4372.87,Recovered
COVID04680,75,Female,West Bengal,Durgapur,2021-02-19,Not Vaccinated,Loss of Taste/Smell,Positive,Yes,21,Moderate,100,None,7025.74,Recovered
COVID00012,77,Female,Gujarat,Ahmedabad,2021-02-20,Fully Vaccinated,Sore Throat,Positive,Yes,31,Severe,92,Multiple,6748.81,Recovered
COVID01420,18,Female,Maharashtra,Nagpur,2021-02-20,Not Vaccinated,Breathing Difficulty,Positive,No,28,Mild,99,Hypertension,689.75,Recovered
COVID04232,57,Female,West Bengal,Kolkata,2021-02-20,Booster,Cough,Positive,Yes,23,Moderate,99,None,7189.22,Recovered
COVID04821,68,Male,Rajasthan,Jaipur,2021-02-20,Partially Vaccinated,Loss of Taste/Smell,Positive,Yes,16,Severe,90,None,4582.27,Recovered
COVID02145,70,Male,West Bengal,Durgapur,2021-02-20,Booster,None,Negative,No,0,None,97,Hypertension,375.02,Not Infected
COVID02639,33,Female,Tamil Nadu,Coimbatore,2021-02-20,Booster,Sore Throat,Positive,Yes,19,Moderate,100,Asthma,4358.18,Recovered
COVID00061,69,Female,Kerala,Thiruvananthapuram,2021-02-20,Fully Vaccinated,Fever,Positive,No,19,Mild,96,Asthma,539.06,Recovered
COVID04674,21,Male,Tamil Nadu,Coimbatore,2021-02-20,Booster,None,Positive,No,13,Mild,97,None,649.1,Recovered
COVID01375,63,Male,Kerala,Kozhikode,2021-02-20,Fully Vaccinated,Fatigue,Positive,No,24,Mild,95,Diabetes,1397.99,Recovered
COVID00450,16,Female,Maharashtra,Pune,2021-02-21,Fully Vaccinated,Breathing Difficulty,Positive,Yes,12,Moderate,94,None,7369.68,Recovered
COVID04207,16,Female,Rajasthan,Jodhpur,2021-02-21,Booster,Fever,Positive,No,11,Mild,95,None,655.31,Recovered
COVID04763,17,Female,Telangana,Nizamabad,2021-02-21,Partially Vaccinated,Sore Throat,Negative,No,0,None,99,None,142.65,Not Infected
COVID03153,76,Female,Gujarat,Vadodara,2021-02-21,Booster,Cough,Negative,No,0,None,95,None,25.59,Not Infected
COVID01194,75,Female,Rajasthan,Jodhpur,2021-02-21,Not Vaccinated,None,Negative,No,0,None,95,None,5.35,Not Infected
COVID01023,50,Male,Kerala,Thrissur,2021-02-21,Partially Vaccinated,Sore Throat,Negative,No,0,None,99,None,374.72,Not Infected
COVID01164,39,Male,Maharashtra,Nagpur,2021-02-21,Fully Vaccinated,Fatigue,Positive,Yes,12,Moderate,97,Multiple,5024.57,Recovered
COVID00915,40,Female,West Bengal,Kolkata,2021-02-21,Partially Vaccinated,Fever,Positive,No,29,Mild,97,None,756.07,Recovered
COVID03298,31,Male,Gujarat,Ahmedabad,2021-02-21,Fully Vaccinated,Cough,Negative,No,0,None,95,None,78.89,Not Infected
COVID04181,31,Male,Karnataka,Bengaluru,2021-02-22,Booster,Sore Throat,Negative,No,0,None,100,None,318.52,Not Infected
COVID01882,20,Male,Maharashtra,Nagpur,2021-02-22,Fully Vaccinated,Fever,Positive,No,11,Moderate,99,Hypertension,2352.8,Recovered
COVID01285,80,Male,Telangana,Nizamabad,2021-02-22,Not Vaccinated,Loss of Taste/Smell,Positive,No,22,Mild,94,Asthma,1395.95,Recovered
COVID00547,40,Female,Rajasthan,Jaipur,2021-02-23,Fully Vaccinated,Fever,Positive,No,6,Moderate,93,Hypertension,412.83,Recovered
COVID02098,19,Female,Kerala,Thrissur,2021-02-23,Fully Vaccinated,Fever,Positive,No,18,Mild,93,None,604.87,Recovered
COVID03004,57,Female,Telangana,Hyderabad,2021-02-23,Fully Vaccinated,Fever,Positive,No,29,Mild,97,None,1917.29,Recovered
COVID01884,24,Female,Rajasthan,Udaipur,2021-02-23,Fully Vaccinated,Sore Throat,Negative,No,0,None,100,Multiple,266.2,Not Infected
COVID01711,46,Male,Rajasthan,Jodhpur,2021-02-23,Fully Vaccinated,Fever,Positive,Yes,13,Moderate,96,None,2418.64,Recovered
COVID00329,41,Female,Tamil Nadu,Chennai,2021-02-23,Booster,Fatigue,Negative,No,0,None,99,Heart Disease,72.41,Not Infected
COVID03382,39,Female,Tamil Nadu,Madurai,2021-02-23,Fully Vaccinated,None,Positive,No,39,Severe,96,Multiple,1969.78,Recovered
COVID01074,43,Male,Andhra Pradesh,Vijayawada,2021-02-24,Fully Vaccinated,Sore Throat,Negative,No,0,None,96,None,118.32,Not Infected
COVID02894,54,Male,Rajasthan,Udaipur,2021-02-24,Fully Vaccinated,Fever,Positive,No,16,Mild,93,Hypertension,1752.42,Recovered
COVID02628,67,Male,Kerala,Kozhikode,2021-02-24,Not Vaccinated,Fatigue,Negative,No,0,None,97,Heart Disease,493.74,Not Infected
COVID04973,65,Male,Rajasthan,Udaipur,2021-02-24,Not Vaccinated,Fever,Positive,No,12,Mild,100,None,443.37,Recovered
COVID01342,69,Female,Maharashtra,Nagpur,2021-02-24,Partially Vaccinated,Loss of Taste/Smell,Negative,No,0,None,99,Multiple,45.61,Not Infected
COVID02740,46,Male,West Bengal,Durgapur,2021-02-24,Partially Vaccinated,Fever,Positive,Yes,24,Moderate,100,Hypertension,3876.16,Recovered
COVID01856,83,Male,Andhra Pradesh,Vijayawada,2021-02-25,Partially Vaccinated,Cough,Positive,Yes,32,Severe,96,Multiple,2479.65,Recovered
COVID00761,56,Female,Karnataka,Mangaluru,2021-02-25,Partially Vaccinated,Loss of Taste/Smell,Positive,No,9,Mild,98,Asthma,790.24,Recovered
COVID04738,29,Male,Rajasthan,Jaipur,2021-02-25,Fully Vaccinated,None,Positive,No,15,Mild,97,Asthma,1268.67,Recovered
COVID03904,9,Male,West Bengal,Kolkata,2021-02-25,Not Vaccinated,None,Negative,No,0,None,100,None,460.7,Not Infected
COVID03439,51,Male,Delhi,Rohini,2021-02-25,Booster,Fatigue,Positive,No,19,Mild,98,Hypertension,2321.39,Recovered
COVID04253,64,Male,Kerala,Kochi,2021-02-25,Fully Vaccinated,Fever,Positive,Yes,19,Moderate,99,None,1670.79,Recovered
COVID03126,12,Female,Andhra Pradesh,Visakhapatnam,2021-02-26,Partially Vaccinated,Cough,Negative,No,0,None,95,None,53.52,Not Infected
COVID03935,83,Other,Maharashtra,Pune,2021-02-26,Partially Vaccinated,Fever,Negative,No,0,None,99,None,245.27,Not Infected
COVID01287,6,Female,Delhi,New Delhi,2021-02-26,Fully Vaccinated,Sore Throat,Positive,No,8,Mild,97,None,1356.44,Recovered
COVID04660,54,Female,Rajasthan,Jodhpur,2021-02-26,Fully Vaccinated,Fever,Positive,Yes,14,Moderate,99,Hypertension,2678.63,Recovered
COVID02524,16,Male,Gujarat,Surat,2021-02-26,Fully Vaccinated,Cough,Positive,No,20,Mild,99,None,2102.64,Recovered
COVID04753,37,Female,Rajasthan,Jodhpur,2021-02-27,Not Vaccinated,Fatigue,Positive,Yes,46,Critical,97,Hypertension,6103.83,Recovered
COVID02245,68,Male,Gujarat,Vadodara,2021-02-27,Booster,None,Positive,Yes,10,Moderate,93,None,2752.03,Recovered
COVID04620,32,Female,Delhi,Rohini,2021-02-27,Partially Vaccinated,Sore Throat,Negative,No,0,None,99,Heart Disease,401.82,Not Infected
COVID03693,32,Female,West Bengal,Kolkata,2021-02-27,Fully Vaccinated,None,Negative,No,0,None,100,None,493.77,Not Infected
COVID01451,67,Male,Karnataka,Hubballi,2021-02-27,Booster,Fatigue,Negative,No,0,None,100,Asthma,397.45,Not Infected
COVID01278,65,Female,Rajasthan,Jodhpur,2021-02-27,Fully Vaccinated,Sore Throat,Positive,Yes,38,Severe,91,None,4902.07,Recovered
COVID00013,61,Male,Gujarat,Ahmedabad,2021-02-28,Partially Vaccinated,Sore Throat,Negative,No,0,None,96,Asthma,296.88,Not Infected
COVID03385,57,Male,Maharashtra,Mumbai,2021-02-28,Fully Vaccinated,Fever,Positive,No,17,Moderate,97,Hypertension,930.2,Recovered
COVID00366,75,Female,Tamil Nadu,Coimbatore,2021-02-28,Fully Vaccinated,Cough,Positive,No,14,Severe,95,None,586.25,Recovered
COVID01586,36,Female,Karnataka,Hubballi,2021-02-28,Partially Vaccinated,Cough,Positive,No,28,Mild,94,Hypertension,394.33,Recovered
COVID01206,73,Female,Rajasthan,Jaipur,2021-02-28,Not Vaccinated,Cough,Negative,No,0,None,100,None,152.53,Not Infected
COVID02001,77,Male,Rajasthan,Jaipur,2021-02-28,Fully Vaccinated,Cough,Negative,No,0,None,100,Diabetes,86.89,Not Infected
COVID02730,64,Female,Rajasthan,Jaipur,2021-02-28,Fully Vaccinated,Breathing Difficulty,Positive,No,30,Mild,96,Multiple,1838.22,Recovered
COVID03140,40,Female,Rajasthan,Udaipur,2021-03-01,Partially Vaccinated,None,Positive,No,16,Mild,98,Diabetes,2240.54,Recovered
COVID00218,10,Female,Delhi,Rohini,2021-03-01,Partially Vaccinated,Breathing Difficulty,Negative,No,0,None,96,None,377.48,Not Infected
COVID04037,56,Male,Kerala,Thrissur,2021-03-01,Not Vaccinated,Sore Throat,Positive,No,26,Severe,89,Diabetes,1666.99,Recovered
COVID01438,70,Female,West Bengal,Durgapur,2021-03-01,Booster,Loss of Taste/Smell,Positive,No,18,Mild,97,Diabetes,1993.96,Recovered
COVID02649,83,Male,Andhra Pradesh,Guntur,2021-03-01,Fully Vaccinated,Fatigue,Positive,No,5,Moderate,96,None,2438.52,Recovered
COVID04313,70,Male,Maharashtra,Pune,2021-03-01,Fully Vaccinated,None,Positive,No,27,Mild,100,None,692.74,Recovered
COVID04616,13,Female,Rajasthan,Jodhpur,2021-03-02,Not Vaccinated,Cough,Negative,No,0,None,97,Diabetes,451.5,Not Infected
COVID02903,8,Male,Maharashtra,Mumbai,2021-03-02,Partially Vaccinated,Sore Throat,Positive,No,9,Mild,99,Diabetes,2095.0,Recovered
COVID02215,76,Female,Rajasthan,Jaipur,2021-03-02,Not Vaccinated,None,Positive,No,16,Mild,94,None,754.91,Recovered
COVID02148,59,Female,Gujarat,Ahmedabad,2021-03-02,Fully Vaccinated,Fatigue,Positive,No,11,Mild,98,Hypertension,748.45,Recovered
COVID03007,64,Male,Kerala,Kochi,2021-03-02,Partially Vaccinated,Fever,Positive,No,7,Moderate,96,Diabetes,915.04,Recovered
COVID03531,16,Female,Andhra Pradesh,Vijayawada,2021-03-02,Booster,Fever,Negative,No,0,None,96,Multiple,147.08,Not Infected
COVID03919,49,Female,Tamil Nadu,Chennai,2021-03-03,Partially Vaccinated,Sore Throat,Positive,No,7,Mild,98,None,776.05,Recovered
COVID04541,54,Female,Telangana,Nizamabad,2021-03-03,Not Vaccinated,Loss of Taste/Smell,Positive,No,15,Moderate,97,None,1649.1,Recovered
COVID04651,5,Male,Maharashtra,Pune,2021-03-03,Fully Vaccinated,Fatigue,Negative,No,0,None,99,Heart Disease,31.86,Not Infected
COVID03165,51,Male,Maharashtra,Nashik,2021-03-03,Fully Vaccinated,Cough,Positive,No,30,Mild,96,Hypertension,1962.64,Deceased
COVID01138,68,Male,Delhi,Rohini,2021-03-03,Booster,Sore Throat,Positive,Yes,10,Moderate,97,None,4490.11,Recovered
COVID02144,59,Male,Andhra Pradesh,Vijayawada,2021-03-03,Fully Vaccinated,Fatigue,Positive,No,23,Moderate,100,Diabetes,2307.54,Recovered
COVID04835,33,Male,Tamil Nadu,Coimbatore,2021-03-03,Fully Vaccinated,Fatigue,Positive,No,8,Mild,99,None,1493.9,Recovered
COVID00923,58,Male,Kerala,Thrissur,2021-03-03,Booster,Sore Throat,Negative,No,0,None,99,Multiple,60.13,Not Infected
COVID03313,17,Female,Maharashtra,Nashik,2021-03-03,Fully Vaccinated,Cough,Positive,No,16,Mild,98,None,1327.5,Recovered
COVID01175,48,Female,Maharashtra,Mumbai,2021-03-03,Booster,Fever,Negative,No,0,None,95,Heart Disease,397.12,Not Infected
COVID02705,42,Male,Tamil Nadu,Chennai,2021-03-04,Fully Vaccinated,Cough,Positive,Yes,5,Moderate,99,None,2916.89,Recovered
COVID03323,83,Female,Rajasthan,Jodhpur,2021-03-04,Not Vaccinated,Loss of Taste/Smell,Positive,No,15,Moderate,98,Asthma,2339.98,Recovered
COVID00406,54,Male,Delhi,New Delhi,2021-03-04,Partially Vaccinated,Fever,Positive,No,5,Mild,94,None,2080.85,Recovered
COVID03523,5,Male,Rajasthan,Jaipur,2021-03-05,Fully Vaccinated,Loss of Taste/Smell,Positive,No,19,Mild,95,None,938.56,Recovered
COVID04649,69,Male,Delhi,New Delhi,2021-03-05,Booster,Sore Throat,Positive,Yes,29,Moderate,93,None,5170.57,Recovered
COVID00438,69,Male,Telangana,Hyderabad,2021-03-05,Not Vaccinated,Fatigue,Negative,No,0,None,100,None,227.74,Not Infected
COVID00857,81,Male,Gujarat,Vadodara,2021-03-05,Partially Vaccinated,Cough,Positive,No,27,Mild,96,Asthma,640.44,Recovered
COVID00123,31,Female,Maharashtra,Nagpur,2021-03-05,Fully Vaccinated,Sore Throat,Positive,No,21,Mild,97,Asthma,412.53,Recovered
COVID00564,71,Female,Andhra Pradesh,Guntur,2021-03-05,Fully Vaccinated,None,Negative,No,0,None,98,Heart Disease,164.34,Not Infected
COVID00360,51,Female,Tamil Nadu,Madurai,2021-03-06,Not Vaccinated,Fever,Positive,No,7,Mild,100,Multiple,1167.4,Recovered
COVID00027,40,Male,Rajasthan,Udaipur,2021-03-06,Not Vaccinated,Cough,Positive,Yes,22,Moderate,97,None,3886.28,Recovered
COVID02604,48,Male,Rajasthan,Udaipur,2021-03-06,Fully Vaccinated,Fever,Positive,Yes,11,Moderate,93,None,2991.53,Recovered
COVID04493,32,Male,Gujarat,Ahmedabad,2021-03-06,Fully Vaccinated,None,Positive,Yes,53,Critical,88,Hypertension,6327.56,Deceased
COVID04447,73,Male,Rajasthan,Udaipur,2021-03-06,Fully Vaccinated,Loss of Taste/Smell,Positive,Yes,28,Moderate,96,None,6881.68,Recovered
COVID00701,28,Female,Delhi,New Delhi,2021-03-06,Fully Vaccinated,None,Positive,Yes,5,Moderate,100,Diabetes,2847.49,Recovered
COVID00526,15,Female,West Bengal,Howrah,2021-03-07,Fully Vaccinated,Sore Throat,Positive,No,26,Mild,96,Asthma,1138.74,Recovered
COVID04830,77,Female,Andhra Pradesh,Vijayawada,2021-03-07,Fully Vaccinated,Cough,Positive,No,13,Mild,97,None,1632.3,Recovered
COVID04301,32,Male,Maharashtra,Nagpur,2021-03-07,Fully Vaccinated,Loss of Taste/Smell,Positive,No,15,Mild,100,Hypertension,932.79,Recovered
COVID01425,14,Female,Kerala,Kochi,2021-03-08,Partially Vaccinated,Sore Throat,Positive,No,15,Mild,95,None,1802.63,Recovered
COVID03433,5,Male,Rajasthan,Jaipur,2021-03-08,Not Vaccinated,Fever,Positive,No,10,Mild,100,None,650.79,Recovered
COVID03242,75,Female,Maharashtra,Nagpur,2021-03-08,Booster,Loss of Taste/Smell,Negative,No,0,None,98,None,365.15,Not Infected
COVID03148,8,Female,Delhi,New Delhi,2021-03-08,Not Vaccinated,Fatigue,Negative,No,0,None,96,Hypertension,388.8,Not Infected
COVID02576,72,Male,West Bengal,Durgapur,2021-03-08,Fully Vaccinated,Sore Throat,Negative,No,0,None,97,Hypertension,172.25,Not Infected
COVID00556,49,Male,Kerala,Thiruvananthapuram,2021-03-09,Fully Vaccinated,Fever,Positive,No,14,Mild,95,None,1262.39,Recovered
COVID02768,9,Female,West Bengal,Durgapur,2021-03-09,Not Vaccinated,None,Positive,No,9,Mild,100,Hypertension,2359.62,Recovered
COVID04482,77,Female,Andhra Pradesh,Guntur,2021-03-09,Not Vaccinated,Sore Throat,Positive,No,32,Severe,90,None,2242.95,Deceased
COVID02436,34,Male,West Bengal,Kolkata,2021-03-10,Partially Vaccinated,Breathing Difficulty,Positive,No,14,Moderate,98,None,479.26,Recovered
COVID01509,32,Male,Tamil Nadu,Chennai,2021-03-10,Fully Vaccinated,Sore Throat,Negative,No,0,None,100,None,327.17,Not Infected
COVID04797,75,Female,Telangana,Hyderabad,2021-03-10,Partially Vaccinated,Fever,Negative,No,0,None,95,None,443.06,Not Infected
COVID02605,13,Female,Telangana,Warangal,2021-03-10,Fully Vaccinated,Breathing Difficulty,Positive,No,29,Mild,95,None,1334.23,Recovered
COVID02769,28,Female,Telangana,Hyderabad,2021-03-10,Booster,Fever,Positive,No,21,Moderate,95,None,2163.17,Recovered
COVID02244,48,Male,Tamil Nadu,Salem,2021-03-10,Fully Vaccinated,Cough,Positive,Yes,8,Moderate,93,None,5587.22,Recovered
COVID01445,22,Female,Rajasthan,Jaipur,2021-03-10,Fully Vaccinated,Cough,Positive,No,12,Mild,98,Hypertension,1851.29,Recovered
COVID00105,20,Female,Gujarat,Ahmedabad,2021-03-10,Not Vaccinated,Fatigue,Negative,No,0,None,99,None,79.43,Not Infected
COVID04882,84,Male,Karnataka,Mangaluru,2021-03-11,Partially Vaccinated,Cough,Positive,No,7,Moderate,93,None,1198.94,Recovered
COVID00707,23,Male,Karnataka,Mysuru,2021-03-11,Not Vaccinated,Sore Throat,Positive,No,5,Mild,93,Heart Disease,671.67,Recovered
COVID04248,69,Male,Andhra Pradesh,Visakhapatnam,2021-03-11,Fully Vaccinated,Cough,Positive,No,26,Mild,98,Multiple,813.06,Recovered
COVID01782,55,Female,Maharashtra,Pune,2021-03-11,Not Vaccinated,Sore Throat,Negative,No,0,None,96,None,419.33,Not Infected
COVID00162,48,Male,Gujarat,Surat,2021-03-11,Not Vaccinated,Fatigue,Positive,Yes,6,Moderate,99,Multiple,4047.78,Recovered
COVID00291,42,Female,Telangana,Warangal,2021-03-12,Fully Vaccinated,Fatigue,Positive,No,11,Mild,97,Asthma,1680.91,Recovered
COVID01516,5,Male,Karnataka,Hubballi,2021-03-12,Fully Vaccinated,None,Positive,No,16,Mild,95,Asthma,806.56,Recovered
COVID01232,33,Male,Tamil Nadu,Chennai,2021-03-12,Partially Vaccinated,Fatigue,Positive,Yes,27,Moderate,95,None,6722.32,Recovered
COVID04468,61,Female,Gujarat,Vadodara,2021-03-12,Fully Vaccinated,Fatigue,Positive,No,22,Mild,95,None,743.74,Recovered
COVID00908,23,Female,Karnataka,Mangaluru,2021-03-12,Partially Vaccinated,Fever,Positive,Yes,34,Severe,88,None,2890.81,Recovered
COVID02373,13,Female,Maharashtra,Pune,2021-03-12,Fully Vaccinated,Fever,Negative,No,0,None,97,None,172.25,Not Infected
COVID00695,7,Male,Tamil Nadu,Salem,2021-03-13,Fully Vaccinated,Sore Throat,Positive,No,11,Mild,93,Asthma,485.08,Recovered
COVID04335,45,Male,Karnataka,Hubballi,2021-03-13,Not Vaccinated,Fatigue,Positive,Yes,15,Moderate,97,None,2082.96,Recovered
COVID00363,40,Male,Andhra Pradesh,Visakhapatnam,2021-03-13,Fully Vaccinated,Cough,Positive,No,28,Mild,98,None,2329.21,Recovered
COVID04974,34,Female,Kerala,Thiruvananthapuram,2021-03-13,Fully Vaccinated,Fatigue,Negative,No,0,None,98,None,420.16,Not Infected
COVID03578,69,Female,Delhi,Rohini,2021-03-14,Fully Vaccinated,Cough,Positive,No,18,Mild,98,Heart Disease,384.08,Recovered
COVID04211,21,Female,Telangana,Nizamabad,2021-03-14,Not Vaccinated,Breathing Difficulty,Positive,Yes,15,Moderate,99,None,7032.65,Recovered
COVID02152,23,Male,West Bengal,Howrah,2021-03-15,Partially Vaccinated,Sore Throat,Negative,No,0,None,100,None,409.42,Not Infected
COVID03102,61,Male,Maharashtra,Nagpur,2021-03-15,Not Vaccinated,Sore Throat,Positive,Yes,27,Moderate,94,Hypertension,6262.73,Recovered
COVID02284,56,Other,Rajasthan,Jaipur,2021-03-15,Not Vaccinated,Cough,Negative,No,0,None,99,None,167.92,Not Infected
COVID03669,62,Male,Delhi,Dwarka,2021-03-15,Not Vaccinated,Cough,Negative,No,0,None,98,Asthma,150.14,Not Infected
COVID02111,16,Female,Tamil Nadu,Salem,2021-03-16,Fully Vaccinated,None,Positive,Yes,17,Moderate,93,None,7942.9,Recovered
COVID00143,19,Male,West Bengal,Howrah,2021-03-16,Fully Vaccinated,None,Positive,Yes,27,Moderate,100,None,6468.5,Recovered
COVID03564,21,Female,Rajasthan,Jodhpur,2021-03-16,Fully Vaccinated,Fever,Positive,No,30,Mild,99,Diabetes,2101.15,Recovered
COVID01983,50,Male,Tamil Nadu,Salem,2021-03-16,Partially Vaccinated,Breathing Difficulty,Positive,Yes,30,Moderate,96,None,7928.51,Recovered
COVID04073,78,Male,West Bengal,Howrah,2021-03-16,Booster,Fatigue,Negative,No,0,None,100,None,18.86,Not Infected
COVID03345,17,Female,Tamil Nadu,Salem,2021-03-17,Fully Vaccinated,Sore Throat,Negative,No,0,None,95,None,450.49,Not Infected
COVID04153,17,Female,Andhra Pradesh,Guntur,2021-03-17,Not Vaccinated,Sore Throat,Positive,No,28,Mild,93,None,2443.25,Recovered
COVID02495,46,Female,Maharashtra,Mumbai,2021-03-17,Partially Vaccinated,Fever,Negative,No,0,None,95,None,80.2,Not Infected
COVID03467,54,Male,Andhra Pradesh,Guntur,2021-03-18,Booster,Sore Throat,Positive,No,26,Mild,94,None,2047.8,Recovered
COVID03033,30,Female,Gujarat,Surat,2021-03-18,Fully Vaccinated,Fatigue,Positive,No,14,Mild,96,Hypertension,431.2,Recovered
COVID02657,9,Female,Maharashtra,Nashik,2021-03-18,Fully Vaccinated,None,Positive,Yes,12,Moderate,97,Heart Disease,3596.63,Recovered
COVID04292,34,Male,Andhra Pradesh,Vijayawada,2021-03-18,Partially Vaccinated,Fever,Negative,No,0,None,95,Hypertension,191.75,Not Infected
COVID02185,14,Male,Delhi,Rohini,2021-03-19,Fully Vaccinated,Fatigue,Positive,Yes,27,Moderate,97,Hypertension,2436.78,Recovered
COVID04568,35,Female,Gujarat,Surat,2021-03-19,Partially Vaccinated,None,Positive,Yes,27,Moderate,99,Heart Disease,3379.36,Recovered
COVID04430,54,Male,Andhra Pradesh,Vijayawada,2021-03-19,Partially Vaccinated,Fever,Positive,No,13,Mild,96,Hypertension,623.36,Recovered
COVID02095,39,Female,West Bengal,Durgapur,2021-03-19,Booster,Fatigue,Positive,No,26,Mild,96,None,421.31,Recovered
COVID01668,44,Female,Delhi,Dwarka,2021-03-19,Partially Vaccinated,Loss of Taste/Smell,Positive,No,6,Moderate,96,Asthma,882.68,Recovered
COVID02089,30,Male,Karnataka,Hubballi,2021-03-19,Not Vaccinated,Loss of Taste/Smell,Positive,No,31,Critical,89,Heart Disease,1258.48,Recovered
COVID00252,48,Male,Kerala,Kozhikode,2021-03-19,Partially Vaccinated,Sore Throat,Positive,No,14,Mild,100,Diabetes,623.6,Recovered
COVID04276,70,Male,Telangana,Hyderabad,2021-03-19,Booster,Loss of Taste/Smell,Positive,No,5,Moderate,96,None,1564.62,Deceased
COVID03383,33,Female,Kerala,Thrissur,2021-03-20,Partially Vaccinated,Sore Throat,Positive,No,28,Mild,100,Hypertension,1228.02,Recovered
COVID02851,7,Female,Maharashtra,Nagpur,2021-03-20,Fully Vaccinated,Breathing Difficulty,Positive,Yes,17,Moderate,100,Diabetes,4420.77,Recovered
COVID01392,61,Female,Maharashtra,Mumbai,2021-03-20,Fully Vaccinated,None,Negative,No,0,None,99,Diabetes,123.96,Not Infected
COVID02425,37,Male,Rajasthan,Jodhpur,2021-03-20,Partially Vaccinated,None,Negative,No,0,None,100,None,248.77,Not Infected
COVID03779,53,Male,Tamil Nadu,Coimbatore,2021-03-20,Fully Vaccinated,Loss of Taste/Smell,Positive,No,23,Mild,94,Diabetes,2210.54,Deceased
COVID03125,40,Male,Kerala,Kozhikode,2021-03-20,Fully Vaccinated,Cough,Negative,No,0,None,95,None,430.06,Not Infected
COVID01487,36,Male,Tamil Nadu,Coimbatore,2021-03-21,Not Vaccinated,Cough,Positive,No,28,Moderate,95,None,1095.54,Recovered
COVID01898,48,Male,Telangana,Hyderabad,2021-03-21,Not Vaccinated,Sore Throat,Negative,No,0,None,98,Multiple,79.29,Not Infected
COVID00057,68,Male,Karnataka,Mysuru,2021-03-21,Partially Vaccinated,Fatigue,Positive,Yes,21,Moderate,94,Hypertension,7208.9,Recovered
COVID02420,36,Female,Kerala,Thrissur,2021-03-22,Not Vaccinated,Cough,Positive,No,28,Mild,98,Hypertension,1618.37,Deceased
COVID01192,30,Male,Karnataka,Mangaluru,2021-03-22,Not Vaccinated,Loss of Taste/Smell,Negative,No,0,None,100,Hypertension,151.57,Not Infected
COVID01311,17,Male,Gujarat,Vadodara,2021-03-22,Fully Vaccinated,Fever,Positive,No,5,Mild,99,Asthma,1390.88,Recovered
COVID03587,11,Male,Kerala,Kozhikode,2021-03-22,Partially Vaccinated,Loss of Taste/Smell,Negative,No,0,None,95,None,323.27,Not Infected
COVID02497,68,Female,Maharashtra,Mumbai,2021-03-22,Fully Vaccinated,Loss of Taste/Smell,Positive,No,28,Mild,95,Heart Disease,1056.96,Recovered
COVID04116,33,Male,Tamil Nadu,Coimbatore,2021-03-22,Not Vaccinated,Sore Throat,Positive,Yes,5,Moderate,95,None,7161.94,Recovered
COVID01643,52,Female,Gujarat,Ahmedabad,2021-03-23,Not Vaccinated,None,Positive,No,18,Mild,94,Heart Disease,817.32,Recovered
COVID01436,72,Male,West Bengal,Kolkata,2021-03-23,Fully Vaccinated,Sore Throat,Negative,No,0,None,98,None,161.69,Not Infected
COVID04937,21,Male,Delhi,Dwarka,2021-03-23,Fully Vaccinated,Fever,Positive,No,14,Mild,94,Asthma,1199.26,Recovered
COVID04942,22,Male,Rajasthan,Jaipur,2021-03-23,Fully Vaccinated,Cough,Positive,No,8,Mild,99,Diabetes,2372.16,Recovered
COVID04028,56,Male,Karnataka,Bengaluru,2021-03-23,Fully Vaccinated,Loss of Taste/Smell,Positive,Yes,28,Moderate,97,None,2030.09,Recovered
COVID04227,17,Female,Rajasthan,Jaipur,2021-03-24,Fully Vaccinated,Cough,Positive,Yes,30,Moderate,94,None,2313.82,Recovered
COVID02770,32,Female,Telangana,Warangal,2021-03-24,Fully Vaccinated,Fatigue,Positive,No,23,Mild,95,Heart Disease,2000.15,Recovered
COVID03485,20,Male,Andhra Pradesh,Guntur,2021-03-24,Not Vaccinated,Sore Throat,Negative,No,0,None,100,Heart Disease,298.74,Not Infected
COVID01595,28,Female,West Bengal,Kolkata,2021-03-24,Not Vaccinated,Loss of Taste/Smell,Positive,No,10,Mild,99,None,2393.82,Recovered
COVID00426,54,Female,Rajasthan,Jodhpur,2021-03-24,Partially Vaccinated,Fatigue,Positive,No,25,Mild,99,Diabetes,1016.58,Recovered
COVID00175,41,Female,Gujarat,Surat,2021-03-25,Fully Vaccinated,Fatigue,Positive,No,6,Mild,97,None,1746.41,Recovered
COVID00286,56,Male,Gujarat,Ahmedabad,2021-03-26,Booster,Sore Throat,Negative,No,0,None,98,None,384.51,Not Infected
COVID02866,32,Female,Telangana,Nizamabad,2021-03-26,Fully Vaccinated,Fever,Positive,Yes,15,Moderate,96,None,3539.06,Recovered
COVID01052,59,Female,Maharashtra,Pune,2021-03-26,Partially Vaccinated,None,Positive,Yes,27,Moderate,98,Asthma,1637.86,Recovered
COVID03994,60,Male,Telangana,Warangal,2021-03-26,Not Vaccinated,Fever,Positive,No,25,Mild,94,Asthma,1585.83,Recovered
COVID03795,63,Male,Karnataka,Hubballi,2021-03-26,Fully Vaccinated,Cough,Negative,No,0,None,97,Diabetes,361.94,Not Infected
COVID04294,39,Female,Rajasthan,Jaipur,2021-03-27,Partially Vaccinated,Fatigue,Negative,No,0,None,98,None,162.5,Not Infected
COVID02187,41,Male,Kerala,Kozhikode,2021-03-27,Fully Vaccinated,Sore Throat,Positive,No,14,Mild,95,None,2403.02,Recovered
COVID00302,15,Female,Gujarat,Surat,2021-03-27,Booster,None,Negative,No,0,None,100,None,419.18,Not Infected
COVID04011,60,Female,Andhra Pradesh,Guntur,2021-03-27,Fully Vaccinated,Fever,Positive,No,14,Mild,94,None,1389.15,Recovered
COVID00638,50,Male,Telangana,Nizamabad,2021-03-27,Partially Vaccinated,Fatigue,Positive,No,11,Mild,93,None,1102.66,Recovered
COVID04152,31,Male,West Bengal,Howrah,2021-03-27,Booster,None,Negative,No,0,None,98,Asthma,463.07,Not Infected
COVID04195,76,Male,Tamil Nadu,Salem,2021-03-27,Not Vaccinated,Fatigue,Positive,Yes,21,Moderate,100,Diabetes,6536.1,Recovered
COVID00944,44,Female,Gujarat,Vadodara,2021-03-27,Fully Vaccinated,Fever,Positive,No,29,Mild,94,None,1955.65,Recovered
COVID00228,77,Female,Delhi,Dwarka,2021-03-27,Fully Vaccinated,None,Negative,No,0,None,96,Hypertension,119.54,Not Infected
COVID04070,44,Other,Tamil Nadu,Salem,2021-03-27,Fully Vaccinated,Fatigue,Positive,No,27,Mild,94,Diabetes,531.63,Recovered
COVID02054,27,Male,Telangana,Nizamabad,2021-03-27,Not Vaccinated,Fatigue,Positive,No,8,Mild,97,Multiple,2122.47,Recovered
COVID01622,60,Male,Delhi,Dwarka,2021-03-28,Fully Vaccinated,Breathing Difficulty,Positive,No,27,Moderate,97,Hypertension,663.97,Recovered
COVID01906,44,Male,Telangana,Nizamabad,2021-03-28,Not Vaccinated,None,Negative,No,0,None,98,None,184.39,Not Infected
COVID03301,28,Female,West Bengal,Kolkata,2021-03-28,Not Vaccinated,Loss of Taste/Smell,Positive,Yes,13,Moderate,100,None,5667.51,Recovered
COVID00146,31,Male,Tamil Nadu,Coimbatore,2021-03-29,Booster,Cough,Negative,No,0,None,96,None,34.16,Not Infected
COVID03573,64,Male,Rajasthan,Udaipur,2021-03-29,Fully Vaccinated,Breathing Difficulty,Positive,No,21,Mild,99,Diabetes,1000.5,Recovered
COVID00913,45,Male,Andhra Pradesh,Visakhapatnam,2021-03-29,Fully Vaccinated,None,Negative,No,0,None,96,None,17.25,Not Infected
COVID02113,15,Male,Andhra Pradesh,Vijayawada,2021-03-29,Not Vaccinated,None,Positive,No,9,Mild,97,None,2435.75,Recovered
COVID00774,22,Male,Gujarat,Surat,2021-03-29,Fully Vaccinated,Sore Throat,Negative,No,0,None,97,None,370.1,Not Infected
COVID04535,43,Male,West Bengal,Kolkata,2021-03-29,Fully Vaccinated,Cough,Negative,No,0,None,97,None,51.02,Not Infected
COVID01524,60,Male,Maharashtra,Nashik,2021-03-29,Fully Vaccinated,Cough,Positive,Yes,6,Moderate,93,Asthma,2786.46,Recovered
COVID01352,80,Female,West Bengal,Kolkata,2021-03-29,Fully Vaccinated,None,Positive,No,19,Mild,96,None,538.86,Recovered
COVID04172,74,Male,Andhra Pradesh,Guntur,2021-03-29,Fully Vaccinated,Loss of Taste/Smell,Positive,No,24,Mild,97,None,2057.65,Deceased
COVID02869,35,Male,Kerala,Kozhikode,2021-03-30,Booster,Breathing Difficulty,Positive,No,27,Moderate,97,Asthma,1930.81,Recovered
COVID00586,39,Male,Andhra Pradesh,Visakhapatnam,2021-03-30,Booster,Fever,Positive,Yes,23,Moderate,100,None,1738.75,Recovered
COVID04751,44,Male,Gujarat,Surat,2021-03-30,Fully Vaccinated,None,Positive,No,8,Mild,98,Hypertension,1525.55,Deceased
COVID02833,58,Male,Andhra Pradesh,Vijayawada,2021-03-30,Fully Vaccinated,None,Positive,Yes,29,Moderate,98,Diabetes,7225.16,Recovered
COVID03879,85,Male,Andhra Pradesh,Vijayawada,2021-03-30,Partially Vaccinated,Fever,Positive,No,14,Mild,100,None,550.71,Deceased
COVID04200,82,Female,Kerala,Thiruvananthapuram,2021-03-30,Fully Vaccinated,None,Negative,No,0,None,98,None,372.19,Not Infected
COVID03665,36,Female,Delhi,New Delhi,2021-03-30,Fully Vaccinated,Fatigue,Negative,No,0,None,98,None,108.82,Not Infected
COVID00147,64,Female,West Bengal,Kolkata,2021-03-31,Partially Vaccinated,None,Positive,Yes,18,Moderate,100,None,2145.52,Recovered
COVID02283,67,Female,Gujarat,Vadodara,2021-03-31,Partially Vaccinated,None,Positive,No,6,Mild,98,None,1567.51,Deceased
COVID03143,72,Female,Maharashtra,Nashik,2021-03-31,Fully Vaccinated,Fatigue,Positive,Yes,13,Moderate,93,Asthma,5867.02,Recovered
COVID01589,73,Male,Tamil Nadu,Madurai,2021-04-01,Fully Vaccinated,Fatigue,Positive,No,29,Mild,93,Hypertension,1387.58,Recovered
COVID02716,64,Female,Karnataka,Mysuru,2021-04-01,Not Vaccinated,Fever,Negative,No,0,None,95,Hypertension,192.11,Not Infected
COVID01289,45,Female,Andhra Pradesh,Visakhapatnam,2021-04-01,Partially Vaccinated,Loss of Taste/Smell,Negative,No,0,None,95,None,115.49,Not Infected
COVID04861,71,Female,Kerala,Thiruvananthapuram,2021-04-01,Fully Vaccinated,Fatigue,Positive,No,12,Mild,99,None,1450.44,Recovered
COVID01737,16,Female,Andhra Pradesh,Visakhapatnam,2021-04-01,Fully Vaccinated,Cough,Positive,No,9,Mild,95,None,304.23,Recovered
COVID02288,23,Male,Delhi,New Delhi,2021-04-01,Booster,Fatigue,Positive,No,13,Mild,96,None,1373.63,Deceased
COVID04694,43,Female,Gujarat,Ahmedabad,2021-04-01,Not Vaccinated,Fatigue,Negative,No,0,None,100,Hypertension,324.77,Not Infected
COVID04475,60,Male,West Bengal,Howrah,2021-04-02,Fully Vaccinated,Cough,Positive,No,7,Mild,93,Asthma,2166.78,Recovered
COVID02412,10,Female,Delhi,Dwarka,2021-04-02,Fully Vaccinated,Loss of Taste/Smell,Positive,Yes,24,Moderate,96,None,3387.66,Recovered
COVID03108,52,Female,Maharashtra,Nashik,2021-04-03,Not Vaccinated,Loss of Taste/Smell,Negative,No,0,None,96,None,277.08,Not Infected
COVID04710,18,Female,Kerala,Kochi,2021-04-03,Fully Vaccinated,Cough,Positive,Yes,13,Moderate,100,None,2201.36,Recovered
COVID00534,84,Female,Maharashtra,Mumbai,2021-04-03,Not Vaccinated,Fever,Positive,No,14,Mild,93,Hypertension,2022.49,Recovered
COVID03287,62,Female,West Bengal,Durgapur,2021-04-03,Not Vaccinated,Loss of Taste/Smell,Negative,No,0,None,96,None,165.0,Not Infected
COVID01532,64,Male,Maharashtra,Nashik,2021-04-03,Not Vaccinated,Fatigue,Negative,No,0,None,96,None,284.54,Not Infected
COVID03806,28,Male,Karnataka,Mysuru,2021-04-03,Fully Vaccinated,Cough,Positive,Yes,15,Moderate,94,Hypertension,6297.99,Recovered
COVID03180,73,Male,Andhra Pradesh,Visakhapatnam,2021-04-03,Partially Vaccinated,Fever,Positive,Yes,26,Moderate,100,None,3736.41,Deceased
COVID02867,25,Female,Maharashtra,Nagpur,2021-04-03,Booster,Cough,Positive,No,24,Mild,98,None,508.83,Recovered
COVID00498,13,Male,Delhi,New Delhi,2021-04-03,Fully Vaccinated,None,Positive,No,13,Mild,99,Hypertension,1016.59,Recovered
COVID00965,63,Male,Tamil Nadu,Madurai,2021-04-04,Fully Vaccinated,None,Negative,No,0,None,99,None,250.97,Not Infected
COVID04109,11,Female,Tamil Nadu,Coimbatore,2021-04-04,Fully Vaccinated,None,Positive,No,27,Mild,100,None,1335.37,Recovered
COVID04498,42,Female,West Bengal,Durgapur,2021-04-04,Fully Vaccinated,Fatigue,Negative,No,0,None,100,None,264.32,Not Infected
COVID04233,60,Other,Gujarat,Vadodara,2021-04-05,Booster,Fatigue,Positive,No,14,Mild,97,Heart Disease,2232.77,Recovered
COVID00225,23,Female,Delhi,New Delhi,2021-04-05,Not Vaccinated,None,Negative,No,0,None,99,Asthma,300.04,Not Infected
COVID01820,30,Female,Tamil Nadu,Chennai,2021-04-05,Not Vaccinated,Breathing Difficulty,Positive,Yes,28,Moderate,95,Heart Disease,5160.89,Recovered
COVID01479,60,Female,Rajasthan,Jaipur,2021-04-06,Fully Vaccinated,Fatigue,Positive,No,15,Mild,93,None,2338.22,Recovered
COVID02583,30,Male,Kerala,Thiruvananthapuram,2021-04-06,Fully Vaccinated,None,Negative,No,0,None,98,Hypertension,118.76,Not Infected
COVID03428,17,Male,Delhi,Rohini,2021-04-06,Fully Vaccinated,None,Positive,No,9,Mild,94,None,558.28,Recovered
COVID02749,9,Male,Karnataka,Bengaluru,2021-04-07,Fully Vaccinated,Fever,Positive,Yes,26,Moderate,95,None,3664.28,Recovered
COVID01685,35,Male,Tamil Nadu,Salem,2021-04-07,Fully Vaccinated,Breathing Difficulty,Positive,Yes,22,Moderate,97,None,6182.17,Recovered
COVID04692,67,Male,Rajasthan,Jodhpur,2021-04-07,Fully Vaccinated,Loss of Taste/Smell,Positive,Yes,30,Moderate,95,Hypertension,5946.48,Deceased
COVID02175,16,Female,West Bengal,Kolkata,2021-04-08,Not Vaccinated,Fatigue,Positive,No,8,Mild,98,None,2352.82,Recovered
COVID02475,38,Male,Tamil Nadu,Coimbatore,2021-04-08,Fully Vaccinated,Loss of Taste/Smell,Negative,No,0,None,99,None,138.07,Not Infected
COVID02818,71,Male,Tamil Nadu,Chennai,2021-04-08,Booster,Fatigue,Positive,Yes,25,Moderate,99,Diabetes,7744.85,Deceased
COVID03616,32,Female,Andhra Pradesh,Visakhapatnam,2021-04-08,Booster,Fatigue,Positive,No,19,Mild,99,None,2316.4,Recovered
COVID02773,24,Male,Tamil Nadu,Chennai,2021-04-08,Fully Vaccinated,None,Positive,No,10,Mild,98,None,1760.25,Recovered
COVID02210,28,Male,Gujarat,Surat,2021-04-08,Not Vaccinated,Loss of Taste/Smell,Positive,No,16,Mild,99,None,1625.4,Recovered
COVID01836,44,Male,Tamil Nadu,Chennai,2021-04-08,Partially Vaccinated,None,Positive,Yes,20,Moderate,93,Multiple,6378.97,Recovered
COVID00059,85,Female,Andhra Pradesh,Visakhapatnam,2021-04-09,Fully Vaccinated,Sore Throat,Positive,No,11,Severe,91,Multiple,2377.64,Recovered
COVID03990,31,Male,Telangana,Warangal,2021-04-09,Partially Vaccinated,Cough,Negative,No,0,None,95,None,483.14,Not Infected
COVID03235,79,Male,Andhra Pradesh,Guntur,2021-04-10,Not Vaccinated,Sore Throat,Positive,Yes,27,Severe,100,None,6142.27,Recovered
COVID00422,61,Male,Tamil Nadu,Coimbatore,2021-04-10,Fully Vaccinated,Fatigue,Positive,No,9,Mild,93,None,1639.01,Recovered
COVID02393,22,Female,Telangana,Warangal,2021-04-10,Not Vaccinated,Fatigue,Positive,No,9,Mild,94,None,896.14,Deceased
COVID03547,75,Female,Kerala,Kozhikode,2021-04-10,Fully Vaccinated,Cough,Positive,No,15,Moderate,95,None,1031.68,Recovered
COVID04791,50,Male,Tamil Nadu,Chennai,2021-04-10,Partially Vaccinated,Loss of Taste/Smell,Negative,No,0,None,96,Hypertension,422.64,Not Infected
COVID01804,22,Male,Kerala,Thiruvananthapuram,2021-04-10,Fully Vaccinated,None,Positive,No,14,Moderate,99,None,2362.66,Recovered
COVID04316,30,Female,Telangana,Hyderabad,2021-04-11,Partially Vaccinated,Fever,Positive,No,5,Mild,100,None,1828.25,Recovered
COVID04559,42,Female,Tamil Nadu,Salem,2021-04-11,Fully Vaccinated,None,Negative,No,0,None,99,Heart Disease,84.77,Not Infected
COVID04271,20,Female,Telangana,Warangal,2021-04-11,Partially Vaccinated,Cough,Positive,Yes,27,Severe,98,Diabetes,6275.2,Recovered
COVID01780,81,Female,Tamil Nadu,Coimbatore,2021-04-11,Fully Vaccinated,Loss of Taste/Smell,Positive,No,9,Mild,100,None,1224.4,Recovered
COVID00397,69,Male,Karnataka,Mangaluru,2021-04-11,Fully Vaccinated,Loss of Taste/Smell,Negative,No,0,None,98,None,10.36,Not Infected
COVID03358,83,Female,Kerala,Kochi,2021-04-12,Fully Vaccinated,Sore Throat,Negative,No,0,None,96,None,303.47,Not Infected
COVID04355,40,Female,Andhra Pradesh,Vijayawada,2021-04-12,Fully Vaccinated,Fever,Positive,No,14,Severe,99,Hypertension,1930.31,Recovered
COVID02308,24,Male,Kerala,Kochi,2021-04-12,Not Vaccinated,Breathing Difficulty,Positive,Yes,6,Moderate,96,None,3207.97,Recovered
COVID02146,71,Female,Telangana,Warangal,2021-04-12,Fully Vaccinated,Cough,Negative,No,0,None,100,None,179.69,Not Infected
COVID00217,19,Female,Gujarat,Ahmedabad,2021-04-12,Fully Vaccinated,Fatigue,Negative,No,0,None,99,Diabetes,267.76,Not Infected
COVID04500,79,Female,Maharashtra,Mumbai,2021-04-12,Not Vaccinated,None,Positive,No,6,Moderate,98,None,1343.53,Recovered
COVID01989,25,Male,Maharashtra,Pune,2021-04-13,Partially Vaccinated,Fatigue,Positive,Yes,23,Severe,100,None,2652.43,Recovered
COVID01674,13,Male,Andhra Pradesh,Visakhapatnam,2021-04-13,Partially Vaccinated,Cough,Negative,No,0,None,100,None,88.06,Not Infected
COVID00015,59,Male,Andhra Pradesh,Guntur,2021-04-13,Fully Vaccinated,None,Positive,Yes,16,Severe,91,None,5557.5,Recovered
COVID02622,66,Male,Tamil Nadu,Salem,2021-04-13,Fully Vaccinated,Cough,Positive,No,5,Mild,99,None,303.26,Recovered
COVID02009,73,Male,Kerala,Kochi,2021-04-14,Booster,Loss of Taste/Smell,Negative,No,0,None,98,Diabetes,205.97,Not Infected
COVID04096,47,Female,Maharashtra,Mumbai,2021-04-14,Partially Vaccinated,Fever,Positive,No,28,Moderate,95,None,2419.3,Recovered
COVID00048,6,Male,Kerala,Thrissur,2021-04-14,Fully Vaccinated,Fever,Positive,Yes,36,Severe,93,None,3508.32,Recovered
COVID04423,7,Female,Karnataka,Mangaluru,2021-04-14,Partially Vaccinated,Cough,Positive,Yes,15,Severe,90,Multiple,3315.51,Recovered
COVID01022,75,Male,Rajasthan,Jodhpur,2021-04-14,Fully Vaccinated,Cough,Negative,No,0,None,97,None,47.86,Not Infected
COVID01190,77,Female,Telangana,Warangal,2021-04-15,Fully Vaccinated,Cough,Positive,No,30,Mild,99,None,310.5,Recovered
COVID01638,79,Male,West Bengal,Howrah,2021-04-15,Fully Vaccinated,None,Positive,No,13,Mild,96,Diabetes,599.01,Deceased
COVID04117,83,Male,Karnataka,Hubballi,2021-04-16,Booster,Fatigue,Positive,No,19,Mild,99,None,2284.12,Recovered
COVID03946,66,Female,West Bengal,Howrah,2021-04-16,Partially Vaccinated,None,Positive,No,9,Mild,93,Hypertension,1763.61,Deceased
COVID03014,43,Male,Karnataka,Hubballi,2021-04-16,Fully Vaccinated,Fatigue,Positive,Yes,29,Critical,100,None,7458.12,Recovered
COVID03481,73,Female,Kerala,Thrissur,2021-04-16,Not Vaccinated,Sore Throat,Positive,No,22,Mild,93,None,333.46,Recovered
COVID04922,18,Female,Delhi,Dwarka,2021-04-16,Fully Vaccinated,Loss of Taste/Smell,Positive,Yes,9,Moderate,99,None,6389.09,Recovered
COVID03176,20,Male,Maharashtra,Pune,2021-04-16,Not Vaccinated,Fever,Positive,No,10,Mild,98,Hypertension,1013.18,Recovered
COVID02274,68,Male,Tamil Nadu,Chennai,2021-04-17,Not Vaccinated,Fever,Negative,No,0,None,97,Asthma,145.82,Not Infected
COVID04025,54,Female,Tamil Nadu,Coimbatore,2021-04-17,Fully Vaccinated,Cough,Positive,No,20,Mild,95,Diabetes,995.14,Deceased
COVID04928,79,Female,Karnataka,Hubballi,2021-04-17,Booster,Cough,Positive,Yes,13,Severe,92,None,4110.35,Recovered
COVID04783,69,Female,Delhi,Dwarka,2021-04-17,Not Vaccinated,Cough,Negative,No,0,None,95,Hypertension,162.08,Not Infected
COVID02546,41,Other,West Bengal,Howrah,2021-04-17,Fully Vaccinated,Fatigue,Positive,Yes,26,Moderate,94,Diabetes,4925.77,Recovered
COVID03820,21,Male,Telangana,Hyderabad,2021-04-17,Partially Vaccinated,Sore Throat,Positive,No,16,Mild,95,Hypertension,991.7,Recovered
COVID03533,19,Male,Karnataka,Bengaluru,2021-04-18,Fully Vaccinated,Sore Throat,Positive,Yes,24,Severe,90,None,2265.75,Recovered
COVID00779,45,Female,Andhra Pradesh,Visakhapatnam,2021-04-18,Fully Vaccinated,None,Negative,No,0,None,99,Multiple,455.79,Not Infected
COVID03721,76,Female,Tamil Nadu,Coimbatore,2021-04-18,Fully Vaccinated,Cough,Positive,No,10,Moderate,93,Hypertension,976.18,Recovered
COVID02779,12,Male,Tamil Nadu,Madurai,2021-04-18,Fully Vaccinated,Breathing Difficulty,Negative,No,0,None,98,None,470.26,Not Infected
COVID01174,81,Female,Karnataka,Mysuru,2021-04-18,Fully Vaccinated,Cough,Positive,Yes,26,Severe,88,Diabetes,7554.85,Deceased
COVID00912,19,Female,Gujarat,Ahmedabad,2021-04-19,Fully Vaccinated,None,Positive,No,23,Mild,100,Multiple,1226.58,Recovered
COVID00103,13,Female,Delhi,New Delhi,2021-04-19,Partially Vaccinated,Sore Throat,Positive,No,19,Mild,98,None,1109.11,Recovered
COVID04067,75,Female,Telangana,Warangal,2021-04-19,Fully Vaccinated,None,Positive,No,21,Moderate,100,None,1194.62,Recovered
COVID04776,45,Male,Rajasthan,Jaipur,2021-04-19,Partially Vaccinated,Fever,Positive,No,22,Moderate,97,None,806.17,Recovered
COVID04377,29,Other,Maharashtra,Mumbai,2021-04-19,Partially Vaccinated,Loss of Taste/Smell,Positive,No,19,Mild,94,None,2110.56,Recovered
COVID01466,13,Female,West Bengal,Howrah,2021-04-20,Not Vaccinated,None,Positive,No,23,Mild,97,None,701.89,Recovered
COVID01943,81,Male,Tamil Nadu,Salem,2021-04-20,Fully Vaccinated,Fever,Negative,No,0,None,95,Hypertension,290.37,Not Infected
COVID00080,66,Female,West Bengal,Howrah,2021-04-20,Fully Vaccinated,Fatigue,Positive,No,12,Mild,96,None,973.99,Recovered
COVID03044,75,Male,Telangana,Nizamabad,2021-04-20,Not Vaccinated,Fever,Negative,No,0,None,96,Multiple,354.27,Not Infected
COVID03077,17,Male,West Bengal,Kolkata,2021-04-20,Fully Vaccinated,Cough,Positive,Yes,10,Moderate,97,Hypertension,5432.71,Recovered
COVID03254,54,Male,Telangana,Hyderabad,2021-04-20,Fully Vaccinated,Fever,Negative,No,0,None,97,None,194.87,Not Infected
COVID03868,80,Female,Karnataka,Hubballi,2021-04-21,Fully Vaccinated,Sore Throat,Positive,Yes,9,Moderate,99,Hypertension,7322.57,Deceased
COVID03179,24,Male,Karnataka,Mysuru,2021-04-21,Booster,Sore Throat,Positive,Yes,22,Moderate,95,None,4122.85,Recovered
COVID04192,29,Female,Kerala,Kochi,2021-04-21,Fully Vaccinated,Fever,Positive,No,25,Mild,96,Diabetes,588.91,Recovered
COVID03463,13,Female,Telangana,Warangal,2021-04-22,Not Vaccinated,Cough,Positive,Yes,30,Severe,97,None,3590.6,Recovered
COVID03634,69,Female,Telangana,Nizamabad,2021-04-22,Not Vaccinated,Fever,Positive,Yes,5,Moderate,99,None,7443.03,Recovered
COVID04009,34,Female,Andhra Pradesh,Guntur,2021-04-23,Fully Vaccinated,Cough,Positive,No,27,Mild,99,Asthma,1033.04,Recovered
COVID01625,62,Female,Delhi,New Delhi,2021-04-23,Fully Vaccinated,Sore Throat,Negative,No,0,None,97,None,146.72,Not Infected
COVID00876,14,Male,Rajasthan,Jodhpur,2021-04-23,Not Vaccinated,Fatigue,Positive,No,23,Mild,100,Asthma,583.88,Recovered
COVID01114,49,Female,West Bengal,Durgapur,2021-04-23,Fully Vaccinated,Loss of Taste/Smell,Negative,No,0,None,100,Hypertension,459.78,Not Infected
COVID04841,44,Male,Tamil Nadu,Coimbatore,2021-04-24,Fully Vaccinated,Loss of Taste/Smell,Positive,No,14,Mild,99,Multiple,524.17,Recovered
COVID02688,51,Male,Andhra Pradesh,Visakhapatnam,2021-04-24,Not Vaccinated,None,Positive,Yes,14,Moderate,100,None,7019.17,Recovered
COVID04504,66,Male,Karnataka,Mysuru,2021-04-24,Booster,Cough,Positive,Yes,26,Moderate,98,Asthma,5836.15,Recovered
COVID00709,26,Male,Karnataka,Mysuru,2021-04-24,Fully Vaccinated,Sore Throat,Negative,No,0,None,99,Multiple,207.94,Not Infected
COVID03924,8,Male,Rajasthan,Jodhpur,2021-04-24,Not Vaccinated,Breathing Difficulty,Negative,No,0,None,99,None,380.54,Not Infected
COVID03940,82,Female,West Bengal,Howrah,2021-04-24,Fully Vaccinated,Sore Throat,Positive,No,22,Moderate,97,None,1549.62,Recovered
COVID04895,7,Female,Rajasthan,Jodhpur,2021-04-25,Booster,Sore Throat,Positive,Yes,20,Severe,90,None,4480.58,Recovered
COVID04031,22,Male,Kerala,Thiruvananthapuram,2021-04-25,Booster,None,Negative,No,0,None,96,None,266.09,Not Infected
COVID03019,64,Female,Gujarat,Ahmedabad,2021-04-25,Fully Vaccinated,Fatigue,Positive,Yes,51,Critical,93,None,3632.31,Recovered
COVID03705,51,Male,Gujarat,Vadodara,2021-04-25,Fully Vaccinated,Fever,Negative,No,0,None,96,None,260.87,Not Infected
COVID02428,80,Female,Telangana,Hyderabad,2021-04-26,Fully Vaccinated,Cough,Negative,No,0,None,97,Hypertension,497.82,Not Infected
COVID01705,25,Male,Kerala,Kochi,2021-04-26,Booster,Cough,Positive,Yes,29,Moderate,95,None,5554.9,Recovered
COVID03836,18,Male,Andhra Pradesh,Vijayawada,2021-04-26,Partially Vaccinated,Loss of Taste/Smell,Positive,No,5,Mild,98,None,1481.91,Recovered
COVID01890,33,Female,Gujarat,Ahmedabad,2021-04-26,Fully Vaccinated,Cough,Negative,No,0,None,98,Diabetes,240.7,Not Infected
COVID00691,46,Female,Tamil Nadu,Coimbatore,2021-04-26,Fully Vaccinated,Fatigue,Positive,No,24,Moderate,94,None,1513.31,Recovered
COVID04850,26,Female,Tamil Nadu,Madurai,2021-04-27,Fully Vaccinated,Fever,Positive,No,27,Mild,100,Hypertension,1319.72,Recovered
COVID01140,45,Female,Delhi,Rohini,2021-04-27,Fully Vaccinated,None,Positive,No,10,Mild,98,Asthma,2172.72,Recovered
COVID02077,33,Male,Andhra Pradesh,Guntur,2021-04-27,Fully Vaccinated,Breathing Difficulty,Positive,No,19,Mild,95,None,1186.37,Recovered
COVID03352,85,Female,Maharashtra,Mumbai,2021-04-28,Fully Vaccinated,Fever,Positive,No,12,Mild,100,Hypertension,1136.13,Recovered
COVID03067,25,Male,Telangana,Hyderabad,2021-04-28,Not Vaccinated,None,Negative,No,0,None,100,Diabetes,376.07,Not Infected
COVID00833,60,Male,Telangana,Hyderabad,2021-04-29,Fully Vaccinated,Cough,Positive,No,17,Mild,99,Hypertension,1359.78,Recovered
COVID02760,21,Male,Delhi,Rohini,2021-04-29,Partially Vaccinated,Fatigue,Negative,No,0,None,96,None,133.43,Not Infected
COVID04907,38,Male,Tamil Nadu,Madurai,2021-04-29,Partially Vaccinated,Cough,Positive,No,22,Mild,93,Asthma,1916.43,Recovered
COVID02419,60,Male,Kerala,Thiruvananthapuram,2021-04-29,Fully Vaccinated,Sore Throat,Positive,No,9,Moderate,99,Diabetes,1849.47,Recovered
COVID00427,41,Male,Andhra Pradesh,Vijayawada,2021-04-29,Not Vaccinated,None,Positive,No,26,Mild,100,None,814.22,Recovered
COVID00089,77,Male,Gujarat,Vadodara,2021-04-30,Booster,Loss of Taste/Smell,Positive,No,22,Moderate,93,None,1473.93,Recovered
COVID00088,68,Female,Tamil Nadu,Chennai,2021-04-30,Fully Vaccinated,None,Positive,No,27,Severe,94,None,558.58,Recovered
COVID03985,74,Male,West Bengal,Durgapur,2021-04-30,Partially Vaccinated,Loss of Taste/Smell,Positive,No,6,Mild,99,Asthma,786.97,Deceased
COVID02442,54,Male,Maharashtra,Pune,2021-04-30,Partially Vaccinated,None,Positive,Yes,45,Critical,92,None,7559.51,Recovered
COVID03911,49,Male,Andhra Pradesh,Vijayawada,2021-04-30,Fully Vaccinated,Cough,Positive,No,24,Severe,97,Hypertension,1999.95,Recovered
COVID00570,73,Female,Maharashtra,Mumbai,2021-04-30,Fully Vaccinated,Fever,Positive,Yes,29,Moderate,96,None,3502.13,Deceased
COVID00447,65,Female,Maharashtra,Nagpur,2021-04-30,Not Vaccinated,Cough,Negative,No,0,None,99,Multiple,210.72,Not Infected
COVID03189,44,Female,Gujarat,Surat,2021-05-01,Not Vaccinated,Sore Throat,Negative,No,0,None,97,None,445.61,Not Infected
COVID03006,77,Female,Karnataka,Mysuru,2021-05-02,Partially Vaccinated,None,Positive,Yes,30,Moderate,93,Diabetes,4083.76,Recovered
COVID00368,52,Male,Telangana,Nizamabad,2021-05-02,Partially Vaccinated,Loss of Taste/Smell,Positive,No,13,Mild,97,None,1942.38,Recovered
COVID01004,21,Female,Kerala,Kozhikode,2021-05-02,Partially Vaccinated,Fever,Positive,No,17,Mild,93,None,1221.75,Recovered
COVID02326,24,Female,Karnataka,Mangaluru,2021-05-04,Partially Vaccinated,Fatigue,Negative,No,0,None,100,None,225.23,Not Infected
COVID01816,45,Female,Andhra Pradesh,Vijayawada,2021-05-04,Partially Vaccinated,Cough,Negative,No,0,None,99,Heart Disease,208.57,Not Infected
COVID00758,47,Male,Telangana,Nizamabad,2021-05-04,Not Vaccinated,Breathing Difficulty,Negative,No,0,None,99,Diabetes,126.16,Not Infected
COVID04765,15,Female,Andhra Pradesh,Visakhapatnam,2021-05-04,Booster,Fever,Positive,Yes,9,Moderate,98,None,5004.82,Recovered
COVID02957,67,Male,Kerala,Thrissur,2021-05-04,Fully Vaccinated,Fever,Positive,No,19,Mild,93,Heart Disease,1208.88,Recovered
COVID03318,28,Male,Maharashtra,Nashik,2021-05-04,Booster,Fatigue,Positive,No,20,Mild,96,Hypertension,2117.59,Recovered
COVID00705,75,Male,Karnataka,Hubballi,2021-05-04,Not Vaccinated,Sore Throat,Negative,No,0,None,100,None,215.19,Not Infected
COVID02676,27,Male,Maharashtra,Nashik,2021-05-04,Partially Vaccinated,Breathing Difficulty,Positive,No,14,Mild,94,Asthma,1049.02,Recovered
COVID01755,85,Female,West Bengal,Howrah,2021-05-05,Fully Vaccinated,Cough,Positive,No,9,Mild,97,None,598.87,Deceased
COVID03692,31,Female,Kerala,Thiruvananthapuram,2021-05-05,Fully Vaccinated,Sore Throat,Positive,Yes,20,Moderate,95,Multiple,6610.01,Recovered
COVID01795,58,Female,Karnataka,Mysuru,2021-05-06,Partially Vaccinated,Sore Throat,Positive,No,15,Mild,94,Diabetes,1695.16,Recovered
COVID00763,25,Male,Rajasthan,Udaipur,2021-05-06,Partially Vaccinated,Fatigue,Positive,No,11,Mild,99,Diabetes,1263.98,Recovered
COVID01598,66,Male,West Bengal,Howrah,2021-05-06,Fully Vaccinated,Fever,Positive,Yes,23,Moderate,97,None,5803.63,Recovered
COVID03528,77,Male,Maharashtra,Mumbai,2021-05-06,Not Vaccinated,Breathing Difficulty,Negative,No,0,None,97,None,189.33,Not Infected
COVID02865,51,Female,Gujarat,Surat,2021-05-06,Booster,Fever,Positive,No,12,Mild,93,Multiple,592.84,Recovered
COVID00898,19,Female,Gujarat,Ahmedabad,2021-05-06,Fully Vaccinated,Breathing Difficulty,Positive,No,22,Mild,100,Asthma,2271.85,Recovered
COVID03987,36,Male,Tamil Nadu,Salem,2021-05-06,Not Vaccinated,Loss of Taste/Smell,Positive,Yes,30,Moderate,97,None,2226.48,Recovered
COVID01593,85,Other,Karnataka,Mysuru,2021-05-07,Not Vaccinated,None,Positive,Yes,23,Moderate,95,None,5284.35,Recovered
COVID02115,62,Male,Maharashtra,Nashik,2021-05-07,Fully Vaccinated,Loss of Taste/Smell,Positive,No,19,Mild,97,Diabetes,401.45,Recovered
COVID00555,59,Female,Andhra Pradesh,Guntur,2021-05-07,Partially Vaccinated,Fever,Positive,No,18,Mild,96,Hypertension,1873.74,Recovered
COVID04837,77,Male,Delhi,New Delhi,2021-05-07,Fully Vaccinated,Sore Throat,Positive,Yes,18,Severe,96,Hypertension,6599.17,Recovered
COVID02556,63,Male,Gujarat,Surat,2021-05-08,Not Vaccinated,Sore Throat,Negative,No,0,None,97,None,65.47,Not Infected
COVID04904,19,Female,Gujarat,Vadodara,2021-05-08,Booster,Cough,Positive,No,12,Moderate,97,Hypertension,1569.9,Recovered
COVID05000,29,Female,Kerala,Kozhikode,2021-05-08,Fully Vaccinated,Loss of Taste/Smell,Negative,No,0,None,99,None,226.02,Not Infected
COVID00829,33,Male,Andhra Pradesh,Vijayawada,2021-05-08,Booster,Fever,Positive,No,25,Mild,94,None,1614.25,Recovered
COVID04820,38,Female,Andhra Pradesh,Guntur,2021-05-09,Partially Vaccinated,Fever,Positive,No,27,Mild,99,Hypertension,557.6,Recovered
COVID01143,21,Female,Telangana,Hyderabad,2021-05-09,Not Vaccinated,Fatigue,Positive,No,30,Mild,96,None,1641.38,Recovered
COVID00197,75,Female,Telangana,Warangal,2021-05-09,Not Vaccinated,Sore Throat,Negative,No,0,None,96,None,52.87,Not Infected
COVID02271,63,Male,Gujarat,Vadodara,2021-05-09,Not Vaccinated,None,Negative,No,0,None,98,None,477.7,Not Infected
COVID00557,80,Female,Tamil Nadu,Salem,2021-05-09,Booster,Cough,Positive,Yes,28,Moderate,93,None,2015.12,Recovered
COVID01831,58,Male,Tamil Nadu,Coimbatore,2021-05-10,Fully Vaccinated,None,Positive,No,23,Mild,94,Asthma,2434.52,Recovered
COVID03830,61,Female,Telangana,Warangal,2021-05-10,Fully Vaccinated,Fever,Negative,No,0,None,95,Hypertension,135.55,Not Infected
COVID01163,49,Female,Telangana,Warangal,2021-05-10,Fully Vaccinated,None,Positive,No,12,Mild,99,Diabetes,1387.31,Recovered
COVID01034,51,Male,Telangana,Warangal,2021-05-10,Booster,Fatigue,Negative,No,0,None,99,Asthma,226.83,Not Infected
COVID02471,44,Male,Tamil Nadu,Chennai,2021-05-10,Fully Vaccinated,None,Positive,Yes,24,Severe,92,Multiple,3506.99,Recovered
COVID01614,30,Male,Karnataka,Mysuru,2021-05-10,Fully Vaccinated,None,Negative,No,0,None,96,None,12.31,Not Infected
COVID03184,53,Female,Rajasthan,Jodhpur,2021-05-11,Partially Vaccinated,Loss of Taste/Smell,Positive,No,14,Mild,94,None,1745.19,Recovered
COVID01683,23,Male,Tamil Nadu,Madurai,2021-05-11,Partially Vaccinated,Sore Throat,Positive,No,25,Mild,96,None,1912.07,Deceased
COVID00531,51,Male,Delhi,Dwarka,2021-05-11,Fully Vaccinated,Breathing Difficulty,Positive,No,9,Mild,97,None,1854.42,Recovered
COVID00352,5,Female,Andhra Pradesh,Guntur,2021-05-11,Fully Vaccinated,Sore Throat,Negative,No,0,None,97,Asthma,30.38,Not Infected
COVID02167,32,Female,Karnataka,Bengaluru,2021-05-12,Partially Vaccinated,Fatigue,Positive,No,33,Critical,88,Asthma,601.33,Deceased
COVID00770,48,Female,Tamil Nadu,Coimbatore,2021-05-12,Not Vaccinated,Fever,Positive,No,28,Mild,96,Heart Disease,833.9,Recovered
COVID03091,29,Male,Maharashtra,Nashik,2021-05-12,Fully Vaccinated,None,Positive,Yes,11,Moderate,99,None,5239.75,Recovered
COVID02788,60,Female,Maharashtra,Mumbai,2021-05-12,Fully Vaccinated,None,Positive,Yes,40,Severe,92,Diabetes,4709.0,Recovered
COVID04223,82,Male,Rajasthan,Udaipur,2021-05-12,Fully Vaccinated,Fever,Negative,No,0,None,97,Hypertension,440.88,Not Infected
COVID00606,47,Female,West Bengal,Durgapur,2021-05-12,Fully Vaccinated,Cough,Positive,No,10,Mild,99,Multiple,1619.26,Recovered
COVID03595,31,Male,Karnataka,Mangaluru,2021-05-12,Fully Vaccinated,None,Negative,No,0,None,100,None,239.05,Not Infected
COVID01475,66,Male,West Bengal,Durgapur,2021-05-13,Fully Vaccinated,Breathing Difficulty,Negative,No,0,None,96,None,274.66,Not Infected
COVID01486,52,Female,Karnataka,Mangaluru,2021-05-13,Partially Vaccinated,Fatigue,Negative,No,0,None,100,Hypertension,291.37,Not Infected
COVID04055,12,Male,Delhi,Rohini,2021-05-14,Not Vaccinated,None,Positive,No,5,Mild,96,None,1228.0,Recovered
COVID04107,51,Female,Gujarat,Vadodara,2021-05-14,Fully Vaccinated,None,Positive,No,14,Mild,94,None,1588.86,Recovered
COVID04918,35,Female,Andhra Pradesh,Vijayawada,2021-05-14,Partially Vaccinated,Fever,Positive,No,16,Mild,97,None,2103.6,Recovered
COVID04573,77,Female,West Bengal,Kolkata,2021-05-15,Fully Vaccinated,Cough,Positive,No,8,Moderate,98,None,1322.19,Recovered
COVID00631,37,Male,Maharashtra,Mumbai,2021-05-15,Partially Vaccinated,Breathing Difficulty,Negative,No,0,None,99,None,180.93,Not Infected
COVID01050,74,Male,Karnataka,Mangaluru,2021-05-15,Fully Vaccinated,None,Negative,No,0,None,95,None,279.35,Not Infected
COVID00024,7,Female,Andhra Pradesh,Guntur,2021-05-15,Fully Vaccinated,None,Negative,No,0,None,97,None,127.97,Not Infected
COVID02665,28,Male,Telangana,Warangal,2021-05-15,Partially Vaccinated,Fever,Negative,No,0,None,97,None,416.62,Not Infected
COVID00137,17,Male,West Bengal,Howrah,2021-05-16,Fully Vaccinated,Fever,Negative,No,0,None,98,None,316.45,Not Infected
COVID04137,69,Female,Delhi,Dwarka,2021-05-16,Not Vaccinated,Breathing Difficulty,Positive,No,15,Mild,100,None,1787.42,Recovered
COVID03275,15,Female,Telangana,Warangal,2021-05-16,Booster,Cough,Positive,No,29,Mild,98,None,2039.61,Recovered
COVID02163,19,Female,Karnataka,Hubballi,2021-05-17,Partially Vaccinated,Fatigue,Negative,No,0,None,96,Multiple,491.76,Not Infected
COVID02581,54,Male,Karnataka,Mysuru,2021-05-17,Partially Vaccinated,Loss of Taste/Smell,Negative,No,0,None,98,None,301.22,Not Infected
COVID00668,76,Male,Telangana,Warangal,2021-05-17,Fully Vaccinated,Fever,Positive,No,35,Severe,97,Hypertension,2100.27,Recovered
COVID02889,52,Male,Andhra Pradesh,Visakhapatnam,2021-05-18,Partially Vaccinated,Cough,Positive,No,8,Mild,100,Diabetes,777.48,Recovered
COVID00451,50,Male,Telangana,Hyderabad,2021-05-18,Fully Vaccinated,Fever,Negative,No,0,None,96,Asthma,33.01,Not Infected
COVID00676,42,Female,Maharashtra,Nashik,2021-05-18,Partially Vaccinated,Fever,Positive,Yes,32,Critical,98,None,6957.28,Recovered
COVID00862,16,Other,Gujarat,Vadodara,2021-05-18,Fully Vaccinated,Fatigue,Positive,No,26,Mild,95,Asthma,2384.05,Recovered
COVID04258,29,Male,Telangana,Warangal,2021-05-18,Not Vaccinated,Loss of Taste/Smell,Positive,Yes,16,Moderate,96,Heart Disease,7837.24,Recovered
COVID03312,14,Female,Karnataka,Hubballi,2021-05-18,Booster,None,Positive,No,28,Mild,99,None,472.79,Recovered
COVID00864,81,Male,Maharashtra,Nashik,2021-05-19,Not Vaccinated,Cough,Negative,No,0,None,97,None,277.69,Not Infected
COVID03945,24,Female,West Bengal,Durgapur,2021-05-19,Fully Vaccinated,Cough,Positive,Yes,8,Moderate,98,None,5440.99,Recovered
COVID01993,84,Female,West Bengal,Kolkata,2021-05-19,Fully Vaccinated,Sore Throat,Positive,No,30,Mild,98,None,1436.13,Deceased
COVID00849,65,Male,Gujarat,Ahmedabad,2021-05-19,Fully Vaccinated,Cough,Negative,No,0,None,96,None,473.23,Not Infected
COVID00955,55,Male,Kerala,Thrissur,2021-05-19,Booster,None,Positive,Yes,6,Moderate,96,Asthma,3820.24,Recovered
COVID01514,61,Male,Rajasthan,Jaipur,2021-05-19,Fully Vaccinated,Sore Throat,Positive,No,14,Mild,93,None,1922.8,Recovered
COVID02847,16,Male,Telangana,Hyderabad,2021-05-20,Not Vaccinated,Cough,Negative,No,0,None,98,Diabetes,485.4,Not Infected
COVID00428,50,Male,Telangana,Hyderabad,2021-05-21,Booster,Fever,Negative,No,0,None,99,Diabetes,389.97,Not Infected
COVID02983,64,Female,Andhra Pradesh,Visakhapatnam,2021-05-21,Not Vaccinated,None,Positive,No,20,Mild,94,None,2067.06,Recovered
COVID01404,84,Male,Telangana,Warangal,2021-05-21,Partially Vaccinated,Fever,Negative,No,0,None,97,Hypertension,124.14,Not Infected
COVID00435,28,Male,Rajasthan,Jodhpur,2021-05-21,Booster,Breathing Difficulty,Positive,Yes,9,Moderate,93,Heart Disease,7044.38,Recovered
COVID01758,55,Male,Kerala,Thrissur,2021-05-21,Fully Vaccinated,Fever,Positive,Yes,15,Moderate,100,Multiple,1876.07,Recovered
COVID01316,35,Female,Delhi,New Delhi,2021-05-21,Fully Vaccinated,Loss of Taste/Smell,Positive,No,11,Mild,95,Hypertension,584.21,Recovered
COVID01386,45,Male,Kerala,Thrissur,2021-05-21,Fully Vaccinated,Cough,Positive,No,20,Mild,96,None,2469.42,Recovered
COVID04947,54,Female,West Bengal,Kolkata,2021-05-21,Booster,Cough,Positive,No,6,Moderate,100,None,701.72,Recovered
COVID01492,40,Other,Gujarat,Surat,2021-05-21,Fully Vaccinated,Cough,Negative,No,0,None,98,Diabetes,452.68,Not Infected
COVID01504,23,Male,Kerala,Thiruvananthapuram,2021-05-22,Fully Vaccinated,Fever,Positive,No,29,Moderate,95,None,1708.67,Recovered
COVID04427,23,Male,Karnataka,Bengaluru,2021-05-22,Partially Vaccinated,Cough,Negative,No,0,None,99,Diabetes,217.24,Not Infected
COVID01121,44,Female,West Bengal,Durgapur,2021-05-22,Partially Vaccinated,None,Positive,Yes,25,Moderate,100,None,7278.93,Recovered
COVID02840,40,Male,Telangana,Nizamabad,2021-05-22,Not Vaccinated,Fever,Positive,No,18,Mild,96,None,2159.32,Recovered
COVID04488,13,Female,Rajasthan,Jodhpur,2021-05-22,Partially Vaccinated,Fatigue,Negative,No,0,None,96,None,21.86,Not Infected
COVID03015,29,Male,Maharashtra,Mumbai,2021-05-22,Fully Vaccinated,None,Negative,No,0,None,96,None,85.86,Not Infected
COVID03405,82,Male,Andhra Pradesh,Visakhapatnam,2021-05-22,Booster,Loss of Taste/Smell,Positive,No,8,Mild,96,None,2290.83,Recovered
COVID04359,30,Female,Tamil Nadu,Chennai,2021-05-22,Not Vaccinated,Breathing Difficulty,Positive,Yes,7,Moderate,94,None,7399.69,Recovered
COVID04964,84,Male,Andhra Pradesh,Visakhapatnam,2021-05-23,Booster,Fever,Positive,Yes,30,Moderate,94,None,4152.31,Recovered
COVID02933,40,Male,Delhi,New Delhi,2021-05-23,Fully Vaccinated,None,Positive,No,6,Mild,97,None,1670.44,Recovered
COVID03159,84,Male,Maharashtra,Nagpur,2021-05-23,Booster,Cough,Positive,Yes,35,Severe,99,None,6446.28,Recovered
COVID04214,11,Female,West Bengal,Kolkata,2021-05-24,Fully Vaccinated,None,Positive,Yes,26,Severe,96,None,3885.53,Recovered
COVID02127,23,Female,Maharashtra,Mumbai,2021-05-24,Fully Vaccinated,Loss of Taste/Smell,Positive,No,11,Mild,100,None,379.32,Recovered
COVID03797,19,Male,Andhra Pradesh,Guntur,2021-05-24,Fully Vaccinated,Cough,Negative,No,0,None,99,None,354.84,Not Infected
COVID00925,13,Female,Rajasthan,Udaipur,2021-05-24,Fully Vaccinated,Loss of Taste/Smell,Positive,No,21,Mild,97,None,1339.05,Recovered
COVID02232,19,Male,Kerala,Kochi,2021-05-25,Booster,None,Positive,No,12,Mild,98,None,673.87,Recovered
COVID02133,71,Female,Karnataka,Mangaluru,2021-05-25,Fully Vaccinated,Fatigue,Positive,No,16,Mild,96,Hypertension,563.45,Recovered
COVID00554,72,Male,Tamil Nadu,Chennai,2021-05-25,Fully Vaccinated,Loss of Taste/Smell,Positive,Yes,29,Moderate,97,Diabetes,7059.02,Recovered
COVID02112,25,Female,Rajasthan,Udaipur,2021-05-25,Not Vaccinated,Loss of Taste/Smell,Positive,Yes,45,Critical,89,Hypertension,5486.09,Recovered
COVID04508,64,Male,West Bengal,Kolkata,2021-05-26,Not Vaccinated,Fatigue,Positive,No,8,Moderate,97,Multiple,2439.69,Recovered
COVID00752,14,Female,Karnataka,Mysuru,2021-05-26,Partially Vaccinated,None,Negative,No,0,None,95,None,262.98,Not Infected
COVID04735,82,Female,Telangana,Nizamabad,2021-05-26,Partially Vaccinated,Fever,Positive,No,16,Mild,94,Asthma,1582.92,Recovered
COVID00129,67,Female,Delhi,Dwarka,2021-05-26,Not Vaccinated,Fever,Positive,No,7,Moderate,98,Hypertension,939.84,Recovered
COVID02854,52,Male,Gujarat,Vadodara,2021-05-26,Fully Vaccinated,Breathing Difficulty,Positive,No,17,Mild,100,None,532.78,Recovered
COVID03876,12,Male,Rajasthan,Udaipur,2021-05-26,Fully Vaccinated,Sore Throat,Positive,Yes,25,Severe,97,Diabetes,5959.24,Recovered
COVID03124,56,Male,Telangana,Warangal,2021-05-26,Partially Vaccinated,Fever,Positive,Yes,8,Moderate,100,None,5295.96,Recovered
COVID04470,64,Male,Delhi,Dwarka,2021-05-26,Booster,Sore Throat,Positive,Yes,20,Severe,99,Diabetes,4323.33,Recovered
COVID02037,7,Male,Rajasthan,Jaipur,2021-05-27,Partially Vaccinated,Loss of Taste/Smell,Negative,No,0,None,98,None,499.05,Not Infected
COVID02780,17,Female,Andhra Pradesh,Visakhapatnam,2021-05-27,Booster,Sore Throat,Negative,No,0,None,99,None,14.97,Not Infected
COVID04516,21,Female,Rajasthan,Jodhpur,2021-05-27,Fully Vaccinated,Sore Throat,Positive,Yes,9,Moderate,97,Asthma,1629.15,Recovered
COVID00938,65,Male,Tamil Nadu,Chennai,2021-05-27,Partially Vaccinated,Fever,Positive,Yes,9,Moderate,98,None,2585.34,Recovered
COVID00037,61,Other,West Bengal,Durgapur,2021-05-28,Not Vaccinated,Fatigue,Negative,No,0,None,99,None,415.19,Not Infected
COVID02162,52,Female,Maharashtra,Nashik,2021-05-28,Partially Vaccinated,Loss of Taste/Smell,Positive,No,20,Mild,99,Hypertension,2161.6,Recovered
COVID00667,73,Female,Telangana,Hyderabad,2021-05-28,Fully Vaccinated,Loss of Taste/Smell,Positive,No,7,Mild,95,None,1593.65,Recovered
COVID02079,50,Female,Gujarat,Vadodara,2021-05-28,Partially Vaccinated,Sore Throat,Negative,No,0,None,99,None,215.38,Not Infected
COVID00380,30,Female,Maharashtra,Pune,2021-05-28,Booster,Loss of Taste/Smell,Positive,Yes,6,Moderate,94,Hypertension,6136.86,Recovered
COVID02664,14,Male,Telangana,Hyderabad,2021-05-29,Fully Vaccinated,Fatigue,Positive,No,7,Mild,94,None,1658.47,Recovered
COVID01227,34,Female,Maharashtra,Mumbai,2021-05-29,Not Vaccinated,Sore Throat,Positive,No,25,Mild,95,Heart Disease,1846.06,Recovered
COVID00662,64,Female,Andhra Pradesh,Vijayawada,2021-05-29,Fully Vaccinated,Breathing Difficulty,Positive,Yes,32,Severe,91,None,5268.63,Recovered
COVID02888,15,Female,Andhra Pradesh,Visakhapatnam,2021-05-29,Fully Vaccinated,Sore Throat,Positive,No,26,Mild,96,Diabetes,722.46,Recovered
COVID00977,70,Male,Kerala,Kochi,2021-05-29,Fully Vaccinated,Fever,Positive,No,16,Mild,96,Hypertension,1713.02,Recovered
COVID04798,85,Male,Tamil Nadu,Madurai,2021-05-29,Fully Vaccinated,Breathing Difficulty,Positive,No,20,Mild,94,Hypertension,1826.28,Recovered
COVID04977,52,Female,Karnataka,Mangaluru,2021-05-29,Fully Vaccinated,None,Negative,No,0,None,98,Heart Disease,203.92,Not Infected
COVID02969,85,Male,Karnataka,Mysuru,2021-05-29,Fully Vaccinated,None,Negative,No,0,None,97,None,392.48,Not Infected
COVID04486,73,Female,Gujarat,Vadodara,2021-05-30,Booster,None,Positive,No,12,Mild,97,Multiple,1340.92,Recovered
COVID03226,61,Female,Karnataka,Mangaluru,2021-05-30,Fully Vaccinated,Fever,Positive,No,12,Mild,93,None,723.85,Recovered
COVID01753,42,Male,Rajasthan,Jodhpur,2021-05-30,Partially Vaccinated,Fatigue,Negative,No,0,None,96,None,265.12,Not Infected
COVID04584,72,Male,Delhi,Dwarka,2021-05-30,Booster,Fatigue,Positive,No,21,Moderate,99,None,449.62,Recovered
COVID00670,56,Female,Rajasthan,Jaipur,2021-05-31,Fully Vaccinated,Cough,Positive,No,13,Mild,100,None,2248.46,Recovered
COVID04693,48,Male,Kerala,Kozhikode,2021-05-31,Partially Vaccinated,Loss of Taste/Smell,Negative,No,0,None,100,None,342.88,Not Infected
COVID03158,9,Female,Tamil Nadu,Chennai,2021-05-31,Not Vaccinated,Sore Throat,Positive,No,25,Mild,96,None,922.81,Recovered
COVID02849,29,Male,West Bengal,Durgapur,2021-05-31,Fully Vaccinated,Breathing Difficulty,Positive,Yes,44,Critical,90,Diabetes,1727.14,Recovered
COVID01117,46,Male,Gujarat,Surat,2021-06-01,Fully Vaccinated,Fever,Negative,No,0,None,97,None,336.54,Not Infected
COVID01047,7,Female,Karnataka,Hubballi,2021-06-02,Fully Vaccinated,Fatigue,Negative,No,0,None,96,Hypertension,205.59,Not Infected
COVID02502,29,Female,Kerala,Kochi,2021-06-02,Fully Vaccinated,Cough,Positive,No,30,Mild,94,None,2045.83,Recovered
COVID03521,78,Female,Maharashtra,Mumbai,2021-06-02,Fully Vaccinated,Sore Throat,Positive,No,27,Mild,99,Hypertension,2204.42,Recovered
COVID01372,25,Male,Tamil Nadu,Chennai,2021-06-02,Not Vaccinated,Sore Throat,Positive,No,5,Mild,99,None,890.26,Recovered
COVID04688,85,Male,Gujarat,Ahmedabad,2021-06-02,Fully Vaccinated,Sore Throat,Positive,No,15,Mild,93,Asthma,1117.74,Recovered
COVID01072,63,Male,Tamil Nadu,Madurai,2021-06-02,Fully Vaccinated,Cough,Positive,No,29,Severe,92,None,384.78,Recovered
COVID02993,52,Male,Tamil Nadu,Madurai,2021-06-02,Fully Vaccinated,Fatigue,Positive,No,17,Mild,100,None,1847.97,Recovered
COVID04989,8,Male,Telangana,Nizamabad,2021-06-02,Not Vaccinated,Cough,Negative,No,0,None,95,None,119.31,Not Infected
COVID04594,6,Female,Kerala,Kochi,2021-06-03,Fully Vaccinated,Cough,Positive,No,14,Mild,97,None,2333.5,Recovered
COVID04455,22,Male,Kerala,Kochi,2021-06-03,Partially Vaccinated,None,Positive,No,26,Mild,93,Asthma,2490.24,Recovered
COVID00773,84,Male,Tamil Nadu,Salem,2021-06-03,Fully Vaccinated,Fatigue,Negative,No,0,None,95,Hypertension,335.64,Not Infected
COVID01455,55,Male,Maharashtra,Nagpur,2021-06-03,Not Vaccinated,Fever,Negative,No,0,None,95,Hypertension,277.2,Not Infected
COVID03877,42,Female,Delhi,Rohini,2021-06-04,Not Vaccinated,Fever,Positive,Yes,24,Moderate,99,Diabetes,2319.1,Recovered
COVID04120,49,Male,Andhra Pradesh,Guntur,2021-06-04,Partially Vaccinated,Loss of Taste/Smell,Negative,No,0,None,98,None,295.57,Not Infected
COVID03511,81,Male,Rajasthan,Jaipur,2021-06-04,Booster,Fever,Positive,No,21,Mild,96,None,2124.84,Recovered
COVID04064,57,Female,Andhra Pradesh,Guntur,2021-06-05,Partially Vaccinated,Breathing Difficulty,Positive,No,24,Mild,96,None,1609.43,Recovered
COVID01914,69,Female,Karnataka,Mysuru,2021-06-05,Not Vaccinated,Cough,Positive,No,24,Mild,99,None,1646.66,Recovered
COVID01692,71,Female,Kerala,Thrissur,2021-06-05,Fully Vaccinated,Fever,Positive,Yes,23,Moderate,95,Diabetes,5730.36,Recovered
COVID01628,35,Male,Karnataka,Bengaluru,2021-06-05,Fully Vaccinated,Fatigue,Negative,No,0,None,99,None,386.75,Not Infected
COVID00365,68,Female,Telangana,Hyderabad,2021-06-05,Fully Vaccinated,Breathing Difficulty,Positive,No,27,Mild,98,None,2331.84,Recovered
COVID01761,34,Male,West Bengal,Durgapur,2021-06-05,Not Vaccinated,Cough,Positive,No,15,Mild,98,Asthma,1876.73,Recovered
COVID03401,77,Male,Rajasthan,Jaipur,2021-06-05,Fully Vaccinated,Cough,Positive,Yes,35,Critical,91,Heart Disease,2772.01,Recovered
COVID01799,33,Male,Delhi,Dwarka,2021-06-05,Fully Vaccinated,Cough,Positive,No,27,Moderate,97,None,2379.2,Recovered
COVID04189,59,Male,Gujarat,Ahmedabad,2021-06-05,Fully Vaccinated,Sore Throat,Positive,Yes,14,Moderate,97,None,5691.47,Recovered
COVID01389,14,Female,Kerala,Thiruvananthapuram,2021-06-05,Not Vaccinated,None,Positive,No,32,Severe,99,None,1471.75,Recovered
COVID01582,56,Male,Andhra Pradesh,Visakhapatnam,2021-06-06,Fully Vaccinated,Cough,Positive,No,9,Mild,94,Asthma,1179.53,Recovered
COVID00595,37,Male,Kerala,Thiruvananthapuram,2021-06-06,Not Vaccinated,Fatigue,Positive,Yes,8,Moderate,99,None,6147.73,Recovered
COVID02149,84,Male,Telangana,Nizamabad,2021-06-06,Partially Vaccinated,Fatigue,Positive,Yes,16,Severe,92,Hypertension,3186.29,Recovered
COVID04580,48,Female,Karnataka,Bengaluru,2021-06-06,Fully Vaccinated,Fever,Positive,No,8,Mild,96,None,2166.39,Recovered
COVID03267,66,Male,Kerala,Thrissur,2021-06-07,Fully Vaccinated,Cough,Negative,No,0,None,97,None,290.21,Not Infected
COVID01326,56,Male,Telangana,Nizamabad,2021-06-07,Partially Vaccinated,Breathing Difficulty,Positive,No,28,Moderate,94,None,1981.94,Recovered
COVID02231,50,Male,Karnataka,Mangaluru,2021-06-07,Not Vaccinated,Sore Throat,Negative,No,0,None,95,None,85.54,Not Infected
COVID04432,50,Female,Rajasthan,Jaipur,2021-06-08,Partially Vaccinated,Loss of Taste/Smell,Negative,No,0,None,95,Hypertension,426.05,Not Infected
COVID04263,34,Female,Gujarat,Surat,2021-06-08,Partially Vaccinated,None,Positive,No,10,Mild,95,None,2188.77,Recovered
COVID02632,70,Male,Telangana,Nizamabad,2021-06-08,Fully Vaccinated,Sore Throat,Positive,Yes,9,Moderate,94,None,4677.24,Recovered
COVID03373,21,Female,Delhi,Dwarka,2021-06-08,Booster,Cough,Positive,Yes,29,Moderate,94,None,4070.9,Recovered
COVID01606,67,Male,Andhra Pradesh,Visakhapatnam,2021-06-08,Booster,Sore Throat,Negative,No,0,None,95,None,425.26,Not Infected
COVID00206,75,Female,Kerala,Kochi,2021-06-08,Fully Vaccinated,Loss of Taste/Smell,Positive,Yes,15,Severe,88,Heart Disease,6547.63,Deceased
COVID03206,85,Other,Telangana,Hyderabad,2021-06-09,Fully Vaccinated,Sore Throat,Positive,Yes,22,Moderate,99,None,2531.91,Recovered
COVID02907,74,Male,Andhra Pradesh,Visakhapatnam,2021-06-09,Partially Vaccinated,Sore Throat,Positive,No,5,Mild,93,None,425.67,Deceased
COVID01130,10,Female,Gujarat,Surat,2021-06-09,Partially Vaccinated,Loss of Taste/Smell,Positive,No,17,Mild,95,None,1209.36,Recovered
COVID01131,36,Male,Kerala,Thiruvananthapuram,2021-06-09,Not Vaccinated,Breathing Difficulty,Negative,No,0,None,98,None,101.96,Not Infected
COVID03808,58,Female,Maharashtra,Nagpur,2021-06-09,Fully Vaccinated,Fatigue,Negative,No,0,None,97,None,98.63,Not Infected
COVID03837,31,Other,Delhi,Rohini,2021-06-09,Fully Vaccinated,Breathing Difficulty,Negative,No,0,None,100,Diabetes,478.65,Not Infected
COVID00826,60,Female,Rajasthan,Jaipur,2021-06-09,Partially Vaccinated,Sore Throat,Positive,No,8,Mild,94,None,1884.72,Recovered
COVID04433,60,Female,Kerala,Thrissur,2021-06-09,Partially Vaccinated,Cough,Negative,No,0,None,96,None,479.21,Not Infected
COVID03162,69,Male,Maharashtra,Mumbai,2021-06-10,Not Vaccinated,None,Positive,No,18,Mild,95,None,2324.37,Recovered
COVID00710,79,Male,Kerala,Thrissur,2021-06-10,Booster,Loss of Taste/Smell,Positive,No,19,Mild,98,Diabetes,1744.58,Recovered
COVID03436,18,Male,West Bengal,Howrah,2021-06-10,Not Vaccinated,Loss of Taste/Smell,Positive,Yes,10,Moderate,95,None,2074.26,Recovered
COVID00317,7,Male,Maharashtra,Pune,2021-06-11,Not Vaccinated,Fever,Negative,No,0,None,98,None,467.24,Not Infected
COVID01146,56,Male,Kerala,Thrissur,2021-06-11,Fully Vaccinated,Cough,Positive,No,13,Mild,94,None,1838.03,Deceased
COVID04917,18,Male,Maharashtra,Nashik,2021-06-11,Partially Vaccinated,None,Positive,Yes,18,Moderate,93,Multiple,5237.53,Recovered
COVID01572,58,Female,Maharashtra,Pune,2021-06-12,Fully Vaccinated,Fatigue,Positive,Yes,28,Moderate,94,None,7881.01,Recovered
COVID01756,18,Male,Tamil Nadu,Coimbatore,2021-06-12,Fully Vaccinated,Fever,Positive,Yes,9,Moderate,97,Heart Disease,7516.52,Recovered
COVID04327,48,Male,Delhi,Rohini,2021-06-12,Fully Vaccinated,Fever,Positive,Yes,16,Moderate,97,None,4278.35,Recovered
COVID02018,74,Male,Kerala,Thiruvananthapuram,2021-06-12,Not Vaccinated,Fever,Negative,No,0,None,98,Hypertension,51.16,Not Infected
COVID02648,27,Male,Maharashtra,Nagpur,2021-06-12,Fully Vaccinated,Breathing Difficulty,Positive,No,16,Mild,100,None,1254.86,Recovered
COVID00369,78,Male,Telangana,Nizamabad,2021-06-12,Partially Vaccinated,Fever,Negative,No,0,None,95,None,432.34,Not Infected
COVID03154,52,Female,Delhi,New Delhi,2021-06-13,Not Vaccinated,None,Negative,No,0,None,95,None,201.74,Not Infected
COVID01059,51,Male,Telangana,Nizamabad,2021-06-13,Booster,Fatigue,Positive,No,14,Mild,100,None,2041.89,Recovered
COVID03711,71,Female,Tamil Nadu,Coimbatore,2021-06-13,Fully Vaccinated,Cough,Negative,No,0,None,100,None,493.15,Not Infected
COVID04401,83,Male,Telangana,Warangal,2021-06-14,Fully Vaccinated,Fatigue,Positive,No,7,Mild,96,Multiple,1982.68,Recovered
COVID01465,72,Female,Tamil Nadu,Coimbatore,2021-06-14,Not Vaccinated,Fatigue,Negative,No,0,None,97,None,311.29,Not Infected
COVID02370,17,Female,Gujarat,Vadodara,2021-06-15,Partially Vaccinated,Sore Throat,Positive,No,28,Mild,98,None,1010.58,Recovered
COVID03815,51,Female,Telangana,Warangal,2021-06-15,Fully Vaccinated,Fever,Positive,Yes,30,Moderate,95,Diabetes,7043.3,Recovered
COVID02362,23,Female,Kerala,Thrissur,2021-06-16,Not Vaccinated,None,Positive,Yes,21,Severe,91,None,5496.77,Deceased
COVID04300,61,Female,Telangana,Nizamabad,2021-06-16,Fully Vaccinated,Fever,Positive,Yes,10,Moderate,96,Hypertension,3826.23,Recovered
COVID03603,78,Male,Tamil Nadu,Coimbatore,2021-06-16,Partially Vaccinated,None,Positive,Yes,31,Severe,94,Diabetes,3235.39,Recovered
COVID01930,54,Male,Delhi,New Delhi,2021-06-16,Not Vaccinated,None,Positive,No,13,Mild,96,None,2161.66,Recovered
COVID04174,67,Female,West Bengal,Howrah,2021-06-16,Booster,Loss of Taste/Smell,Positive,No,16,Moderate,100,None,2165.5,Recovered
COVID01568,25,Female,Maharashtra,Nagpur,2021-06-17,Fully Vaccinated,Fever,Positive,No,24,Mild,96,Hypertension,597.04,Recovered
COVID01778,48,Female,Kerala,Thrissur,2021-06-17,Fully Vaccinated,None,Positive,Yes,28,Moderate,97,Hypertension,3875.65,Recovered
COVID03512,75,Male,Maharashtra,Pune,2021-06-17,Booster,Breathing Difficulty,Positive,No,21,Mild,93,Asthma,518.44,Recovered
COVID03486,64,Female,Gujarat,Vadodara,2021-06-17,Not Vaccinated,Fatigue,Negative,No,0,None,95,None,171.52,Not Infected
COVID04611,59,Female,Rajasthan,Jaipur,2021-06-18,Not Vaccinated,Fatigue,Positive,No,25,Mild,97,None,765.69,Recovered
COVID04166,17,Male,West Bengal,Kolkata,2021-06-18,Not Vaccinated,None,Negative,No,0,None,95,Diabetes,306.69,Not Infected
COVID00195,61,Female,Andhra Pradesh,Visakhapatnam,2021-06-18,Partially Vaccinated,Fatigue,Positive,Yes,14,Moderate,100,Asthma,3885.88,Recovered
COVID03214,66,Female,Kerala,Kochi,2021-06-18,Booster,Cough,Positive,No,21,Mild,98,None,1716.91,Recovered
COVID04641,6,Male,Delhi,New Delhi,2021-06-18,Fully Vaccinated,Cough,Negative,No,0,None,100,Diabetes,486.96,Not Infected
COVID04452,46,Female,Telangana,Warangal,2021-06-19,Not Vaccinated,Fever,Positive,Yes,7,Moderate,99,Hypertension,5365.68,Recovered
COVID02619,85,Male,Rajasthan,Jodhpur,2021-06-19,Fully Vaccinated,Loss of Taste/Smell,Positive,Yes,13,Moderate,95,Heart Disease,7087.82,Recovered
COVID01367,27,Male,Telangana,Warangal,2021-06-19,Not Vaccinated,None,Negative,No,0,None,97,Hypertension,296.79,Not Infected
COVID01260,7,Male,Tamil Nadu,Chennai,2021-06-19,Not Vaccinated,None,Negative,No,0,None,99,None,360.07,Not Infected
COVID03469,55,Female,Tamil Nadu,Madurai,2021-06-19,Not Vaccinated,None,Positive,No,30,Mild,99,None,1721.02,Recovered
COVID00117,28,Male,Rajasthan,Udaipur,2021-06-19,Not Vaccinated,None,Positive,No,5,Mild,95,Hypertension,1243.62,Recovered
COVID01911,25,Female,Telangana,Warangal,2021-06-20,Not Vaccinated,Cough,Positive,No,28,Mild,99,None,1819.05,Recovered
COVID02694,48,Male,Delhi,Rohini,2021-06-20,Fully Vaccinated,Fever,Positive,Yes,22,Severe,93,None,2659.83,Recovered
COVID03291,71,Female,Rajasthan,Jaipur,2021-06-20,Partially Vaccinated,Fatigue,Positive,No,29,Mild,96,None,2083.45,Recovered
COVID04888,49,Female,Telangana,Warangal,2021-06-20,Fully Vaccinated,Fever,Positive,No,30,Mild,97,None,2393.88,Recovered
COVID03032,83,Male,Telangana,Hyderabad,2021-06-20,Fully Vaccinated,Fatigue,Positive,No,7,Moderate,99,None,1136.96,Deceased
COVID04129,76,Male,Delhi,New Delhi,2021-06-20,Fully Vaccinated,Fever,Positive,Yes,29,Severe,98,None,7143.34,Recovered
COVID04208,70,Female,Kerala,Thrissur,2021-06-21,Partially Vaccinated,Breathing Difficulty,Negative,No,0,None,97,None,31.47,Not Infected
COVID03335,85,Female,Tamil Nadu,Madurai,2021-06-21,Fully Vaccinated,Sore Throat,Negative,No,0,None,96,None,95.21,Not Infected
COVID02142,51,Male,Maharashtra,Nagpur,2021-06-22,Fully Vaccinated,Loss of Taste/Smell,Positive,No,16,Mild,100,None,629.07,Recovered
COVID01257,41,Male,West Bengal,Kolkata,2021-06-22,Fully Vaccinated,Fever,Positive,No,16,Mild,96,None,2446.86,Recovered
COVID03092,64,Female,Maharashtra,Pune,2021-06-22,Fully Vaccinated,Fever,Negative,No,0,None,97,None,205.31,Not Infected
COVID02447,10,Male,Kerala,Kochi,2021-06-22,Partially Vaccinated,Cough,Positive,No,11,Moderate,96,None,2111.96,Recovered
COVID02235,80,Female,Maharashtra,Mumbai,2021-06-22,Not Vaccinated,Fever,Positive,No,20,Moderate,93,None,2010.99,Recovered
COVID04512,56,Female,Telangana,Nizamabad,2021-06-22,Booster,None,Negative,No,0,None,96,None,261.44,Not Infected
COVID03305,44,Male,West Bengal,Durgapur,2021-06-23,Partially Vaccinated,Cough,Negative,No,0,None,99,None,81.04,Not Infected
COVID02825,17,Female,Maharashtra,Nagpur,2021-06-23,Fully Vaccinated,Cough,Positive,Yes,23,Severe,96,None,5157.2,Recovered
COVID00275,42,Female,Maharashtra,Mumbai,2021-06-23,Fully Vaccinated,Fatigue,Positive,No,12,Mild,99,None,1422.22,Recovered
COVID01453,49,Male,Maharashtra,Pune,2021-06-23,Booster,Fatigue,Negative,No,0,None,100,None,40.38,Not Infected
COVID02904,52,Male,Kerala,Thrissur,2021-06-24,Partially Vaccinated,Sore Throat,Positive,No,19,Mild,94,Diabetes,2495.67,Recovered
COVID01623,35,Female,Karnataka,Mysuru,2021-06-24,Booster,Fever,Negative,No,0,None,97,Diabetes,92.17,Not Infected
COVID01426,61,Female,Telangana,Hyderabad,2021-06-24,Fully Vaccinated,Sore Throat,Negative,No,0,None,98,None,126.82,Not Infected
COVID01108,81,Male,Delhi,New Delhi,2021-06-24,Not Vaccinated,Cough,Negative,No,0,None,100,Diabetes,119.69,Not Infected
COVID03997,70,Male,Andhra Pradesh,Vijayawada,2021-06-24,Not Vaccinated,Fever,Positive,Yes,10,Moderate,93,None,5623.77,Deceased
COVID04173,24,Male,Andhra Pradesh,Guntur,2021-06-24,Fully Vaccinated,Fatigue,Positive,No,22,Mild,96,None,985.99,Recovered
COVID00279,82,Male,Andhra Pradesh,Guntur,2021-06-24,Fully Vaccinated,Fatigue,Positive,No,24,Mild,100,Hypertension,2051.57,Recovered
COVID01809,48,Male,Delhi,Rohini,2021-06-25,Booster,Sore Throat,Positive,No,26,Mild,98,None,1544.09,Recovered
COVID01848,50,Male,West Bengal,Durgapur,2021-06-25,Partially Vaccinated,Fatigue,Positive,No,16,Mild,97,Heart Disease,2372.33,Recovered
COVID03389,80,Female,Andhra Pradesh,Vijayawada,2021-06-25,Fully Vaccinated,Cough,Positive,No,9,Moderate,93,None,1412.89,Recovered
COVID03824,21,Male,Gujarat,Ahmedabad,2021-06-26,Partially Vaccinated,Fatigue,Positive,Yes,5,Moderate,97,Hypertension,4158.09,Recovered
COVID00033,31,Female,Telangana,Nizamabad,2021-06-26,Booster,Breathing Difficulty,Positive,Yes,26,Severe,95,None,7583.46,Recovered
COVID03763,58,Male,Kerala,Thrissur,2021-06-26,Fully Vaccinated,Fever,Positive,Yes,25,Moderate,93,Multiple,5485.77,Recovered
COVID01472,55,Male,Delhi,New Delhi,2021-06-26,Fully Vaccinated,Fever,Positive,No,6,Mild,96,Heart Disease,652.76,Recovered
COVID02025,77,Male,Delhi,Dwarka,2021-06-26,Fully Vaccinated,Fatigue,Positive,Yes,15,Moderate,100,None,6583.67,Recovered
COVID01566,30,Male,Kerala,Kochi,2021-06-26,Partially Vaccinated,Cough,Negative,No,0,None,97,Diabetes,253.5,Not Infected
COVID02277,20,Female,Maharashtra,Pune,2021-06-27,Not Vaccinated,Sore Throat,Negative,No,0,None,96,None,300.98,Not Infected
COVID04469,27,Male,Maharashtra,Pune,2021-06-27,Fully Vaccinated,Sore Throat,Positive,No,17,Mild,94,None,538.52,Recovered
COVID01808,72,Female,Rajasthan,Jodhpur,2021-06-27,Booster,Loss of Taste/Smell,Positive,Yes,30,Moderate,99,None,3332.34,Recovered
COVID04413,13,Female,Gujarat,Vadodara,2021-06-27,Not Vaccinated,Cough,Positive,Yes,28,Severe,90,None,7246.62,Recovered
COVID04324,19,Male,West Bengal,Kolkata,2021-06-27,Partially Vaccinated,None,Positive,No,24,Mild,100,None,613.1,Recovered
COVID03886,50,Male,Maharashtra,Nashik,2021-06-28,Fully Vaccinated,Fever,Positive,No,20,Mild,97,None,2378.06,Recovered
COVID00608,45,Female,Gujarat,Surat,2021-06-28,Fully Vaccinated,Sore Throat,Positive,No,17,Mild,100,Diabetes,946.31,Recovered
COVID02591,85,Male,Gujarat,Vadodara,2021-06-28,Fully Vaccinated,None,Negative,No,0,None,100,Diabetes,275.03,Not Infected
COVID01670,6,Female,Karnataka,Mangaluru,2021-06-28,Partially Vaccinated,Cough,Negative,No,0,None,100,None,2.75,Not Infected
COVID01124,59,Male,Maharashtra,Nashik,2021-06-28,Fully Vaccinated,Sore Throat,Negative,No,0,None,96,Multiple,494.82,Not Infected
COVID04245,84,Female,Andhra Pradesh,Vijayawada,2021-06-29,Not Vaccinated,Fatigue,Negative,No,0,None,97,None,264.6,Not Infected
COVID03012,46,Female,Andhra Pradesh,Vijayawada,2021-06-29,Booster,Fever,Positive,No,12,Mild,93,None,883.25,Recovered
COVID04518,61,Female,Kerala,Kozhikode,2021-06-29,Fully Vaccinated,Sore Throat,Negative,No,0,None,97,Heart Disease,31.55,Not Infected
COVID02197,48,Male,Delhi,Rohini,2021-06-29,Partially Vaccinated,Breathing Difficulty,Positive,No,9,Mild,93,None,804.02,Recovered
COVID04740,83,Female,Andhra Pradesh,Visakhapatnam,2021-06-30,Partially Vaccinated,Cough,Positive,Yes,7,Moderate,94,None,1823.03,Recovered
COVID02161,15,Female,Telangana,Nizamabad,2021-06-30,Fully Vaccinated,None,Negative,No,0,None,96,Diabetes,498.61,Not Infected
COVID04367,78,Female,Tamil Nadu,Coimbatore,2021-06-30,Fully Vaccinated,Fever,Positive,No,17,Mild,100,None,1910.93,Recovered
COVID00389,76,Male,Telangana,Hyderabad,2021-06-30,Partially Vaccinated,Cough,Positive,Yes,43,Severe,90,None,4208.94,Recovered
COVID00220,56,Male,Gujarat,Vadodara,2021-06-30,Not Vaccinated,Fever,Negative,No,0,None,96,Hypertension,483.45,Not Infected
COVID00921,72,Female,Maharashtra,Mumbai,2021-06-30,Fully Vaccinated,Cough,Negative,No,0,None,97,None,390.95,Not Infected
COVID02726,52,Female,Maharashtra,Mumbai,2021-06-30,Fully Vaccinated,Sore Throat,Positive,No,7,Moderate,97,None,1935.71,Recovered
COVID04462,26,Male,Karnataka,Hubballi,2021-07-01,Not Vaccinated,None,Positive,No,30,Mild,100,None,964.57,Recovered
COVID02132,14,Male,West Bengal,Kolkata,2021-07-01,Not Vaccinated,Breathing Difficulty,Negative,No,0,None,100,None,54.5,Not Infected
COVID02683,74,Male,Delhi,New Delhi,2021-07-01,Fully Vaccinated,Fever,Negative,No,0,None,95,Heart Disease,213.33,Not Infected
COVID04366,39,Male,Karnataka,Bengaluru,2021-07-01,Fully Vaccinated,Fatigue,Positive,No,16,Mild,100,None,1853.66,Recovered
COVID02636,67,Female,Gujarat,Vadodara,2021-07-01,Fully Vaccinated,Sore Throat,Positive,Yes,7,Moderate,97,None,1968.07,Recovered
COVID03551,85,Male,Kerala,Kochi,2021-07-02,Booster,None,Positive,No,7,Mild,95,Multiple,922.0,Recovered
COVID04811,19,Male,Maharashtra,Pune,2021-07-02,Fully Vaccinated,Fever,Positive,No,16,Mild,100,None,1359.45,Recovered
COVID01978,40,Female,Karnataka,Hubballi,2021-07-02,Fully Vaccinated,None,Negative,No,0,None,99,None,445.4,Not Infected
COVID02844,16,Male,Telangana,Nizamabad,2021-07-02,Fully Vaccinated,Sore Throat,Positive,Yes,10,Moderate,94,None,3096.8,Recovered
COVID00305,8,Female,Maharashtra,Nashik,2021-07-02,Fully Vaccinated,Fatigue,Negative,No,0,None,99,Hypertension,164.34,Not Infected
COVID00808,42,Male,West Bengal,Kolkata,2021-07-03,Partially Vaccinated,Fatigue,Positive,No,26,Mild,97,Hypertension,1163.04,Recovered
COVID01925,64,Male,Kerala,Kozhikode,2021-07-03,Fully Vaccinated,Loss of Taste/Smell,Positive,No,16,Mild,96,Multiple,691.43,Recovered
COVID00827,13,Male,Karnataka,Bengaluru,2021-07-03,Partially Vaccinated,Fatigue,Positive,No,15,Mild,93,Asthma,1613.34,Recovered
COVID00983,40,Male,Maharashtra,Pune,2021-07-03,Not Vaccinated,Loss of Taste/Smell,Positive,Yes,18,Moderate,99,Diabetes,5307.39,Recovered
COVID04550,13,Male,Kerala,Kochi,2021-07-04,Fully Vaccinated,Loss of Taste/Smell,Positive,No,27,Mild,99,None,1543.72,Recovered
COVID01789,44,Male,Maharashtra,Nashik,2021-07-04,Booster,Fatigue,Negative,No,0,None,99,None,481.1,Not Infected
COVID02331,43,Female,Rajasthan,Jodhpur,2021-07-04,Fully Vaccinated,Loss of Taste/Smell,Negative,No,0,None,98,None,380.54,Not Infected
COVID02567,10,Female,Telangana,Nizamabad,2021-07-04,Fully Vaccinated,Loss of Taste/Smell,Positive,Yes,40,Severe,94,None,6192.09,Recovered
COVID00060,42,Male,Rajasthan,Jaipur,2021-07-05,Fully Vaccinated,Cough,Negative,No,0,None,97,None,499.95,Not Infected
COVID03090,34,Female,Delhi,New Delhi,2021-07-05,Partially Vaccinated,None,Positive,Yes,29,Moderate,93,None,4145.92,Recovered
COVID03991,6,Male,West Bengal,Kolkata,2021-07-05,Fully Vaccinated,Fever,Negative,No,0,None,96,Multiple,285.93,Not Infected
COVID00521,79,Male,Kerala,Thiruvananthapuram,2021-07-06,Partially Vaccinated,Fatigue,Negative,No,0,None,100,None,325.47,Not Infected
COVID01866,39,Female,Andhra Pradesh,Guntur,2021-07-06,Fully Vaccinated,Fatigue,Positive,No,25,Mild,99,None,1433.86,Recovered
COVID01739,23,Male,West Bengal,Durgapur,2021-07-07,Fully Vaccinated,Fatigue,Negative,No,0,None,98,Diabetes,305.32,Not Infected
COVID04122,33,Female,Karnataka,Bengaluru,2021-07-07,Not Vaccinated,None,Negative,No,0,None,95,None,152.3,Not Infected
COVID04992,65,Male,Andhra Pradesh,Visakhapatnam,2021-07-07,Fully Vaccinated,Fever,Positive,No,24,Severe,97,None,989.37,Recovered
COVID03366,42,Female,Tamil Nadu,Coimbatore,2021-07-07,Fully Vaccinated,Cough,Negative,No,0,None,99,None,441.83,Not Infected
COVID00242,55,Female,Maharashtra,Nagpur,2021-07-08,Fully Vaccinated,Sore Throat,Negative,No,0,None,98,Heart Disease,291.91,Not Infected
COVID02181,75,Male,Delhi,Rohini,2021-07-08,Fully Vaccinated,None,Negative,No,0,None,97,None,230.45,Not Infected
COVID01724,35,Female,Karnataka,Mangaluru,2021-07-09,Booster,Sore Throat,Negative,No,0,None,98,None,162.37,Not Infected
COVID03691,22,Male,Maharashtra,Nagpur,2021-07-09,Booster,Fatigue,Positive,Yes,12,Moderate,94,Multiple,7575.88,Recovered
COVID04564,47,Female,Gujarat,Vadodara,2021-07-09,Not Vaccinated,Loss of Taste/Smell,Positive,No,15,Mild,93,Hypertension,2024.27,Recovered
COVID04244,82,Male,Tamil Nadu,Chennai,2021-07-09,Not Vaccinated,Cough,Positive,No,24,Mild,97,Heart Disease,1604.85,Recovered
COVID02062,78,Other,Kerala,Thiruvananthapuram,2021-07-09,Fully Vaccinated,Sore Throat,Negative,No,0,None,97,None,89.43,Not Infected
COVID03274,5,Male,Kerala,Kozhikode,2021-07-10,Booster,Fever,Positive,No,19,Moderate,97,None,1482.14,Recovered
COVID04985,45,Female,Gujarat,Ahmedabad,2021-07-10,Not Vaccinated,Loss of Taste/Smell,Positive,No,16,Mild,99,None,766.79,Recovered
COVID02156,23,Female,Andhra Pradesh,Vijayawada,2021-07-10,Booster,None,Negative,No,0,None,99,None,240.85,Not Infected
COVID03509,58,Female,Andhra Pradesh,Guntur,2021-07-10,Fully Vaccinated,Fever,Positive,No,22,Moderate,96,None,2070.33,Recovered
COVID03188,25,Female,West Bengal,Kolkata,2021-07-10,Not Vaccinated,Sore Throat,Positive,No,20,Mild,96,None,1417.76,Recovered
COVID03733,62,Male,Tamil Nadu,Coimbatore,2021-07-10,Not Vaccinated,Fatigue,Positive,No,22,Mild,99,Diabetes,2265.27,Recovered
COVID00156,51,Female,Telangana,Hyderabad,2021-07-11,Booster,Sore Throat,Positive,No,26,Mild,99,None,494.76,Recovered
COVID03127,44,Male,Maharashtra,Nagpur,2021-07-11,Partially Vaccinated,Loss of Taste/Smell,Positive,No,21,Mild,99,None,1124.32,Recovered
COVID04186,5,Female,Maharashtra,Nagpur,2021-07-11,Not Vaccinated,Breathing Difficulty,Positive,Yes,13,Severe,94,Multiple,7244.99,Recovered
COVID03926,38,Male,West Bengal,Kolkata,2021-07-11,Fully Vaccinated,Breathing Difficulty,Positive,No,29,Mild,100,None,1228.59,Recovered
COVID02787,85,Male,Gujarat,Ahmedabad,2021-07-11,Partially Vaccinated,None,Positive,No,21,Mild,99,None,1869.13,Recovered
COVID01730,57,Female,Andhra Pradesh,Visakhapatnam,2021-07-11,Fully Vaccinated,Cough,Positive,No,26,Mild,97,None,796.25,Recovered
COVID02715,9,Male,Andhra Pradesh,Visakhapatnam,2021-07-12,Booster,Fatigue,Positive,No,18,Mild,95,None,1466.48,Recovered
COVID01612,37,Male,Karnataka,Mangaluru,2021-07-12,Partially Vaccinated,Fatigue,Positive,Yes,27,Severe,89,None,1548.51,Recovered
COVID04955,73,Female,Telangana,Nizamabad,2021-07-12,Fully Vaccinated,Sore Throat,Positive,Yes,22,Moderate,99,None,3713.64,Recovered
COVID01591,8,Female,Telangana,Hyderabad,2021-07-13,Fully Vaccinated,Fatigue,Positive,No,21,Mild,96,None,2456.45,Recovered
COVID03121,30,Male,Gujarat,Vadodara,2021-07-13,Fully Vaccinated,Breathing Difficulty,Negative,No,0,None,97,None,331.36,Not Infected
COVID02729,22,Male,Gujarat,Vadodara,2021-07-13,Booster,Loss of Taste/Smell,Positive,No,12,Mild,99,None,1692.87,Recovered
COVID04610,52,Male,Gujarat,Vadodara,2021-07-13,Partially Vaccinated,Fatigue,Negative,No,0,None,97,None,271.74,Not Infected
COVID03632,80,Male,Rajasthan,Jodhpur,2021-07-14,Booster,None,Negative,No,0,None,100,Diabetes,61.99,Not Infected
COVID04268,61,Male,Tamil Nadu,Coimbatore,2021-07-14,Fully Vaccinated,Sore Throat,Negative,No,0,None,96,None,250.48,Not Infected
COVID02336,78,Female,Kerala,Kozhikode,2021-07-14,Fully Vaccinated,None,Positive,Yes,17,Moderate,99,None,3878.0,Deceased
COVID00717,13,Male,Maharashtra,Nashik,2021-07-14,Fully Vaccinated,None,Positive,No,15,Mild,98,Hypertension,1192.56,Recovered
COVID02501,57,Male,Telangana,Warangal,2021-07-14,Fully Vaccinated,Fatigue,Positive,No,29,Mild,95,Heart Disease,448.6,Recovered
COVID04114,42,Male,Gujarat,Vadodara,2021-07-15,Not Vaccinated,Breathing Difficulty,Positive,Yes,5,Moderate,95,Multiple,1537.75,Recovered
COVID02941,70,Male,Tamil Nadu,Madurai,2021-07-15,Partially Vaccinated,Cough,Negative,No,0,None,96,None,302.3,Not Infected
COVID03850,50,Male,Rajasthan,Jaipur,2021-07-15,Fully Vaccinated,Cough,Positive,No,29,Mild,94,None,711.71,Recovered
COVID04264,34,Male,Kerala,Kozhikode,2021-07-15,Booster,Loss of Taste/Smell,Negative,No,0,None,96,None,181.99,Not Infected
COVID03981,82,Female,Rajasthan,Udaipur,2021-07-15,Fully Vaccinated,Sore Throat,Positive,Yes,13,Moderate,100,Hypertension,3659.3,Recovered
COVID00804,82,Male,Rajasthan,Udaipur,2021-07-16,Fully Vaccinated,Sore Throat,Positive,Yes,28,Moderate,96,Hypertension,6973.1,Deceased
COVID01303,52,Male,Telangana,Hyderabad,2021-07-16,Not Vaccinated,Loss of Taste/Smell,Negative,No,0,None,98,Diabetes,486.05,Not Infected
COVID04398,31,Other,Delhi,New Delhi,2021-07-16,Booster,None,Positive,No,25,Mild,94,None,2296.37,Recovered
COVID04949,22,Other,Maharashtra,Nashik,2021-07-16,Booster,Fatigue,Negative,No,0,None,96,None,238.98,Not Infected
COVID02647,16,Female,Kerala,Kozhikode,2021-07-16,Not Vaccinated,Sore Throat,Positive,No,42,Critical,99,None,2318.5,Recovered
COVID03387,27,Female,Tamil Nadu,Madurai,2021-07-17,Booster,Cough,Positive,No,28,Severe,93,None,2406.06,Recovered
COVID03811,23,Male,Kerala,Thiruvananthapuram,2021-07-17,Fully Vaccinated,Cough,Negative,No,0,None,95,None,226.44,Not Infected
COVID02360,22,Male,Karnataka,Hubballi,2021-07-17,Fully Vaccinated,Loss of Taste/Smell,Positive,No,11,Mild,96,None,1506.69,Recovered
COVID04548,45,Male,Delhi,New Delhi,2021-07-17,Not Vaccinated,None,Positive,No,28,Mild,99,Asthma,767.8,Recovered
COVID01343,68,Female,Rajasthan,Jaipur,2021-07-17,Fully Vaccinated,Loss of Taste/Smell,Positive,No,19,Severe,96,None,913.54,Recovered
COVID02376,50,Male,West Bengal,Kolkata,2021-07-17,Fully Vaccinated,Breathing Difficulty,Positive,Yes,15,Moderate,100,Heart Disease,6427.5,Recovered
COVID02762,46,Female,Kerala,Kochi,2021-07-18,Fully Vaccinated,Fever,Positive,No,23,Mild,100,None,1239.61,Recovered
COVID02521,78,Female,Andhra Pradesh,Vijayawada,2021-07-18,Fully Vaccinated,Breathing Difficulty,Positive,Yes,22,Severe,88,None,6179.12,Recovered
COVID02776,19,Male,Maharashtra,Mumbai,2021-07-18,Partially Vaccinated,Loss of Taste/Smell,Negative,No,0,None,96,None,268.3,Not Infected
COVID03411,74,Female,Kerala,Thiruvananthapuram,2021-07-18,Not Vaccinated,Cough,Positive,No,6,Mild,93,Hypertension,894.93,Recovered
COVID02710,59,Female,Rajasthan,Jodhpur,2021-07-18,Fully Vaccinated,Cough,Positive,No,17,Mild,97,None,1800.21,Recovered
COVID04941,78,Female,West Bengal,Howrah,2021-07-19,Booster,Sore Throat,Positive,Yes,17,Moderate,97,Hypertension,6150.57,Deceased
COVID03761,57,Female,Rajasthan,Udaipur,2021-07-19,Fully Vaccinated,Fatigue,Negative,No,0,None,99,None,434.6,Not Infected
COVID02081,64,Male,Tamil Nadu,Madurai,2021-07-20,Fully Vaccinated,None,Positive,Yes,30,Severe,89,Hypertension,1535.41,Recovered
COVID03730,81,Female,West Bengal,Durgapur,2021-07-20,Fully Vaccinated,Fever,Positive,Yes,21,Moderate,94,None,6548.29,Recovered
COVID04354,28,Male,West Bengal,Kolkata,2021-07-20,Not Vaccinated,Fatigue,Positive,No,13,Mild,96,None,2016.61,Recovered
COVID00812,33,Female,West Bengal,Kolkata,2021-07-20,Fully Vaccinated,Fatigue,Negative,No,0,None,97,None,306.97,Not Infected
COVID00046,43,Female,Telangana,Warangal,2021-07-20,Fully Vaccinated,None,Negative,No,0,None,98,None,223.59,Not Infected
COVID01336,7,Male,West Bengal,Durgapur,2021-07-21,Fully Vaccinated,None,Negative,No,0,None,100,None,459.18,Not Infected
COVID00793,59,Female,Maharashtra,Pune,2021-07-21,Booster,Fatigue,Negative,No,0,None,98,Heart Disease,207.59,Not Infected
COVID02848,45,Male,West Bengal,Howrah,2021-07-21,Fully Vaccinated,Breathing Difficulty,Negative,No,0,None,96,None,463.93,Not Infected
COVID04924,79,Female,Maharashtra,Mumbai,2021-07-21,Not Vaccinated,Loss of Taste/Smell,Positive,Yes,32,Severe,92,Hypertension,4045.22,Recovered
COVID00641,14,Female,Tamil Nadu,Madurai,2021-07-21,Fully Vaccinated,None,Positive,No,5,Mild,99,None,912.09,Recovered
COVID04515,25,Male,West Bengal,Kolkata,2021-07-21,Booster,Sore Throat,Positive,Yes,17,Severe,100,Hypertension,7100.98,Recovered
COVID02268,13,Male,Delhi,Rohini,2021-07-21,Not Vaccinated,None,Positive,No,28,Mild,100,Diabetes,1243.94,Deceased
COVID04839,68,Female,Maharashtra,Pune,2021-07-21,Fully Vaccinated,Fatigue,Positive,Yes,35,Severe,92,Asthma,6378.97,Recovered
COVID04590,10,Male,Kerala,Thiruvananthapuram,2021-07-21,Partially Vaccinated,Cough,Positive,No,5,Mild,100,None,681.46,Recovered
COVID00948,44,Female,Andhra Pradesh,Vijayawada,2021-07-22,Fully Vaccinated,Cough,Positive,Yes,19,Moderate,99,Hypertension,6864.15,Recovered
COVID04158,64,Female,West Bengal,Howrah,2021-07-22,Not Vaccinated,None,Negative,No,0,None,99,None,346.05,Not Infected
COVID00787,58,Male,Delhi,New Delhi,2021-07-22,Booster,Cough,Negative,No,0,None,99,None,185.6,Not Infected
COVID04838,65,Male,Delhi,Dwarka,2021-07-22,Not Vaccinated,Fever,Negative,No,0,None,96,None,485.11,Not Infected
COVID00326,75,Male,Rajasthan,Jaipur,2021-07-22,Fully Vaccinated,Fatigue,Positive,No,28,Severe,95,None,2122.66,Deceased
COVID02060,19,Female,Tamil Nadu,Coimbatore,2021-07-23,Not Vaccinated,None,Positive,No,29,Mild,93,Heart Disease,478.51,Recovered
COVID00904,44,Female,Karnataka,Mysuru,2021-07-23,Not Vaccinated,Sore Throat,Positive,No,24,Mild,98,None,621.72,Recovered
COVID01411,79,Female,Rajasthan,Udaipur,2021-07-23,Fully Vaccinated,Cough,Positive,Yes,19,Moderate,99,None,7290.27,Deceased
COVID01263,53,Female,Gujarat,Vadodara,2021-07-23,Partially Vaccinated,Cough,Positive,No,12,Mild,94,None,772.97,Recovered
COVID04146,10,Male,West Bengal,Howrah,2021-07-24,Not Vaccinated,Fatigue,Negative,No,0,None,96,None,387.27,Not Infected
COVID01949,75,Female,Telangana,Hyderabad,2021-07-24,Booster,None,Negative,No,0,None,99,Diabetes,107.13,Not Infected
COVID00891,9,Other,Karnataka,Mysuru,2021-07-24,Fully Vaccinated,Cough,Negative,No,0,None,99,Diabetes,333.94,Not Infected
COVID04101,15,Male,Delhi,Dwarka,2021-07-24,Not Vaccinated,Fever,Positive,No,6,Mild,96,None,1037.44,Recovered
COVID00887,30,Male,Delhi,Dwarka,2021-07-24,Not Vaccinated,Breathing Difficulty,Positive,Yes,13,Severe,89,None,5285.49,Recovered
COVID01525,16,Male,Rajasthan,Jaipur,2021-07-25,Not Vaccinated,Sore Throat,Positive,No,18,Mild,100,Diabetes,525.17,Recovered
COVID01007,26,Female,Telangana,Nizamabad,2021-07-25,Fully Vaccinated,Cough,Negative,No,0,None,96,None,417.42,Not Infected
COVID00592,71,Female,Kerala,Kozhikode,2021-07-25,Not Vaccinated,Fever,Negative,No,0,None,98,None,392.97,Not Infected
COVID04909,73,Female,Kerala,Thrissur,2021-07-25,Fully Vaccinated,Fever,Positive,Yes,24,Moderate,96,Diabetes,7763.69,Recovered
COVID03049,14,Female,Andhra Pradesh,Visakhapatnam,2021-07-25,Booster,Cough,Positive,Yes,12,Moderate,97,None,3988.64,Recovered
COVID01039,50,Male,Telangana,Nizamabad,2021-07-25,Fully Vaccinated,None,Negative,No,0,None,95,None,458.03,Not Infected
COVID00140,28,Female,Kerala,Kochi,2021-07-26,Booster,Breathing Difficulty,Negative,No,0,None,100,None,70.41,Not Infected
COVID02862,25,Female,Rajasthan,Udaipur,2021-07-26,Partially Vaccinated,Cough,Negative,No,0,None,99,Asthma,288.56,Not Infected
COVID02230,27,Male,Kerala,Kochi,2021-07-26,Fully Vaccinated,Fever,Negative,No,0,None,95,Diabetes,382.44,Not Infected
COVID00649,53,Male,Andhra Pradesh,Visakhapatnam,2021-07-26,Not Vaccinated,Loss of Taste/Smell,Positive,Yes,13,Moderate,97,None,1528.22,Recovered
COVID04606,82,Male,West Bengal,Kolkata,2021-07-27,Not Vaccinated,Fever,Positive,Yes,7,Moderate,93,None,2882.27,Recovered
COVID01531,35,Male,Tamil Nadu,Coimbatore,2021-07-28,Fully Vaccinated,Sore Throat,Positive,No,8,Mild,94,Asthma,1843.3,Recovered
COVID02667,61,Female,Delhi,New Delhi,2021-07-28,Not Vaccinated,Sore Throat,Negative,No,0,None,95,None,314.68,Not Infected
COVID01049,32,Female,Karnataka,Mysuru,2021-07-28,Booster,Breathing Difficulty,Positive,Yes,30,Severe,94,None,6781.19,Recovered
COVID00652,73,Female,Karnataka,Bengaluru,2021-07-28,Fully Vaccinated,Cough,Positive,No,27,Mild,97,None,935.44,Recovered
COVID01126,84,Female,Gujarat,Vadodara,2021-07-28,Fully Vaccinated,Cough,Positive,Yes,30,Severe,95,Hypertension,2013.72,Recovered
COVID01428,54,Female,West Bengal,Durgapur,2021-07-28,Fully Vaccinated,None,Positive,No,13,Mild,97,None,508.43,Recovered
COVID04467,58,Male,Gujarat,Surat,2021-07-28,Booster,Fatigue,Positive,No,24,Mild,94,None,330.83,Recovered
COVID00092,53,Male,Tamil Nadu,Salem,2021-07-28,Booster,Cough,Negative,No,0,None,100,None,59.99,Not Infected
COVID03455,18,Female,Karnataka,Bengaluru,2021-07-29,Fully Vaccinated,Loss of Taste/Smell,Negative,No,0,None,98,None,27.37,Not Infected
COVID02126,10,Female,Karnataka,Bengaluru,2021-07-29,Booster,Sore Throat,Positive,No,14,Mild,95,Asthma,1077.61,Recovered
COVID03069,80,Female,Telangana,Hyderabad,2021-07-29,Fully Vaccinated,None,Positive,No,8,Mild,98,Hypertension,2141.01,Recovered
COVID04449,12,Male,Tamil Nadu,Madurai,2021-07-29,Not Vaccinated,None,Positive,No,25,Severe,98,None,335.92,Recovered
COVID01798,18,Male,West Bengal,Kolkata,2021-07-30,Fully Vaccinated,Fatigue,Negative,No,0,None,96,None,361.79,Not Infected
COVID03327,56,Male,Delhi,Rohini,2021-07-31,Fully Vaccinated,Sore Throat,Positive,No,29,Mild,99,None,2487.95,Recovered
COVID01824,55,Male,Rajasthan,Jodhpur,2021-07-31,Fully Vaccinated,Cough,Positive,Yes,14,Moderate,96,Hypertension,6936.08,Recovered
COVID03979,23,Male,Gujarat,Surat,2021-07-31,Fully Vaccinated,Fatigue,Positive,Yes,25,Critical,95,None,5881.29,Deceased
COVID03865,38,Male,Delhi,Dwarka,2021-07-31,Not Vaccinated,Sore Throat,Negative,No,0,None,95,None,63.72,Not Infected
COVID03257,9,Male,Telangana,Hyderabad,2021-07-31,Fully Vaccinated,Fatigue,Negative,No,0,None,95,None,154.14,Not Infected
COVID02344,55,Male,Delhi,Rohini,2021-07-31,Booster,Cough,Positive,No,18,Mild,96,Asthma,1929.01,Recovered
COVID01377,53,Male,Telangana,Hyderabad,2021-08-01,Fully Vaccinated,Loss of Taste/Smell,Positive,No,27,Mild,97,None,2047.69,Recovered
COVID03907,57,Female,Andhra Pradesh,Vijayawada,2021-08-01,Partially Vaccinated,Cough,Positive,No,15,Mild,99,Diabetes,2080.57,Recovered
COVID04318,6,Male,Maharashtra,Nashik,2021-08-01,Partially Vaccinated,Fatigue,Negative,No,0,None,98,None,248.06,Not Infected
COVID01699,76,Male,Rajasthan,Udaipur,2021-08-01,Not Vaccinated,Fever,Positive,Yes,21,Moderate,99,Multiple,6289.43,Recovered
COVID03112,38,Female,Gujarat,Ahmedabad,2021-08-01,Partially Vaccinated,Fatigue,Positive,No,14,Mild,94,Hypertension,590.17,Recovered
COVID02731,78,Female,Tamil Nadu,Salem,2021-08-01,Booster,Breathing Difficulty,Positive,No,28,Mild,94,None,2041.74,Recovered
COVID03757,17,Male,Delhi,Rohini,2021-08-01,Fully Vaccinated,Cough,Positive,Yes,8,Moderate,100,Diabetes,3143.75,Recovered
COVID04723,66,Male,Kerala,Kochi,2021-08-03,Partially Vaccinated,Fatigue,Negative,No,0,None,100,None,282.4,Not Infected
COVID04672,30,Male,Karnataka,Bengaluru,2021-08-03,Not Vaccinated,Loss of Taste/Smell,Positive,No,24,Mild,97,Multiple,1935.82,Recovered
COVID01488,55,Female,West Bengal,Howrah,2021-08-03,Fully Vaccinated,Sore Throat,Positive,No,27,Moderate,99,Asthma,999.88,Deceased
COVID04689,75,Female,Andhra Pradesh,Visakhapatnam,2021-08-03,Partially Vaccinated,Breathing Difficulty,Positive,Yes,23,Severe,99,Heart Disease,6410.05,Recovered
COVID02856,46,Female,Gujarat,Vadodara,2021-08-03,Fully Vaccinated,Sore Throat,Negative,No,0,None,98,None,139.07,Not Infected
COVID04552,83,Female,Karnataka,Mangaluru,2021-08-03,Not Vaccinated,None,Positive,Yes,24,Moderate,94,Hypertension,6628.75,Recovered
COVID03299,72,Female,Karnataka,Mysuru,2021-08-03,Not Vaccinated,Breathing Difficulty,Negative,No,0,None,100,None,228.25,Not Infected
COVID04696,11,Female,Maharashtra,Pune,2021-08-03,Fully Vaccinated,None,Positive,No,20,Mild,96,None,1906.17,Recovered
COVID03343,51,Female,Telangana,Hyderabad,2021-08-04,Booster,Loss of Taste/Smell,Negative,No,0,None,97,Multiple,62.94,Not Infected
COVID01169,25,Female,Tamil Nadu,Chennai,2021-08-05,Fully Vaccinated,Fever,Positive,Yes,17,Moderate,93,None,7741.95,Recovered
COVID00640,56,Female,Gujarat,Ahmedabad,2021-08-05,Not Vaccinated,Fever,Positive,No,24,Mild,93,None,2033.3,Recovered
COVID02357,38,Female,West Bengal,Howrah,2021-08-05,Fully Vaccinated,Sore Throat,Positive,Yes,16,Moderate,96,None,7924.58,Recovered
COVID00234,60,Male,Tamil Nadu,Salem,2021-08-05,Not Vaccinated,Fever,Positive,No,26,Mild,100,None,1769.53,Recovered
COVID01995,67,Female,Karnataka,Mysuru,2021-08-05,Partially Vaccinated,None,Positive,No,11,Mild,93,None,1379.77,Recovered
COVID00180,60,Male,Andhra Pradesh,Vijayawada,2021-08-05,Not Vaccinated,Fatigue,Negative,No,0,None,98,None,291.65,Not Infected
COVID03586,78,Male,Kerala,Thrissur,2021-08-05,Fully Vaccinated,Sore Throat,Positive,Yes,6,Moderate,94,None,1942.84,Recovered
COVID04001,68,Female,Karnataka,Mangaluru,2021-08-05,Fully Vaccinated,Fatigue,Negative,No,0,None,97,None,419.03,Not Infected
COVID03921,58,Male,Kerala,Kochi,2021-08-05,Fully Vaccinated,None,Positive,No,23,Mild,100,None,2407.86,Recovered
COVID00133,85,Female,Maharashtra,Nashik,2021-08-05,Fully Vaccinated,Loss of Taste/Smell,Negative,No,0,None,95,Hypertension,135.26,Not Infected
COVID02227,12,Male,Delhi,New Delhi,2021-08-06,Fully Vaccinated,Loss of Taste/Smell,Positive,No,16,Mild,98,None,1905.29,Recovered
COVID04612,33,Female,Maharashtra,Nagpur,2021-08-06,Not Vaccinated,Breathing Difficulty,Positive,No,35,Severe,89,None,675.47,Recovered
COVID04131,51,Female,Rajasthan,Udaipur,2021-08-06,Fully Vaccinated,Fever,Negative,No,0,None,97,Multiple,166.73,Not Infected
COVID00240,47,Male,Maharashtra,Mumbai,2021-08-06,Not Vaccinated,None,Negative,No,0,None,96,None,463.78,Not Infected
COVID04356,49,Male,Rajasthan,Jodhpur,2021-08-06,Fully Vaccinated,Fever,Positive,No,15,Mild,99,Hypertension,456.26,Recovered
COVID00453,36,Female,Tamil Nadu,Coimbatore,2021-08-06,Fully Vaccinated,Cough,Negative,No,0,None,97,None,36.6,Not Infected
COVID03300,26,Male,Gujarat,Vadodara,2021-08-07,Not Vaccinated,Fatigue,Negative,No,0,None,96,None,391.0,Not Infected
COVID03683,43,Female,Andhra Pradesh,Visakhapatnam,2021-08-07,Fully Vaccinated,Sore Throat,Positive,Yes,20,Moderate,99,None,2716.49,Recovered
COVID02403,51,Male,Rajasthan,Udaipur,2021-08-07,Fully Vaccinated,Cough,Positive,Yes,7,Moderate,94,None,6347.05,Recovered
COVID00361,73,Male,Kerala,Thrissur,2021-08-07,Partially Vaccinated,Cough,Positive,No,27,Mild,100,Hypertension,450.42,Recovered
COVID03937,19,Male,Telangana,Nizamabad,2021-08-07,Fully Vaccinated,Sore Throat,Negative,No,0,None,99,None,95.81,Not Infected
COVID01294,72,Female,West Bengal,Howrah,2021-08-07,Not Vaccinated,Cough,Positive,Yes,17,Moderate,99,None,4359.4,Recovered
COVID03231,39,Male,Tamil Nadu,Coimbatore,2021-08-08,Booster,Loss of Taste/Smell,Positive,No,16,Moderate,96,None,1330.7,Recovered
COVID04127,56,Male,Rajasthan,Udaipur,2021-08-08,Fully Vaccinated,None,Positive,No,17,Mild,99,Multiple,847.36,Recovered
COVID01610,22,Female,Rajasthan,Jodhpur,2021-08-08,Fully Vaccinated,Sore Throat,Positive,No,30,Mild,95,Heart Disease,972.65,Recovered
COVID04874,68,Male,Maharashtra,Pune,2021-08-08,Fully Vaccinated,Fever,Positive,No,24,Moderate,96,None,903.12,Deceased
COVID00901,79,Male,Maharashtra,Pune,2021-08-08,Partially Vaccinated,None,Positive,Yes,5,Moderate,99,None,5269.55,Deceased
COVID01306,35,Male,Delhi,Rohini,2021-08-08,Fully Vaccinated,Fever,Positive,No,6,Mild,96,Hypertension,1566.24,Recovered
COVID01145,83,Male,Maharashtra,Pune,2021-08-08,Not Vaccinated,Fever,Negative,No,0,None,98,Diabetes,498.96,Not Infected
COVID01291,7,Female,Gujarat,Vadodara,2021-08-09,Partially Vaccinated,Sore Throat,Positive,No,7,Mild,94,None,433.32,Recovered
COVID03598,80,Female,Telangana,Warangal,2021-08-09,Fully Vaccinated,Loss of Taste/Smell,Negative,No,0,None,99,None,152.32,Not Infected
COVID03480,76,Male,Gujarat,Ahmedabad,2021-08-09,Fully Vaccinated,Fatigue,Positive,No,10,Mild,99,None,1565.14,Deceased
COVID01337,14,Female,Karnataka,Mysuru,2021-08-09,Fully Vaccinated,Fatigue,Positive,Yes,13,Moderate,99,None,4474.57,Recovered
COVID03670,79,Male,Telangana,Warangal,2021-08-10,Partially Vaccinated,Cough,Positive,No,25,Mild,94,None,811.06,Recovered
COVID01813,56,Female,Tamil Nadu,Salem,2021-08-10,Not Vaccinated,Loss of Taste/Smell,Negative,No,0,None,95,None,191.7,Not Infected
COVID04103,56,Female,Andhra Pradesh,Guntur,2021-08-10,Partially Vaccinated,None,Positive,Yes,18,Severe,88,Heart Disease,3921.79,Recovered
COVID04969,72,Female,Telangana,Nizamabad,2021-08-10,Fully Vaccinated,Loss of Taste/Smell,Positive,Yes,14,Moderate,95,None,2737.68,Recovered
COVID04465,66,Female,Andhra Pradesh,Visakhapatnam,2021-08-10,Partially Vaccinated,Fever,Positive,Yes,6,Moderate,97,Asthma,3695.87,Recovered
COVID00065,13,Female,Karnataka,Mysuru,2021-08-10,Partially Vaccinated,Loss of Taste/Smell,Negative,No,0,None,100,None,124.08,Not Infected
COVID01355,36,Male,Rajasthan,Jaipur,2021-08-10,Fully Vaccinated,Fever,Positive,Yes,11,Severe,95,Diabetes,5944.53,Recovered
COVID02966,70,Female,Maharashtra,Mumbai,2021-08-10,Fully Vaccinated,Sore Throat,Negative,No,0,None,98,None,371.74,Not Infected
COVID04077,72,Female,Delhi,New Delhi,2021-08-10,Partially Vaccinated,Sore Throat,Positive,No,5,Mild,99,None,2423.69,Recovered
COVID00569,83,Male,Delhi,Dwarka,2021-08-11,Not Vaccinated,Fatigue,Negative,No,0,None,98,None,255.78,Not Infected
COVID00873,23,Female,Kerala,Kochi,2021-08-11,Fully Vaccinated,Fatigue,Positive,No,6,Mild,94,Diabetes,2200.05,Recovered
COVID03772,79,Female,Karnataka,Mysuru,2021-08-11,Fully Vaccinated,Loss of Taste/Smell,Positive,No,22,Mild,96,Hypertension,1458.83,Deceased
COVID02799,67,Male,West Bengal,Kolkata,2021-08-11,Fully Vaccinated,None,Positive,No,29,Moderate,100,None,475.63,Recovered
COVID02549,65,Male,Karnataka,Hubballi,2021-08-11,Partially Vaccinated,Fever,Positive,Yes,12,Moderate,93,None,6897.64,Recovered
COVID02732,73,Female,Telangana,Warangal,2021-08-11,Fully Vaccinated,Loss of Taste/Smell,Negative,No,0,None,99,None,347.16,Not Infected
COVID03922,10,Female,Maharashtra,Nagpur,2021-08-11,Booster,Fever,Positive,Yes,18,Moderate,100,None,4892.66,Recovered
COVID02629,84,Female,Andhra Pradesh,Vijayawada,2021-08-12,Partially Vaccinated,Fatigue,Positive,No,26,Mild,93,None,1601.35,Recovered
COVID03930,51,Male,Tamil Nadu,Coimbatore,2021-08-12,Fully Vaccinated,Breathing Difficulty,Positive,No,13,Mild,97,None,1427.59,Recovered
COVID03751,82,Female,Kerala,Thiruvananthapuram,2021-08-12,Booster,Fever,Negative,No,0,None,100,Diabetes,483.44,Not Infected
COVID03563,5,Female,Gujarat,Surat,2021-08-12,Not Vaccinated,Cough,Positive,No,11,Mild,96,None,858.13,Recovered
COVID03583,82,Male,Delhi,Dwarka,2021-08-12,Booster,Cough,Positive,No,17,Mild,97,Hypertension,1954.42,Recovered
COVID00616,23,Female,Gujarat,Vadodara,2021-08-12,Fully Vaccinated,Sore Throat,Negative,No,0,None,97,None,375.64,Not Infected
COVID03884,47,Male,Maharashtra,Nagpur,2021-08-12,Partially Vaccinated,None,Positive,No,5,Mild,96,None,606.99,Recovered
COVID01354,61,Male,West Bengal,Kolkata,2021-08-12,Fully Vaccinated,Fever,Negative,No,0,None,96,None,193.55,Not Infected
COVID01689,17,Male,Kerala,Kochi,2021-08-13,Partially Vaccinated,Fatigue,Positive,No,21,Mild,95,Asthma,580.71,Recovered
COVID02076,31,Male,Andhra Pradesh,Vijayawada,2021-08-13,Not Vaccinated,None,Negative,No,0,None,100,Multiple,388.93,Not Infected
COVID04168,20,Female,Karnataka,Mangaluru,2021-08-13,Not Vaccinated,Fever,Positive,No,30,Mild,95,None,2138.95,Recovered
COVID01922,10,Male,Karnataka,Hubballi,2021-08-13,Fully Vaccinated,Fever,Positive,No,22,Mild,100,None,1126.81,Recovered
COVID04229,13,Other,Andhra Pradesh,Visakhapatnam,2021-08-14,Partially Vaccinated,None,Negative,No,0,None,95,Asthma,420.29,Not Infected
COVID03465,62,Female,Kerala,Thrissur,2021-08-14,Fully Vaccinated,Fever,Positive,Yes,16,Moderate,93,None,2438.83,Recovered
COVID02506,53,Female,Telangana,Nizamabad,2021-08-14,Fully Vaccinated,Loss of Taste/Smell,Negative,No,0,None,95,None,450.58,Not Infected
COVID00622,18,Male,Andhra Pradesh,Visakhapatnam,2021-08-14,Booster,Cough,Positive,No,16,Mild,99,None,656.63,Recovered
COVID03617,69,Male,Karnataka,Mangaluru,2021-08-14,Fully Vaccinated,Loss of Taste/Smell,Positive,No,20,Mild,97,None,2451.24,Recovered
COVID02986,74,Female,Andhra Pradesh,Vijayawada,2021-08-14,Not Vaccinated,Fever,Negative,No,0,None,97,None,24.45,Not Infected
COVID04102,84,Female,Delhi,Dwarka,2021-08-15,Fully Vaccinated,Fever,Negative,No,0,None,98,Hypertension,322.57,Not Infected
COVID04657,45,Male,Kerala,Thrissur,2021-08-15,Not Vaccinated,Loss of Taste/Smell,Positive,No,28,Moderate,98,None,627.12,Recovered
COVID02838,81,Male,Maharashtra,Nashik,2021-08-15,Partially Vaccinated,Cough,Negative,No,0,None,95,Asthma,311.05,Not Infected
COVID02314,84,Male,Karnataka,Mysuru,2021-08-15,Not Vaccinated,None,Positive,No,24,Moderate,98,Diabetes,1671.36,Recovered
COVID02696,63,Male,Telangana,Hyderabad,2021-08-15,Fully Vaccinated,Loss of Taste/Smell,Positive,Yes,13,Moderate,93,Diabetes,7410.23,Recovered
COVID03827,28,Male,West Bengal,Kolkata,2021-08-16,Not Vaccinated,Sore Throat,Positive,Yes,54,Critical,99,Hypertension,6723.34,Deceased
COVID04374,72,Female,Andhra Pradesh,Vijayawada,2021-08-16,Partially Vaccinated,Cough,Positive,No,22,Mild,95,Hypertension,983.66,Recovered
COVID00942,23,Female,Telangana,Hyderabad,2021-08-16,Partially Vaccinated,Fever,Negative,No,0,None,100,None,139.4,Not Infected
COVID01546,39,Male,Andhra Pradesh,Vijayawada,2021-08-17,Fully Vaccinated,Loss of Taste/Smell,Negative,No,0,None,98,Asthma,360.2,Not Infected
COVID03748,84,Female,West Bengal,Howrah,2021-08-17,Fully Vaccinated,Fever,Negative,No,0,None,99,None,161.21,Not Infected
COVID00001,66,Female,Delhi,Rohini,2021-08-17,Fully Vaccinated,Fever,Positive,Yes,15,Moderate,93,Asthma,3372.67,Recovered
COVID03051,57,Male,Kerala,Thiruvananthapuram,2021-08-17,Not Vaccinated,Cough,Negative,No,0,None,96,None,309.42,Not Infected
COVID03031,12,Male,Kerala,Kochi,2021-08-17,Fully Vaccinated,Fatigue,Positive,Yes,16,Moderate,93,None,3892.67,Recovered
COVID00345,60,Male,Tamil Nadu,Madurai,2021-08-17,Booster,None,Positive,Yes,12,Moderate,98,None,2170.41,Recovered
COVID01396,40,Male,Rajasthan,Jodhpur,2021-08-17,Fully Vaccinated,Breathing Difficulty,Positive,Yes,7,Moderate,98,None,6092.15,Recovered
COVID00069,83,Female,Delhi,New Delhi,2021-08-17,Fully Vaccinated,None,Positive,No,7,Mild,94,None,584.55,Recovered
COVID04256,34,Female,Rajasthan,Jodhpur,2021-08-17,Not Vaccinated,Sore Throat,Positive,No,16,Mild,100,None,775.45,Recovered
COVID02498,54,Male,Rajasthan,Jaipur,2021-08-17,Fully Vaccinated,Cough,Positive,Yes,25,Moderate,100,None,1907.72,Recovered
COVID00309,84,Male,Delhi,Rohini,2021-08-18,Fully Vaccinated,None,Negative,No,0,None,96,None,259.23,Not Infected
COVID04349,51,Female,Telangana,Warangal,2021-08-18,Fully Vaccinated,Fatigue,Positive,No,8,Mild,94,None,552.73,Recovered
COVID04862,70,Female,Rajasthan,Udaipur,2021-08-18,Partially Vaccinated,Cough,Positive,Yes,30,Severe,93,None,1918.24,Recovered
COVID03056,27,Female,Gujarat,Surat,2021-08-18,Fully Vaccinated,Loss of Taste/Smell,Positive,Yes,43,Critical,89,None,2311.03,Recovered
COVID04287,44,Female,Karnataka,Mysuru,2021-08-18,Partially Vaccinated,Breathing Difficulty,Positive,No,22,Mild,95,None,1947.62,Recovered
COVID03128,26,Male,Telangana,Warangal,2021-08-19,Fully Vaccinated,Sore Throat,Negative,No,0,None,100,Multiple,127.04,Not Infected
COVID04642,58,Male,Tamil Nadu,Salem,2021-08-19,Not Vaccinated,None,Positive,Yes,26,Severe,90,Diabetes,6545.76,Recovered
COVID00461,8,Male,Delhi,Rohini,2021-08-20,Booster,Fatigue,Positive,No,9,Mild,98,None,1203.81,Recovered
COVID04010,50,Female,Delhi,New Delhi,2021-08-20,Fully Vaccinated,Loss of Taste/Smell,Positive,No,27,Mild,98,Hypertension,2338.29,Recovered
COVID02857,44,Male,Delhi,New Delhi,2021-08-20,Fully Vaccinated,Cough,Negative,No,0,None,96,None,311.52,Not Infected
COVID01888,26,Female,Telangana,Hyderabad,2021-08-20,Fully Vaccinated,Fever,Positive,No,10,Mild,98,Asthma,1558.21,Recovered
COVID02873,18,Male,Delhi,New Delhi,2021-08-21,Not Vaccinated,Fatigue,Positive,Yes,29,Severe,99,Diabetes,1708.13,Recovered
COVID02377,12,Male,Telangana,Hyderabad,2021-08-21,Fully Vaccinated,Sore Throat,Positive,No,8,Mild,100,None,1981.37,Recovered
COVID01697,56,Female,West Bengal,Durgapur,2021-08-21,Partially Vaccinated,Sore Throat,Positive,Yes,8,Moderate,96,Hypertension,4210.74,Recovered
COVID01456,13,Male,Gujarat,Ahmedabad,2021-08-21,Fully Vaccinated,None,Negative,No,0,None,96,Heart Disease,166.98,Not Infected
COVID04932,23,Male,Delhi,New Delhi,2021-08-21,Partially Vaccinated,Loss of Taste/Smell,Positive,No,30,Mild,96,None,1458.15,Recovered
COVID01123,70,Female,Maharashtra,Mumbai,2021-08-22,Fully Vaccinated,Cough,Negative,No,0,None,100,None,264.07,Not Infected
COVID03867,17,Female,Rajasthan,Udaipur,2021-08-22,Fully Vaccinated,None,Positive,No,9,Mild,99,None,360.27,Recovered
COVID00899,71,Female,Andhra Pradesh,Vijayawada,2021-08-22,Fully Vaccinated,Fatigue,Negative,No,0,None,97,Multiple,346.7,Not Infected
COVID02925,83,Female,West Bengal,Durgapur,2021-08-22,Not Vaccinated,Cough,Positive,Yes,30,Critical,92,Multiple,6511.18,Recovered
COVID04296,37,Male,Maharashtra,Nagpur,2021-08-22,Fully Vaccinated,Fatigue,Positive,Yes,11,Moderate,93,Heart Disease,5730.94,Recovered
COVID02190,83,Male,Delhi,New Delhi,2021-08-23,Partially Vaccinated,Cough,Positive,No,24,Mild,99,None,2077.51,Recovered
COVID02364,22,Female,Maharashtra,Nashik,2021-08-23,Fully Vaccinated,Fatigue,Positive,No,21,Mild,99,None,1041.49,Recovered
COVID04128,41,Female,Tamil Nadu,Coimbatore,2021-08-23,Partially Vaccinated,Fatigue,Positive,No,27,Moderate,100,Asthma,627.28,Recovered
COVID04787,57,Female,Delhi,Rohini,2021-08-24,Fully Vaccinated,Sore Throat,Positive,Yes,16,Severe,98,None,2656.88,Recovered
COVID01403,78,Male,Telangana,Warangal,2021-08-24,Partially Vaccinated,Fatigue,Positive,Yes,19,Moderate,97,Hypertension,2001.93,Recovered
COVID01298,21,Female,Rajasthan,Udaipur,2021-08-24,Fully Vaccinated,Fever,Positive,Yes,14,Moderate,96,Asthma,5172.19,Recovered
COVID00852,77,Male,Kerala,Kochi,2021-08-24,Fully Vaccinated,Fatigue,Negative,No,0,None,100,None,188.26,Not Infected
COVID01725,51,Female,Delhi,Dwarka,2021-08-24,Not Vaccinated,Cough,Positive,No,19,Mild,96,None,2329.87,Recovered
COVID01280,12,Female,Delhi,Dwarka,2021-08-24,Fully Vaccinated,Breathing Difficulty,Positive,Yes,10,Moderate,98,Diabetes,2810.98,Recovered
COVID04155,70,Female,Maharashtra,Pune,2021-08-24,Fully Vaccinated,Fatigue,Positive,No,16,Mild,100,Heart Disease,1993.97,Deceased
COVID04875,24,Male,Delhi,Dwarka,2021-08-24,Partially Vaccinated,Breathing Difficulty,Positive,Yes,19,Severe,98,Hypertension,7752.06,Recovered
COVID01276,67,Female,Tamil Nadu,Coimbatore,2021-08-25,Booster,Loss of Taste/Smell,Negative,No,0,None,99,Asthma,218.41,Not Infected
COVID00477,8,Male,Kerala,Kochi,2021-08-25,Not Vaccinated,Sore Throat,Negative,No,0,None,98,Diabetes,358.88,Not Infected
COVID04360,27,Male,Delhi,Dwarka,2021-08-25,Booster,Sore Throat,Positive,Yes,20,Severe,98,Hypertension,4362.16,Recovered
COVID03442,30,Male,West Bengal,Kolkata,2021-08-25,Fully Vaccinated,Fever,Positive,No,8,Mild,97,Hypertension,1145.49,Recovered
COVID04097,55,Male,Kerala,Thiruvananthapuram,2021-08-25,Fully Vaccinated,Cough,Negative,No,0,None,99,None,132.16,Not Infected
COVID02164,21,Female,Rajasthan,Udaipur,2021-08-25,Not Vaccinated,Fever,Negative,No,0,None,99,None,409.85,Not Infected
COVID00499,81,Male,West Bengal,Kolkata,2021-08-25,Fully Vaccinated,Fever,Negative,No,0,None,97,None,418.32,Not Infected
COVID04804,63,Male,Tamil Nadu,Chennai,2021-08-25,Booster,Breathing Difficulty,Positive,Yes,16,Moderate,99,None,5982.95,Recovered
COVID04676,6,Male,Gujarat,Surat,2021-08-25,Not Vaccinated,Sore Throat,Negative,No,0,None,95,None,317.04,Not Infected
COVID00097,63,Male,West Bengal,Durgapur,2021-08-25,Not Vaccinated,None,Positive,Yes,13,Moderate,97,None,4498.97,Recovered
COVID04818,46,Female,Andhra Pradesh,Vijayawada,2021-08-26,Partially Vaccinated,Breathing Difficulty,Negative,No,0,None,97,Asthma,458.29,Not Infected
COVID01496,63,Female,Delhi,New Delhi,2021-08-26,Booster,Sore Throat,Positive,No,22,Moderate,95,Diabetes,1294.56,Deceased
COVID04113,33,Female,Rajasthan,Jaipur,2021-08-26,Partially Vaccinated,Sore Throat,Negative,No,0,None,98,None,308.06,Not Infected
COVID01642,77,Female,Gujarat,Ahmedabad,2021-08-27,Fully Vaccinated,Fatigue,Positive,Yes,35,Severe,89,None,4756.05,Recovered
COVID03331,32,Male,Telangana,Hyderabad,2021-08-27,Booster,None,Positive,No,22,Mild,98,None,1166.49,Recovered
COVID02179,85,Male,Kerala,Kochi,2021-08-27,Fully Vaccinated,Sore Throat,Positive,Yes,25,Severe,95,Hypertension,6819.73,Recovered
COVID00149,56,Male,Kerala,Kochi,2021-08-27,Fully Vaccinated,Fever,Positive,Yes,19,Moderate,97,Hypertension,4285.03,Recovered
COVID02053,30,Male,Kerala,Kochi,2021-08-27,Booster,Breathing Difficulty,Positive,No,22,Mild,100,None,874.71,Recovered
COVID04926,68,Female,Delhi,Dwarka,2021-08-28,Fully Vaccinated,Loss of Taste/Smell,Positive,Yes,14,Moderate,99,None,2897.61,Recovered
COVID00351,74,Male,Delhi,Dwarka,2021-08-29,Fully Vaccinated,Fatigue,Positive,No,6,Mild,95,None,2295.05,Recovered
COVID04534,66,Male,Gujarat,Ahmedabad,2021-08-29,Fully Vaccinated,Loss of Taste/Smell,Positive,No,20,Moderate,96,Asthma,1404.4,Recovered
COVID04329,77,Female,Karnataka,Mysuru,2021-08-29,Partially Vaccinated,Sore Throat,Negative,No,0,None,99,None,448.8,Not Infected
COVID02320,82,Female,Andhra Pradesh,Vijayawada,2021-08-29,Not Vaccinated,Breathing Difficulty,Positive,No,27,Mild,95,None,579.51,Recovered
COVID01976,34,Female,Tamil Nadu,Chennai,2021-08-29,Fully Vaccinated,Fever,Positive,No,11,Mild,93,Asthma,2252.13,Recovered
COVID02186,61,Male,Kerala,Kozhikode,2021-08-29,Fully Vaccinated,Fatigue,Positive,Yes,7,Moderate,99,None,2355.38,Recovered
COVID04196,73,Female,West Bengal,Durgapur,2021-08-29,Fully Vaccinated,Fatigue,Positive,Yes,16,Moderate,98,Hypertension,6585.53,Recovered
COVID01156,39,Female,Delhi,Dwarka,2021-08-29,Not Vaccinated,Fatigue,Positive,No,23,Mild,98,None,2242.94,Recovered
COVID02813,75,Female,Gujarat,Ahmedabad,2021-08-29,Partially Vaccinated,None,Positive,Yes,40,Severe,93,Diabetes,3367.11,Recovered
COVID03594,76,Female,Tamil Nadu,Coimbatore,2021-08-29,Partially Vaccinated,Loss of Taste/Smell,Negative,No,0,None,96,Asthma,467.03,Not Infected
COVID04499,72,Female,Andhra Pradesh,Guntur,2021-08-30,Fully Vaccinated,Loss of Taste/Smell,Positive,No,22,Mild,99,Diabetes,1521.53,Deceased
COVID02634,51,Female,Kerala,Kochi,2021-08-30,Fully Vaccinated,Cough,Positive,No,22,Mild,95,None,2399.95,Recovered
COVID04027,29,Female,Telangana,Nizamabad,2021-08-30,Fully Vaccinated,Cough,Negative,No,0,None,96,Heart Disease,390.08,Not Infected
COVID02216,78,Female,Karnataka,Hubballi,2021-08-30,Partially Vaccinated,Sore Throat,Positive,No,10,Mild,97,Multiple,595.62,Recovered
COVID00495,44,Female,Telangana,Nizamabad,2021-08-30,Not Vaccinated,Loss of Taste/Smell,Positive,Yes,9,Moderate,99,Diabetes,1999.53,Recovered
COVID04262,80,Female,Andhra Pradesh,Guntur,2021-08-30,Booster,None,Positive,No,15,Mild,94,None,912.55,Recovered
COVID01880,48,Female,Andhra Pradesh,Vijayawada,2021-08-30,Not Vaccinated,Cough,Positive,No,8,Mild,95,Diabetes,1281.33,Recovered
COVID02248,32,Female,Tamil Nadu,Madurai,2021-08-30,Fully Vaccinated,Fever,Positive,Yes,17,Moderate,93,Diabetes,7906.64,Recovered
COVID04108,76,Male,West Bengal,Kolkata,2021-08-31,Partially Vaccinated,Fatigue,Positive,No,9,Mild,97,None,569.38,Recovered
COVID04940,21,Male,Gujarat,Ahmedabad,2021-08-31,Not Vaccinated,Cough,Negative,No,0,None,97,None,19.73,Not Infected
COVID01181,60,Female,Delhi,New Delhi,2021-08-31,Not Vaccinated,Cough,Positive,Yes,27,Moderate,95,None,4554.68,Recovered
COVID04563,50,Male,Rajasthan,Udaipur,2021-08-31,Not Vaccinated,Cough,Positive,No,22,Mild,99,None,2244.62,Recovered
COVID04351,81,Male,Delhi,New Delhi,2021-08-31,Fully Vaccinated,Cough,Positive,No,10,Mild,96,Multiple,770.34,Recovered
COVID03715,66,Male,Karnataka,Mysuru,2021-09-01,Booster,Sore Throat,Positive,No,30,Mild,100,None,1755.88,Deceased
COVID01491,38,Male,Karnataka,Hubballi,2021-09-02,Booster,Fever,Negative,No,0,None,99,Diabetes,199.8,Not Infected
COVID04709,70,Female,Karnataka,Mangaluru,2021-09-02,Booster,Fever,Positive,Yes,38,Severe,100,None,4213.56,Recovered
COVID02592,26,Male,Karnataka,Bengaluru,2021-09-02,Fully Vaccinated,None,Positive,No,29,Mild,100,None,2396.83,Recovered
COVID00688,49,Male,Andhra Pradesh,Guntur,2021-09-02,Fully Vaccinated,Sore Throat,Positive,No,26,Mild,100,None,1147.54,Recovered
COVID00665,57,Female,Delhi,Dwarka,2021-09-02,Fully Vaccinated,Cough,Negative,No,0,None,99,None,289.21,Not Infected
COVID04805,9,Female,Andhra Pradesh,Guntur,2021-09-02,Not Vaccinated,None,Positive,No,16,Mild,96,Diabetes,1702.04,Recovered
COVID01887,63,Male,Maharashtra,Nashik,2021-09-03,Fully Vaccinated,Cough,Negative,No,0,None,98,None,421.18,Not Infected
COVID00341,63,Female,Delhi,New Delhi,2021-09-03,Not Vaccinated,Fatigue,Positive,Yes,20,Severe,89,Hypertension,1792.73,Recovered
COVID02469,54,Male,Karnataka,Hubballi,2021-09-03,Not Vaccinated,Fever,Negative,No,0,None,97,Hypertension,196.35,Not Infected
COVID01203,31,Male,Rajasthan,Udaipur,2021-09-03,Partially Vaccinated,Cough,Positive,No,6,Mild,99,None,698.25,Recovered
COVID00465,40,Male,Rajasthan,Jaipur,2021-09-04,Fully Vaccinated,Fatigue,Negative,No,0,None,97,None,117.82,Not Infected
COVID04630,19,Male,West Bengal,Durgapur,2021-09-04,Fully Vaccinated,Sore Throat,Negative,No,0,None,95,None,234.41,Not Infected
COVID00296,61,Male,Tamil Nadu,Chennai,2021-09-04,Not Vaccinated,Cough,Positive,No,9,Moderate,98,None,622.59,Recovered
COVID04632,21,Female,Maharashtra,Nagpur,2021-09-04,Not Vaccinated,Cough,Negative,No,0,None,99,None,188.11,Not Infected
COVID00151,69,Female,Maharashtra,Nagpur,2021-09-04,Fully Vaccinated,Loss of Taste/Smell,Positive,Yes,26,Moderate,98,Heart Disease,3792.46,Recovered
COVID04466,72,Female,Rajasthan,Udaipur,2021-09-05,Fully Vaccinated,Breathing Difficulty,Negative,No,0,None,98,None,104.91,Not Infected
COVID01134,72,Male,Andhra Pradesh,Visakhapatnam,2021-09-05,Fully Vaccinated,None,Positive,Yes,23,Moderate,96,Multiple,3014.97,Recovered
COVID04796,23,Female,Rajasthan,Udaipur,2021-09-05,Not Vaccinated,Sore Throat,Positive,No,13,Mild,94,None,1188.33,Recovered
COVID00070,47,Female,West Bengal,Kolkata,2021-09-05,Fully Vaccinated,Loss of Taste/Smell,Negative,No,0,None,95,Heart Disease,358.25,Not Infected
COVID02312,44,Male,Rajasthan,Jaipur,2021-09-05,Partially Vaccinated,None,Positive,No,27,Mild,96,Hypertension,343.46,Recovered
COVID03001,59,Female,Gujarat,Surat,2021-09-06,Fully Vaccinated,Cough,Positive,No,26,Mild,93,Diabetes,2295.87,Deceased
COVID00386,61,Female,Rajasthan,Jodhpur,2021-09-06,Not Vaccinated,Sore Throat,Negative,No,0,None,99,Hypertension,246.49,Not Infected
COVID03596,41,Female,Kerala,Thiruvananthapuram,2021-09-06,Fully Vaccinated,Fever,Positive,Yes,11,Moderate,99,Multiple,4151.18,Recovered
COVID01310,8,Male,Maharashtra,Mumbai,2021-09-06,Fully Vaccinated,Loss of Taste/Smell,Positive,No,9,Mild,99,Asthma,2414.51,Recovered
COVID00271,41,Female,Kerala,Thiruvananthapuram,2021-09-06,Fully Vaccinated,Sore Throat,Positive,Yes,5,Moderate,95,None,3364.74,Recovered
COVID00602,7,Female,Andhra Pradesh,Visakhapatnam,2021-09-06,Fully Vaccinated,Loss of Taste/Smell,Positive,No,12,Mild,97,None,833.08,Recovered
COVID04420,43,Female,Tamil Nadu,Salem,2021-09-06,Not Vaccinated,Fever,Positive,No,27,Mild,95,Asthma,860.17,Recovered
COVID02842,23,Male,Telangana,Nizamabad,2021-09-06,Fully Vaccinated,Fatigue,Positive,No,17,Mild,98,Hypertension,402.11,Recovered
COVID04435,55,Female,Kerala,Kozhikode,2021-09-07,Fully Vaccinated,Fatigue,Positive,Yes,22,Moderate,98,None,3141.63,Recovered
COVID03034,16,Male,Tamil Nadu,Chennai,2021-09-07,Fully Vaccinated,None,Positive,No,21,Mild,97,Hypertension,1772.68,Recovered
COVID00720,23,Female,Kerala,Kozhikode,2021-09-07,Fully Vaccinated,Sore Throat,Negative,No,0,None,96,None,135.07,Not Infected
COVID02644,75,Male,Gujarat,Surat,2021-09-07,Partially Vaccinated,Loss of Taste/Smell,Positive,No,22,Mild,94,None,2162.18,Recovered
COVID02204,34,Male,Andhra Pradesh,Vijayawada,2021-09-08,Partially Vaccinated,None,Negative,No,0,None,95,None,161.5,Not Infected
COVID00005,70,Female,Delhi,Dwarka,2021-09-08,Not Vaccinated,Cough,Positive,Yes,36,Severe,90,None,3931.89,Recovered
COVID03167,28,Female,Gujarat,Vadodara,2021-09-08,Booster,Cough,Negative,No,0,None,99,None,85.69,Not Infected
COVID01027,14,Male,Tamil Nadu,Coimbatore,2021-09-08,Not Vaccinated,Fever,Positive,Yes,39,Severe,95,None,1585.06,Recovered
COVID04691,11,Female,West Bengal,Kolkata,2021-09-08,Fully Vaccinated,None,Negative,No,0,None,100,None,34.77,Not Infected
COVID01369,56,Other,Tamil Nadu,Salem,2021-09-08,Partially Vaccinated,Cough,Positive,No,14,Mild,95,Hypertension,462.5,Recovered
COVID02330,71,Male,Gujarat,Surat,2021-09-08,Not Vaccinated,Cough,Negative,No,0,None,96,Heart Disease,398.51,Not Infected
COVID04914,54,Male,Andhra Pradesh,Vijayawada,2021-09-08,Fully Vaccinated,Fever,Positive,No,6,Mild,97,Diabetes,1858.12,Recovered
COVID04549,13,Female,Andhra Pradesh,Vijayawada,2021-09-09,Fully Vaccinated,Fatigue,Negative,No,0,None,99,None,447.99,Not Infected
COVID02911,52,Male,Kerala,Thiruvananthapuram,2021-09-09,Not Vaccinated,Fever,Positive,No,8,Mild,94,Heart Disease,1213.93,Recovered
COVID01485,8,Male,Delhi,Dwarka,2021-09-09,Fully Vaccinated,Loss of Taste/Smell,Positive,Yes,17,Moderate,94,None,3418.43,Recovered
COVID00902,47,Male,Tamil Nadu,Chennai,2021-09-09,Fully Vaccinated,Sore Throat,Positive,No,6,Mild,95,Diabetes,1023.46,Recovered
COVID00106,37,Male,Telangana,Warangal,2021-09-09,Booster,Cough,Positive,No,27,Mild,96,None,1529.12,Recovered
COVID00803,11,Male,Andhra Pradesh,Visakhapatnam,2021-09-10,Partially Vaccinated,Fever,Positive,No,24,Mild,100,None,1539.24,Recovered
COVID03336,66,Male,Kerala,Kochi,2021-09-10,Fully Vaccinated,Fatigue,Positive,No,29,Severe,98,Asthma,1502.61,Recovered
COVID01321,7,Male,Tamil Nadu,Madurai,2021-09-10,Booster,Sore Throat,Positive,Yes,30,Severe,100,Asthma,6967.74,Recovered
COVID01054,20,Female,Gujarat,Vadodara,2021-09-11,Fully Vaccinated,Sore Throat,Negative,No,0,None,99,Hypertension,257.2,Not Infected
COVID03915,24,Female,Tamil Nadu,Madurai,2021-09-11,Partially Vaccinated,Sore Throat,Negative,No,0,None,95,None,359.77,Not Infected
COVID01098,68,Female,Tamil Nadu,Madurai,2021-09-11,Fully Vaccinated,Sore Throat,Positive,No,29,Mild,94,None,1123.34,Recovered
COVID04869,26,Female,Delhi,Dwarka,2021-09-11,Partially Vaccinated,Fever,Negative,No,0,None,100,None,78.1,Not Infected
COVID00777,80,Female,Kerala,Kozhikode,2021-09-11,Fully Vaccinated,Loss of Taste/Smell,Positive,Yes,16,Moderate,93,Multiple,6815.91,Deceased
COVID04890,42,Female,Gujarat,Ahmedabad,2021-09-11,Fully Vaccinated,Cough,Negative,No,0,None,99,None,441.49,Not Infected
COVID01334,67,Male,Kerala,Kozhikode,2021-09-11,Partially Vaccinated,Fever,Negative,No,0,None,98,Asthma,233.42,Not Infected
COVID00825,54,Female,Kerala,Kochi,2021-09-11,Booster,Loss of Taste/Smell,Negative,No,0,None,97,None,299.46,Not Infected
COVID00919,82,Female,Telangana,Hyderabad,2021-09-12,Not Vaccinated,Cough,Positive,No,7,Moderate,100,Heart Disease,1803.44,Recovered
COVID00376,69,Male,Gujarat,Ahmedabad,2021-09-12,Not Vaccinated,Loss of Taste/Smell,Negative,No,0,None,100,Hypertension,375.06,Not Infected
COVID03039,31,Female,Karnataka,Mysuru,2021-09-12,Fully Vaccinated,Cough,Positive,No,19,Mild,100,None,392.34,Recovered
COVID02652,69,Male,Delhi,Rohini,2021-09-12,Partially Vaccinated,None,Negative,No,0,None,100,Multiple,202.91,Not Infected
COVID03557,54,Male,Telangana,Hyderabad,2021-09-12,Fully Vaccinated,Loss of Taste/Smell,Positive,No,14,Mild,99,Asthma,2264.5,Recovered
COVID03329,12,Female,Delhi,New Delhi,2021-09-12,Not Vaccinated,Cough,Positive,No,17,Mild,99,Hypertension,1792.66,Recovered
COVID03519,72,Female,West Bengal,Kolkata,2021-09-12,Fully Vaccinated,Fever,Positive,No,15,Moderate,97,None,2427.41,Recovered
COVID03614,60,Male,Tamil Nadu,Madurai,2021-09-13,Fully Vaccinated,None,Positive,No,21,Severe,99,None,1898.8,Deceased
COVID01534,21,Female,Delhi,Rohini,2021-09-13,Booster,Fever,Positive,No,26,Mild,93,Heart Disease,1721.26,Recovered
COVID02989,60,Female,Karnataka,Hubballi,2021-09-13,Not Vaccinated,Cough,Positive,No,26,Mild,94,None,1371.33,Recovered
COVID02291,27,Female,Rajasthan,Jaipur,2021-09-13,Not Vaccinated,Cough,Positive,No,5,Mild,93,Asthma,2346.89,Recovered
COVID01771,22,Male,Gujarat,Surat,2021-09-13,Partially Vaccinated,Sore Throat,Positive,Yes,8,Moderate,99,None,3580.56,Recovered
COVID03169,77,Female,Tamil Nadu,Coimbatore,2021-09-13,Fully Vaccinated,Sore Throat,Negative,No,0,None,97,None,145.25,Not Infected
COVID02743,24,Female,Tamil Nadu,Coimbatore,2021-09-14,Fully Vaccinated,Cough,Positive,No,25,Mild,98,None,1170.8,Recovered
COVID00196,66,Male,Gujarat,Surat,2021-09-14,Partially Vaccinated,None,Positive,Yes,12,Moderate,93,Hypertension,2058.2,Recovered
COVID03910,83,Male,Gujarat,Vadodara,2021-09-14,Fully Vaccinated,Fever,Positive,No,34,Severe,92,None,1351.78,Deceased
COVID00545,73,Male,West Bengal,Kolkata,2021-09-14,Fully Vaccinated,Cough,Positive,No,18,Mild,94,Heart Disease,2357.26,Deceased
COVID00331,67,Male,Andhra Pradesh,Visakhapatnam,2021-09-14,Fully Vaccinated,Fatigue,Negative,No,0,None,100,None,493.59,Not Infected
COVID04715,32,Female,Tamil Nadu,Madurai,2021-09-15,Fully Vaccinated,Fever,Positive,No,14,Mild,95,Asthma,1285.48,Recovered
COVID01413,56,Female,Rajasthan,Jaipur,2021-09-15,Fully Vaccinated,Fatigue,Positive,No,20,Mild,93,None,553.85,Deceased
COVID04911,84,Female,West Bengal,Durgapur,2021-09-15,Booster,Breathing Difficulty,Positive,No,18,Severe,100,Asthma,451.09,Recovered
COVID04456,46,Male,Karnataka,Mysuru,2021-09-15,Fully Vaccinated,None,Negative,No,0,None,99,None,23.91,Not Infected
COVID00458,78,Female,Maharashtra,Mumbai,2021-09-15,Not Vaccinated,Fatigue,Negative,No,0,None,98,None,410.37,Not Infected
COVID03720,42,Male,West Bengal,Howrah,2021-09-15,Partially Vaccinated,Fever,Positive,No,7,Mild,98,None,2447.01,Recovered
COVID04438,32,Male,West Bengal,Howrah,2021-09-15,Not Vaccinated,Loss of Taste/Smell,Positive,No,18,Mild,99,None,1258.19,Recovered
COVID03322,9,Female,Delhi,Rohini,2021-09-16,Partially Vaccinated,Fever,Negative,No,0,None,97,None,138.58,Not Infected
COVID01021,78,Male,Telangana,Nizamabad,2021-09-16,Fully Vaccinated,Loss of Taste/Smell,Positive,No,47,Critical,99,Heart Disease,2133.37,Deceased
COVID03784,28,Male,Tamil Nadu,Salem,2021-09-16,Fully Vaccinated,Fatigue,Positive,No,10,Mild,99,None,1909.01,Recovered
COVID02534,68,Male,Gujarat,Vadodara,2021-09-16,Fully Vaccinated,Fever,Negative,No,0,None,100,None,386.08,Not Infected
COVID00034,79,Male,Maharashtra,Nashik,2021-09-17,Booster,Breathing Difficulty,Negative,No,0,None,100,None,151.24,Not Infected
COVID03664,42,Other,Tamil Nadu,Salem,2021-09-17,Fully Vaccinated,Fatigue,Positive,No,20,Mild,96,None,1282.11,Recovered
COVID04297,82,Male,Tamil Nadu,Coimbatore,2021-09-17,Partially Vaccinated,None,Positive,Yes,39,Severe,92,None,6606.62,Recovered
COVID04551,67,Male,Rajasthan,Jaipur,2021-09-17,Partially Vaccinated,Loss of Taste/Smell,Positive,No,5,Moderate,100,None,836.01,Recovered
COVID00599,37,Female,Tamil Nadu,Madurai,2021-09-18,Fully Vaccinated,Cough,Negative,No,0,None,100,Diabetes,435.55,Not Infected
COVID03839,77,Male,Delhi,Rohini,2021-09-18,Fully Vaccinated,Sore Throat,Positive,No,13,Mild,97,Asthma,1668.94,Deceased
COVID00417,64,Male,Rajasthan,Udaipur,2021-09-18,Fully Vaccinated,Fatigue,Positive,No,24,Mild,100,None,1294.4,Recovered
COVID00016,65,Female,Telangana,Warangal,2021-09-18,Booster,Loss of Taste/Smell,Positive,No,13,Mild,98,Asthma,1164.54,Recovered
COVID03643,50,Male,West Bengal,Kolkata,2021-09-19,Fully Vaccinated,None,Positive,No,30,Mild,100,None,1239.47,Recovered
COVID00243,23,Male,Kerala,Thrissur,2021-09-19,Booster,None,Positive,No,9,Mild,97,None,325.87,Recovered
COVID00735,8,Male,Delhi,Rohini,2021-09-19,Booster,Fever,Negative,No,0,None,95,Hypertension,410.68,Not Infected
COVID02816,82,Male,Kerala,Kozhikode,2021-09-19,Fully Vaccinated,Fever,Positive,Yes,8,Moderate,95,None,5650.34,Recovered
COVID02139,32,Male,Andhra Pradesh,Guntur,2021-09-19,Partially Vaccinated,None,Negative,No,0,None,97,Multiple,102.51,Not Infected
COVID03482,61,Female,Tamil Nadu,Chennai,2021-09-20,Fully Vaccinated,Sore Throat,Positive,No,7,Mild,93,Asthma,1883.37,Recovered
COVID04215,19,Male,Andhra Pradesh,Guntur,2021-09-20,Booster,Sore Throat,Positive,No,10,Mild,96,Asthma,1941.03,Recovered
COVID00403,23,Female,Delhi,Dwarka,2021-09-20,Not Vaccinated,Fever,Positive,No,8,Mild,93,None,1955.81,Recovered
COVID04920,65,Male,Kerala,Thrissur,2021-09-20,Not Vaccinated,Breathing Difficulty,Positive,Yes,29,Moderate,100,Hypertension,4088.76,Recovered
COVID01244,47,Male,Tamil Nadu,Coimbatore,2021-09-20,Fully Vaccinated,Loss of Taste/Smell,Positive,No,29,Mild,95,None,1377.36,Recovered
COVID03355,23,Male,West Bengal,Howrah,2021-09-20,Not Vaccinated,None,Positive,No,14,Mild,96,Hypertension,2287.12,Recovered
COVID02275,10,Female,Maharashtra,Mumbai,2021-09-20,Fully Vaccinated,Cough,Positive,No,8,Mild,99,None,349.65,Recovered
COVID01608,56,Male,Kerala,Thrissur,2021-09-20,Fully Vaccinated,Fever,Negative,No,0,None,100,Hypertension,283.35,Not Infected
COVID00865,45,Female,Telangana,Hyderabad,2021-09-21,Fully Vaccinated,Loss of Taste/Smell,Positive,No,11,Mild,95,Hypertension,2389.36,Recovered
COVID04381,38,Female,Telangana,Nizamabad,2021-09-21,Partially Vaccinated,Cough,Negative,No,0,None,100,None,132.23,Not Infected
COVID01857,53,Male,Maharashtra,Pune,2021-09-21,Fully Vaccinated,Sore Throat,Negative,No,0,None,95,None,117.81,Not Infected
COVID00928,82,Male,Gujarat,Ahmedabad,2021-09-21,Not Vaccinated,Loss of Taste/Smell,Positive,No,8,Moderate,98,None,1080.21,Recovered
COVID04950,84,Female,Kerala,Thiruvananthapuram,2021-09-21,Fully Vaccinated,Cough,Positive,No,24,Mild,98,None,2295.93,Recovered
COVID04736,18,Male,Gujarat,Ahmedabad,2021-09-21,Fully Vaccinated,Breathing Difficulty,Positive,Yes,11,Moderate,98,None,5717.51,Recovered
COVID01651,11,Female,Andhra Pradesh,Visakhapatnam,2021-09-21,Partially Vaccinated,Cough,Negative,No,0,None,97,None,176.04,Not Infected
COVID00226,19,Female,Rajasthan,Jaipur,2021-09-21,Not Vaccinated,Sore Throat,Positive,Yes,20,Moderate,94,Asthma,7732.71,Recovered
COVID04422,58,Female,Maharashtra,Pune,2021-09-21,Not Vaccinated,Fatigue,Positive,No,26,Mild,97,Hypertension,1105.93,Recovered
COVID03282,22,Male,Delhi,Rohini,2021-09-21,Not Vaccinated,Cough,Positive,No,24,Moderate,99,Asthma,1881.31,Recovered
COVID01268,58,Male,Maharashtra,Pune,2021-09-21,Fully Vaccinated,Cough,Negative,No,0,None,95,Diabetes,326.94,Not Infected
COVID04243,82,Female,Karnataka,Bengaluru,2021-09-22,Not Vaccinated,Cough,Negative,No,0,None,97,None,246.29,Not Infected
COVID04029,72,Male,Delhi,Dwarka,2021-09-22,Fully Vaccinated,Loss of Taste/Smell,Positive,No,25,Mild,99,Diabetes,2383.83,Recovered
COVID03460,28,Female,Gujarat,Vadodara,2021-09-22,Booster,Fatigue,Negative,No,0,None,95,Diabetes,94.99,Not Infected
COVID00718,29,Female,Tamil Nadu,Coimbatore,2021-09-22,Fully Vaccinated,Fatigue,Negative,No,0,None,97,None,428.01,Not Infected
COVID01010,17,Male,Tamil Nadu,Madurai,2021-09-22,Not Vaccinated,Fatigue,Positive,No,29,Mild,98,Hypertension,1928.28,Recovered
COVID00472,47,Male,Kerala,Thrissur,2021-09-22,Fully Vaccinated,Fever,Negative,No,0,None,99,Asthma,273.72,Not Infected
COVID02905,21,Male,Gujarat,Ahmedabad,2021-09-23,Partially Vaccinated,Breathing Difficulty,Negative,No,0,None,95,None,206.93,Not Infected
COVID04544,62,Female,West Bengal,Kolkata,2021-09-23,Booster,Sore Throat,Positive,No,17,Mild,93,None,1350.98,Recovered
COVID01141,44,Female,Tamil Nadu,Coimbatore,2021-09-23,Booster,Sore Throat,Positive,No,30,Severe,99,Hypertension,1876.35,Recovered
COVID01867,20,Male,Delhi,New Delhi,2021-09-23,Not Vaccinated,None,Positive,No,13,Mild,99,Multiple,1006.97,Recovered
COVID03592,40,Male,Delhi,Rohini,2021-09-24,Partially Vaccinated,Cough,Positive,No,9,Mild,98,None,2051.29,Recovered
COVID02689,71,Male,Andhra Pradesh,Vijayawada,2021-09-24,Fully Vaccinated,Loss of Taste/Smell,Negative,No,0,None,97,Heart Disease,12.58,Not Infected
COVID03590,47,Male,Maharashtra,Mumbai,2021-09-24,Fully Vaccinated,None,Positive,No,30,Mild,98,None,2202.54,Recovered
COVID01095,5,Female,Andhra Pradesh,Guntur,2021-09-24,Fully Vaccinated,Loss of Taste/Smell,Positive,No,7,Mild,96,None,1974.27,Recovered
COVID02932,37,Male,West Bengal,Durgapur,2021-09-24,Fully Vaccinated,Cough,Negative,No,0,None,100,None,191.48,Not Infected
COVID03119,48,Female,Delhi,Rohini,2021-09-24,Fully Vaccinated,Fever,Negative,No,0,None,100,Asthma,266.57,Not Infected
COVID03588,17,Female,Telangana,Nizamabad,2021-09-25,Fully Vaccinated,Loss of Taste/Smell,Positive,Yes,25,Severe,89,Diabetes,1834.05,Recovered
COVID04843,5,Female,Maharashtra,Pune,2021-09-25,Fully Vaccinated,Fever,Negative,No,0,None,98,None,216.88,Not Infected
COVID04503,7,Female,Maharashtra,Pune,2021-09-25,Fully Vaccinated,None,Negative,No,0,None,98,Diabetes,299.83,Not Infected
COVID00889,35,Male,Karnataka,Bengaluru,2021-09-25,Fully Vaccinated,Fever,Positive,No,18,Mild,98,None,798.67,Recovered
COVID01109,55,Female,Delhi,Rohini,2021-09-25,Fully Vaccinated,None,Positive,Yes,20,Moderate,96,None,6307.52,Recovered
COVID04825,79,Female,Karnataka,Hubballi,2021-09-26,Fully Vaccinated,Fever,Positive,Yes,26,Moderate,96,None,6419.71,Recovered
COVID01155,81,Female,Delhi,Dwarka,2021-09-26,Fully Vaccinated,Fever,Negative,No,0,None,99,None,101.0,Not Infected
COVID02379,23,Male,Rajasthan,Jaipur,2021-09-26,Fully Vaccinated,Cough,Positive,Yes,18,Severe,95,None,2906.68,Recovered
COVID04165,85,Male,Telangana,Warangal,2021-09-26,Fully Vaccinated,Sore Throat,Positive,Yes,14,Moderate,95,Diabetes,4157.34,Recovered
COVID00010,29,Male,Telangana,Nizamabad,2021-09-26,Booster,None,Positive,Yes,16,Severe,93,None,4044.55,Recovered
COVID03084,9,Female,Telangana,Warangal,2021-09-26,Partially Vaccinated,None,Positive,No,13,Mild,98,None,2204.54,Recovered
COVID03773,78,Male,Delhi,Dwarka,2021-09-27,Fully Vaccinated,None,Positive,No,21,Mild,93,None,1422.7,Recovered
COVID00231,55,Female,Kerala,Thiruvananthapuram,2021-09-27,Partially Vaccinated,Fever,Positive,No,30,Mild,93,Diabetes,1813.44,Recovered
COVID04340,61,Male,Kerala,Kochi,2021-09-27,Not Vaccinated,Cough,Positive,No,5,Mild,99,Multiple,997.26,Recovered
COVID00767,77,Male,West Bengal,Kolkata,2021-09-27,Not Vaccinated,Sore Throat,Positive,No,17,Moderate,97,None,1894.1,Recovered
COVID00750,18,Female,Telangana,Nizamabad,2021-09-27,Fully Vaccinated,Fatigue,Positive,No,14,Mild,96,None,317.36,Recovered
COVID00270,45,Female,Telangana,Warangal,2021-09-27,Not Vaccinated,None,Negative,No,0,None,96,None,313.97,Not Infected
COVID00404,64,Female,Telangana,Hyderabad,2021-09-27,Fully Vaccinated,Cough,Positive,Yes,21,Moderate,98,None,5140.02,Recovered
COVID02748,51,Female,Karnataka,Hubballi,2021-09-27,Fully Vaccinated,Fatigue,Positive,No,26,Mild,97,None,1174.95,Recovered
COVID02380,67,Female,Rajasthan,Udaipur,2021-09-27,Fully Vaccinated,Cough,Positive,No,18,Mild,94,Diabetes,357.73,Recovered
COVID04758,9,Female,Delhi,Dwarka,2021-09-28,Not Vaccinated,Sore Throat,Positive,No,13,Mild,93,None,2218.02,Recovered
COVID00439,77,Male,Kerala,Thrissur,2021-09-28,Partially Vaccinated,Fever,Positive,No,29,Mild,97,None,2275.98,Recovered
COVID04732,54,Male,Rajasthan,Jodhpur,2021-09-28,Fully Vaccinated,Sore Throat,Positive,No,28,Mild,99,None,1940.93,Recovered
COVID04671,28,Female,Rajasthan,Jaipur,2021-09-28,Booster,Fever,Positive,No,19,Mild,100,None,1652.99,Recovered
COVID02313,38,Male,Delhi,Rohini,2021-09-29,Booster,Cough,Positive,Yes,32,Severe,93,None,4310.79,Recovered
COVID00107,6,Female,Maharashtra,Nagpur,2021-09-29,Fully Vaccinated,Fever,Positive,Yes,17,Moderate,99,Hypertension,1540.85,Recovered
COVID02981,61,Female,Maharashtra,Mumbai,2021-09-29,Booster,Loss of Taste/Smell,Negative,No,0,None,99,Multiple,278.99,Not Infected
COVID04519,41,Female,Delhi,Dwarka,2021-09-29,Fully Vaccinated,Loss of Taste/Smell,Negative,No,0,None,96,None,74.48,Not Infected
COVID03901,58,Male,Tamil Nadu,Chennai,2021-09-29,Partially Vaccinated,Fatigue,Positive,Yes,28,Severe,89,None,2910.96,Deceased
COVID04669,56,Male,Gujarat,Surat,2021-09-29,Not Vaccinated,Loss of Taste/Smell,Positive,No,6,Mild,98,None,929.66,Recovered
COVID03470,40,Male,Rajasthan,Jaipur,2021-09-30,Not Vaccinated,Loss of Taste/Smell,Positive,Yes,8,Moderate,100,None,7034.23,Recovered
COVID02700,6,Male,Rajasthan,Jaipur,2021-09-30,Booster,Fatigue,Positive,Yes,14,Moderate,99,Heart Disease,5106.6,Recovered
COVID02061,60,Male,Gujarat,Surat,2021-09-30,Fully Vaccinated,Sore Throat,Positive,No,24,Moderate,95,None,698.93,Recovered
COVID00434,24,Female,Maharashtra,Pune,2021-10-01,Fully Vaccinated,Fatigue,Positive,No,18,Mild,98,None,519.17,Recovered
COVID00979,65,Male,Gujarat,Surat,2021-10-01,Fully Vaccinated,Loss of Taste/Smell,Positive,No,15,Mild,93,Diabetes,1738.03,Recovered
COVID04873,76,Male,Gujarat,Vadodara,2021-10-01,Partially Vaccinated,Fatigue,Negative,No,0,None,98,None,386.54,Not Infected
COVID00553,43,Male,Gujarat,Surat,2021-10-01,Booster,Sore Throat,Positive,Yes,28,Moderate,96,None,7138.68,Recovered
COVID02540,57,Female,West Bengal,Durgapur,2021-10-02,Fully Vaccinated,Cough,Positive,Yes,30,Severe,92,Asthma,4955.66,Recovered
COVID03097,38,Other,Tamil Nadu,Coimbatore,2021-10-03,Partially Vaccinated,Sore Throat,Positive,No,28,Mild,97,Asthma,1737.62,Recovered
COVID00122,6,Female,Rajasthan,Jodhpur,2021-10-03,Fully Vaccinated,Sore Throat,Positive,No,11,Mild,99,None,2181.87,Recovered
COVID00866,11,Female,Andhra Pradesh,Vijayawada,2021-10-03,Fully Vaccinated,Cough,Positive,Yes,29,Moderate,99,None,6169.19,Recovered
COVID01236,11,Male,Andhra Pradesh,Guntur,2021-10-03,Booster,Loss of Taste/Smell,Positive,Yes,20,Moderate,98,None,3414.48,Recovered
COVID04260,18,Female,Delhi,New Delhi,2021-10-03,Partially Vaccinated,Cough,Positive,Yes,36,Severe,93,None,4650.07,Recovered
COVID03663,61,Male,West Bengal,Kolkata,2021-10-03,Fully Vaccinated,Fever,Positive,No,28,Mild,97,None,2287.89,Recovered
COVID03306,10,Male,Tamil Nadu,Coimbatore,2021-10-04,Booster,Fever,Positive,No,9,Mild,100,None,381.0,Recovered
COVID02914,33,Female,Delhi,Rohini,2021-10-04,Fully Vaccinated,Fatigue,Positive,Yes,5,Moderate,93,Hypertension,1802.7,Recovered
COVID03589,72,Female,Maharashtra,Nagpur,2021-10-04,Not Vaccinated,Fever,Positive,Yes,21,Severe,98,None,4537.71,Recovered
COVID03379,10,Male,Gujarat,Vadodara,2021-10-04,Partially Vaccinated,Fever,Negative,No,0,None,98,Hypertension,406.51,Not Infected
COVID01597,17,Female,Andhra Pradesh,Guntur,2021-10-04,Fully Vaccinated,Breathing Difficulty,Negative,No,0,None,95,Hypertension,394.67,Not Infected
COVID04524,77,Female,Gujarat,Vadodara,2021-10-05,Not Vaccinated,Breathing Difficulty,Positive,No,33,Critical,89,Heart Disease,1028.53,Recovered
COVID00575,57,Male,West Bengal,Durgapur,2021-10-05,Not Vaccinated,Fatigue,Negative,No,0,None,96,None,148.98,Not Infected
COVID04290,72,Male,Tamil Nadu,Chennai,2021-10-05,Fully Vaccinated,Cough,Positive,Yes,27,Moderate,100,None,4765.14,Recovered
COVID04100,76,Other,Rajasthan,Jodhpur,2021-10-05,Fully Vaccinated,Fatigue,Positive,No,9,Mild,95,Asthma,2108.25,Recovered
COVID03293,47,Female,Karnataka,Bengaluru,2021-10-06,Fully Vaccinated,Fatigue,Negative,No,0,None,97,Diabetes,425.08,Not Infected
COVID04952,11,Female,Rajasthan,Jaipur,2021-10-06,Not Vaccinated,Cough,Positive,No,17,Mild,94,Diabetes,924.23,Recovered
COVID00975,54,Male,Kerala,Kozhikode,2021-10-06,Not Vaccinated,Cough,Positive,No,14,Mild,97,Hypertension,418.74,Recovered
COVID00325,68,Female,Karnataka,Hubballi,2021-10-07,Not Vaccinated,Fatigue,Positive,No,7,Moderate,100,Asthma,2057.09,Recovered
COVID03953,77,Male,Telangana,Nizamabad,2021-10-07,Fully Vaccinated,Loss of Taste/Smell,Negative,No,0,None,100,None,19.93,Not Infected
COVID04323,25,Male,Rajasthan,Udaipur,2021-10-07,Not Vaccinated,Fatigue,Positive,Yes,24,Moderate,93,None,2389.97,Recovered
COVID03264,35,Male,Delhi,Dwarka,2021-10-07,Not Vaccinated,Fever,Positive,Yes,13,Moderate,97,None,6709.32,Recovered
COVID04883,30,Male,Telangana,Nizamabad,2021-10-07,Fully Vaccinated,None,Positive,No,13,Mild,97,None,1776.27,Deceased
COVID01480,63,Female,Telangana,Nizamabad,2021-10-07,Fully Vaccinated,Sore Throat,Negative,No,0,None,100,Multiple,332.2,Not Infected
COVID04441,52,Female,Gujarat,Vadodara,2021-10-07,Fully Vaccinated,Breathing Difficulty,Positive,Yes,12,Moderate,94,Asthma,5686.82,Recovered
COVID03342,25,Female,Maharashtra,Pune,2021-10-08,Not Vaccinated,Loss of Taste/Smell,Positive,Yes,14,Moderate,94,None,4991.52,Recovered
COVID00378,42,Female,Karnataka,Mysuru,2021-10-08,Not Vaccinated,Cough,Positive,Yes,15,Moderate,100,None,5024.66,Recovered
COVID00859,63,Male,Maharashtra,Mumbai,2021-10-08,Not Vaccinated,None,Positive,No,30,Mild,95,Diabetes,980.19,Recovered
COVID00537,10,Female,West Bengal,Howrah,2021-10-08,Fully Vaccinated,Cough,Negative,No,0,None,97,Asthma,429.09,Not Infected
COVID01344,30,Male,Karnataka,Hubballi,2021-10-09,Partially Vaccinated,Cough,Positive,No,14,Mild,98,Heart Disease,1759.34,Recovered
COVID02257,51,Female,Karnataka,Mangaluru,2021-10-09,Fully Vaccinated,Fever,Negative,No,0,None,99,None,401.63,Not Infected
COVID03709,61,Male,Telangana,Warangal,2021-10-09,Booster,Cough,Negative,No,0,None,99,None,212.42,Not Infected
COVID03288,66,Male,Tamil Nadu,Coimbatore,2021-10-09,Fully Vaccinated,Cough,Positive,No,7,Mild,96,Asthma,1170.47,Deceased
COVID03633,64,Male,Gujarat,Vadodara,2021-10-09,Fully Vaccinated,Loss of Taste/Smell,Negative,No,0,None,100,None,44.04,Not Infected
COVID04905,56,Female,Maharashtra,Nashik,2021-10-09,Booster,Cough,Positive,No,24,Mild,97,Multiple,863.67,Recovered
COVID04018,73,Male,Karnataka,Mysuru,2021-10-09,Fully Vaccinated,Fatigue,Negative,No,0,None,98,None,176.82,Not Infected
COVID04091,31,Male,Tamil Nadu,Coimbatore,2021-10-09,Fully Vaccinated,Fatigue,Positive,Yes,13,Severe,94,None,5998.68,Deceased
COVID04543,44,Male,West Bengal,Durgapur,2021-10-09,Partially Vaccinated,Fatigue,Negative,No,0,None,95,Multiple,77.56,Not Infected
COVID02273,16,Female,Delhi,Rohini,2021-10-10,Not Vaccinated,Loss of Taste/Smell,Positive,No,14,Mild,95,None,1951.58,Recovered
COVID01013,58,Female,Andhra Pradesh,Vijayawada,2021-10-10,Partially Vaccinated,Sore Throat,Positive,Yes,25,Moderate,97,Asthma,1567.06,Recovered
COVID01068,64,Male,Delhi,Rohini,2021-10-10,Fully Vaccinated,Cough,Positive,Yes,19,Moderate,93,None,5130.4,Recovered
COVID03459,14,Female,Rajasthan,Jaipur,2021-10-10,Fully Vaccinated,Fatigue,Negative,No,0,None,97,Asthma,169.67,Not Infected
COVID03690,60,Male,Andhra Pradesh,Visakhapatnam,2021-10-11,Fully Vaccinated,None,Positive,No,30,Mild,100,Hypertension,1771.8,Recovered
COVID01858,59,Female,Andhra Pradesh,Visakhapatnam,2021-10-11,Not Vaccinated,Fever,Positive,No,29,Moderate,96,None,1003.75,Recovered
COVID04613,51,Male,Delhi,New Delhi,2021-10-11,Fully Vaccinated,Fatigue,Positive,No,15,Moderate,95,Multiple,1703.54,Recovered
COVID01254,33,Female,Rajasthan,Jodhpur,2021-10-11,Partially Vaccinated,Cough,Negative,No,0,None,99,None,232.9,Not Infected
COVID01209,37,Male,West Bengal,Kolkata,2021-10-11,Fully Vaccinated,Fatigue,Positive,No,28,Mild,95,Hypertension,1699.88,Recovered
COVID04542,24,Male,Kerala,Kozhikode,2021-10-11,Fully Vaccinated,Fever,Negative,No,0,None,98,None,176.14,Not Infected
COVID02991,13,Female,West Bengal,Howrah,2021-10-12,Fully Vaccinated,Cough,Positive,No,6,Mild,99,None,1045.96,Recovered
COVID01032,48,Female,Telangana,Nizamabad,2021-10-13,Fully Vaccinated,Sore Throat,Positive,Yes,42,Severe,95,None,6127.12,Deceased
COVID01019,9,Female,Tamil Nadu,Chennai,2021-10-13,Not Vaccinated,None,Positive,No,36,Severe,96,Hypertension,1415.93,Recovered
COVID03488,79,Male,West Bengal,Durgapur,2021-10-13,Not Vaccinated,Cough,Positive,No,19,Mild,96,Diabetes,364.89,Recovered
COVID03135,25,Male,Telangana,Hyderabad,2021-10-13,Fully Vaccinated,Fatigue,Positive,Yes,21,Severe,93,None,3234.04,Recovered
COVID02026,53,Male,Kerala,Thrissur,2021-10-13,Partially Vaccinated,Cough,Positive,No,23,Mild,94,None,463.47,Recovered
COVID00171,14,Female,Maharashtra,Nagpur,2021-10-13,Fully Vaccinated,Fatigue,Positive,No,21,Mild,97,Asthma,919.97,Recovered
COVID04270,68,Female,Tamil Nadu,Salem,2021-10-14,Fully Vaccinated,Sore Throat,Positive,No,30,Mild,97,None,1154.37,Recovered
COVID03309,34,Other,Karnataka,Mangaluru,2021-10-14,Fully Vaccinated,Sore Throat,Positive,No,21,Mild,96,None,2181.97,Recovered
COVID03170,81,Female,Tamil Nadu,Salem,2021-10-14,Partially Vaccinated,Sore Throat,Positive,No,13,Mild,93,None,1542.8,Recovered
COVID04963,42,Female,Karnataka,Hubballi,2021-10-14,Not Vaccinated,Breathing Difficulty,Positive,No,10,Mild,97,Hypertension,2385.27,Recovered
COVID01279,58,Male,West Bengal,Howrah,2021-10-14,Partially Vaccinated,Cough,Negative,No,0,None,100,None,75.25,Not Infected
COVID01419,80,Other,Maharashtra,Mumbai,2021-10-14,Fully Vaccinated,Cough,Negative,No,0,None,96,Asthma,173.61,Not Infected
COVID02774,7,Female,Delhi,Rohini,2021-10-14,Booster,Fatigue,Negative,No,0,None,99,None,432.55,Not Infected
COVID01661,78,Male,Rajasthan,Jodhpur,2021-10-14,Not Vaccinated,Fatigue,Negative,No,0,None,96,None,333.82,Not Infected
COVID00338,54,Female,West Bengal,Howrah,2021-10-15,Fully Vaccinated,Fever,Positive,No,5,Mild,94,Asthma,1220.76,Recovered
COVID03729,36,Female,Tamil Nadu,Coimbatore,2021-10-15,Fully Vaccinated,Loss of Taste/Smell,Negative,No,0,None,98,Diabetes,235.83,Not Infected
COVID04477,29,Female,Rajasthan,Udaipur,2021-10-15,Partially Vaccinated,Fever,Positive,No,8,Mild,97,None,391.1,Recovered
COVID00742,15,Female,Gujarat,Surat,2021-10-15,Booster,Fever,Positive,No,21,Mild,99,Hypertension,2259.67,Recovered
COVID03087,36,Female,Karnataka,Mysuru,2021-10-15,Partially Vaccinated,Breathing Difficulty,Positive,Yes,19,Moderate,93,Multiple,7498.09,Recovered
COVID04203,35,Female,Rajasthan,Jodhpur,2021-10-15,Fully Vaccinated,Fever,Negative,No,0,None,97,None,85.12,Not Infected
COVID03620,17,Male,Kerala,Thiruvananthapuram,2021-10-15,Not Vaccinated,Fever,Negative,No,0,None,99,Diabetes,427.98,Not Infected
COVID04647,51,Female,Karnataka,Hubballi,2021-10-16,Fully Vaccinated,Cough,Positive,Yes,46,Critical,90,None,2763.38,Deceased
COVID03577,40,Male,Gujarat,Vadodara,2021-10-16,Fully Vaccinated,Cough,Positive,No,23,Mild,94,None,1326.64,Recovered
COVID01620,61,Male,Rajasthan,Udaipur,2021-10-16,Fully Vaccinated,Fever,Positive,Yes,22,Moderate,94,None,5405.45,Recovered
COVID01830,81,Male,Gujarat,Surat,2021-10-16,Fully Vaccinated,Cough,Negative,No,0,None,96,None,214.34,Not Infected
COVID01178,29,Male,Gujarat,Ahmedabad,2021-10-17,Fully Vaccinated,Fatigue,Negative,No,0,None,97,None,333.95,Not Infected
COVID01347,66,Female,Maharashtra,Pune,2021-10-17,Booster,Sore Throat,Positive,Yes,15,Moderate,99,Multiple,3237.97,Recovered
COVID02258,25,Female,Gujarat,Vadodara,2021-10-17,Partially Vaccinated,Fatigue,Negative,No,0,None,100,None,405.48,Not Infected
COVID02820,80,Female,Tamil Nadu,Coimbatore,2021-10-17,Partially Vaccinated,Loss of Taste/Smell,Negative,No,0,None,100,Multiple,185.32,Not Infected
COVID00528,11,Male,Telangana,Warangal,2021-10-17,Booster,Fatigue,Positive,Yes,8,Moderate,96,Diabetes,7438.36,Recovered
COVID02102,8,Female,Karnataka,Mangaluru,2021-10-17,Not Vaccinated,Sore Throat,Positive,No,19,Mild,98,None,632.66,Recovered
COVID00988,37,Male,Telangana,Warangal,2021-10-18,Fully Vaccinated,Fatigue,Negative,No,0,None,97,None,484.35,Not Infected
COVID03510,82,Female,Karnataka,Bengaluru,2021-10-18,Fully Vaccinated,None,Positive,Yes,34,Severe,99,Diabetes,5226.62,Recovered
COVID00600,26,Female,Tamil Nadu,Chennai,2021-10-18,Fully Vaccinated,Fever,Positive,No,27,Mild,96,None,760.72,Recovered
COVID02878,34,Male,Andhra Pradesh,Guntur,2021-10-18,Fully Vaccinated,Fever,Negative,No,0,None,98,Diabetes,0.83,Not Infected
COVID00678,5,Male,Tamil Nadu,Madurai,2021-10-18,Fully Vaccinated,Fever,Positive,No,28,Mild,94,Heart Disease,734.16,Recovered
COVID02589,54,Female,Tamil Nadu,Salem,2021-10-19,Fully Vaccinated,None,Positive,Yes,18,Moderate,97,Diabetes,6693.11,Recovered
COVID00081,22,Male,Delhi,New Delhi,2021-10-19,Fully Vaccinated,Cough,Positive,No,14,Mild,97,Hypertension,825.5,Recovered
COVID01967,65,Male,Maharashtra,Mumbai,2021-10-19,Fully Vaccinated,None,Positive,Yes,38,Severe,98,Hypertension,3226.76,Deceased
COVID01261,47,Other,Tamil Nadu,Coimbatore,2021-10-19,Partially Vaccinated,Fatigue,Positive,No,26,Mild,100,None,2052.15,Recovered
COVID02008,8,Female,Maharashtra,Nagpur,2021-10-20,Partially Vaccinated,None,Positive,Yes,25,Moderate,96,Multiple,7304.84,Recovered
COVID03970,56,Female,Maharashtra,Mumbai,2021-10-20,Not Vaccinated,Cough,Positive,No,30,Mild,96,None,2429.64,Recovered
COVID00625,81,Female,Tamil Nadu,Madurai,2021-10-20,Booster,None,Negative,No,0,None,99,None,324.8,Not Infected
COVID01541,33,Female,Tamil Nadu,Coimbatore,2021-10-20,Fully Vaccinated,Fatigue,Positive,No,5,Mild,98,None,1209.37,Recovered
COVID01907,31,Female,West Bengal,Howrah,2021-10-21,Not Vaccinated,Loss of Taste/Smell,Positive,No,13,Mild,96,Hypertension,1334.81,Recovered
COVID02916,8,Male,Telangana,Nizamabad,2021-10-21,Fully Vaccinated,Cough,Negative,No,0,None,100,None,184.64,Not Infected
COVID02898,11,Female,Tamil Nadu,Coimbatore,2021-10-21,Partially Vaccinated,Cough,Positive,No,7,Mild,99,None,410.4,Recovered
COVID02617,44,Male,Gujarat,Surat,2021-10-21,Fully Vaccinated,None,Positive,Yes,28,Moderate,93,Diabetes,4254.31,Recovered
COVID02415,60,Male,Maharashtra,Pune,2021-10-21,Partially Vaccinated,None,Positive,Yes,15,Moderate,97,None,2925.27,Recovered
COVID01469,14,Female,Rajasthan,Jodhpur,2021-10-22,Partially Vaccinated,Breathing Difficulty,Negative,No,0,None,97,Multiple,145.87,Not Infected
COVID01382,37,Male,Gujarat,Ahmedabad,2021-10-22,Fully Vaccinated,Breathing Difficulty,Positive,No,10,Mild,96,Diabetes,1962.36,Recovered
COVID03967,66,Male,Rajasthan,Jodhpur,2021-10-22,Fully Vaccinated,Loss of Taste/Smell,Negative,No,0,None,98,None,484.9,Not Infected
COVID02988,8,Male,Gujarat,Vadodara,2021-10-23,Fully Vaccinated,Cough,Positive,Yes,5,Moderate,96,None,3957.56,Recovered
COVID02016,71,Female,Telangana,Warangal,2021-10-23,Partially Vaccinated,Fatigue,Negative,No,0,None,100,None,241.98,Not Infected
COVID01205,18,Female,Telangana,Hyderabad,2021-10-24,Fully Vaccinated,Fatigue,Positive,No,23,Moderate,95,None,403.97,Recovered
COVID01667,16,Male,Telangana,Warangal,2021-10-24,Partially Vaccinated,None,Negative,No,0,None,99,Diabetes,259.45,Not Infected
COVID03680,84,Female,Gujarat,Vadodara,2021-10-24,Fully Vaccinated,Loss of Taste/Smell,Positive,No,15,Mild,96,Multiple,499.06,Recovered
COVID00715,76,Male,Delhi,New Delhi,2021-10-24,Not Vaccinated,Cough,Positive,Yes,29,Moderate,93,Asthma,5567.36,Recovered
COVID02566,63,Male,Karnataka,Mangaluru,2021-10-24,Partially Vaccinated,Sore Throat,Positive,Yes,34,Severe,91,Diabetes,3520.89,Deceased
COVID01933,75,Male,Tamil Nadu,Coimbatore,2021-10-24,Fully Vaccinated,Fatigue,Negative,No,0,None,96,Multiple,476.55,Not Infected
COVID01528,21,Female,Karnataka,Bengaluru,2021-10-25,Fully Vaccinated,Fever,Positive,No,13,Mild,100,Hypertension,1093.32,Recovered
COVID03013,31,Male,Rajasthan,Jodhpur,2021-10-25,Fully Vaccinated,Fatigue,Positive,Yes,19,Moderate,93,None,7310.87,Recovered
COVID04333,78,Male,Maharashtra,Nashik,2021-10-26,Fully Vaccinated,None,Positive,Yes,8,Moderate,99,Diabetes,3172.61,Recovered
COVID01837,36,Male,Maharashtra,Nashik,2021-10-26,Fully Vaccinated,Cough,Positive,No,17,Mild,94,None,337.57,Recovered
COVID01680,48,Male,Maharashtra,Pune,2021-10-26,Fully Vaccinated,Loss of Taste/Smell,Positive,Yes,24,Moderate,97,None,7348.21,Recovered
COVID00867,73,Female,Rajasthan,Jaipur,2021-10-26,Fully Vaccinated,Loss of Taste/Smell,Positive,Yes,30,Severe,97,Diabetes,3397.95,Deceased
COVID02618,19,Female,Andhra Pradesh,Vijayawada,2021-10-26,Not Vaccinated,Fatigue,Positive,No,14,Mild,99,Asthma,1473.55,Recovered
COVID02982,9,Female,Kerala,Thrissur,2021-10-26,Not Vaccinated,Fever,Positive,No,23,Mild,94,Diabetes,504.67,Recovered
COVID01154,35,Male,Maharashtra,Mumbai,2021-10-27,Partially Vaccinated,Fatigue,Positive,No,19,Mild,93,Heart Disease,1296.1,Recovered
COVID03295,22,Female,Andhra Pradesh,Visakhapatnam,2021-10-27,Booster,Breathing Difficulty,Positive,No,18,Moderate,94,None,1945.55,Recovered
COVID03186,6,Female,Telangana,Nizamabad,2021-10-27,Partially Vaccinated,Cough,Positive,Yes,25,Moderate,93,Multiple,4755.04,Recovered
COVID03875,34,Female,Andhra Pradesh,Guntur,2021-10-27,Partially Vaccinated,None,Positive,Yes,20,Severe,89,None,6716.84,Recovered
COVID04156,28,Male,Maharashtra,Nagpur,2021-10-27,Not Vaccinated,Loss of Taste/Smell,Positive,No,27,Mild,95,None,2491.49,Recovered
COVID00087,15,Female,Maharashtra,Nashik,2021-10-27,Booster,None,Positive,Yes,42,Critical,92,Diabetes,6222.52,Recovered
COVID04357,6,Male,Andhra Pradesh,Vijayawada,2021-10-28,Not Vaccinated,Sore Throat,Positive,No,13,Moderate,100,None,1383.25,Recovered
COVID00346,25,Female,Gujarat,Vadodara,2021-10-28,Not Vaccinated,Loss of Taste/Smell,Positive,Yes,19,Moderate,97,None,3254.02,Recovered
COVID02924,84,Female,Tamil Nadu,Chennai,2021-10-28,Fully Vaccinated,None,Positive,No,19,Mild,95,Diabetes,1080.95,Recovered
COVID03451,11,Female,Gujarat,Surat,2021-10-28,Fully Vaccinated,Fever,Negative,No,0,None,97,None,241.61,Not Infected
COVID00568,68,Female,Maharashtra,Mumbai,2021-10-28,Partially Vaccinated,Loss of Taste/Smell,Negative,No,0,None,99,None,177.14,Not Infected
COVID00014,9,Female,Maharashtra,Pune,2021-10-29,Fully Vaccinated,Fever,Positive,No,20,Moderate,95,None,2422.98,Recovered
COVID00019,52,Male,Andhra Pradesh,Vijayawada,2021-10-29,Fully Vaccinated,Fatigue,Positive,Yes,29,Moderate,97,None,4589.53,Recovered
COVID01587,57,Female,Gujarat,Ahmedabad,2021-10-29,Fully Vaccinated,Fatigue,Positive,No,22,Mild,93,None,2248.73,Recovered
COVID00301,17,Male,Telangana,Hyderabad,2021-10-29,Fully Vaccinated,Fever,Positive,No,26,Mild,99,None,1108.0,Recovered
COVID01972,80,Male,Karnataka,Bengaluru,2021-10-29,Not Vaccinated,None,Negative,No,0,None,99,None,469.52,Not Infected
COVID04392,63,Female,Gujarat,Vadodara,2021-10-29,Not Vaccinated,Fatigue,Negative,No,0,None,99,None,39.5,Not Infected
COVID02892,68,Female,Tamil Nadu,Chennai,2021-10-29,Fully Vaccinated,Cough,Positive,No,23,Mild,100,Hypertension,1459.99,Recovered
COVID03796,6,Male,Gujarat,Vadodara,2021-10-30,Partially Vaccinated,Sore Throat,Positive,Yes,35,Severe,99,None,2306.25,Recovered
COVID01594,60,Female,Andhra Pradesh,Guntur,2021-10-30,Not Vaccinated,None,Positive,No,12,Mild,93,Diabetes,2048.72,Recovered
COVID00492,41,Female,Delhi,New Delhi,2021-10-30,Not Vaccinated,Fever,Positive,No,15,Mild,94,None,1172.36,Recovered
COVID01387,62,Male,Kerala,Kozhikode,2021-10-31,Partially Vaccinated,Loss of Taste/Smell,Positive,Yes,29,Severe,89,Hypertension,4655.06,Deceased
COVID01948,10,Male,Andhra Pradesh,Visakhapatnam,2021-10-31,Fully Vaccinated,Cough,Positive,No,16,Mild,96,None,2081.65,Recovered
COVID04903,10,Female,Andhra Pradesh,Guntur,2021-10-31,Partially Vaccinated,Sore Throat,Negative,No,0,None,97,None,89.4,Not Infected
COVID00881,81,Male,Tamil Nadu,Coimbatore,2021-10-31,Fully Vaccinated,Loss of Taste/Smell,Negative,No,0,None,96,Multiple,371.0,Not Infected
COVID02318,75,Male,Gujarat,Ahmedabad,2021-11-01,Booster,Cough,Positive,No,29,Moderate,100,Multiple,1171.29,Recovered
COVID01407,81,Female,Tamil Nadu,Coimbatore,2021-11-01,Not Vaccinated,None,Positive,No,21,Mild,95,Hypertension,2292.28,Recovered
COVID03525,20,Male,Telangana,Nizamabad,2021-11-01,Fully Vaccinated,Sore Throat,Negative,No,0,None,97,None,240.65,Not Infected
COVID02845,15,Female,Maharashtra,Nashik,2021-11-02,Fully Vaccinated,Sore Throat,Negative,No,0,None,98,None,157.16,Not Infected
COVID00593,41,Female,Maharashtra,Nashik,2021-11-02,Fully Vaccinated,Cough,Negative,No,0,None,97,Hypertension,69.58,Not Infected
COVID04961,22,Female,West Bengal,Durgapur,2021-11-02,Partially Vaccinated,Cough,Positive,No,21,Mild,97,None,572.54,Recovered
COVID02547,83,Male,Telangana,Hyderabad,2021-11-02,Fully Vaccinated,Fever,Positive,Yes,6,Moderate,93,Diabetes,5084.93,Recovered
COVID01619,11,Female,Kerala,Thiruvananthapuram,2021-11-02,Booster,Fatigue,Positive,No,16,Mild,100,None,1070.95,Recovered
COVID02765,69,Female,Andhra Pradesh,Vijayawada,2021-11-02,Not Vaccinated,Fever,Negative,No,0,None,95,None,268.86,Not Infected
COVID00506,47,Female,Andhra Pradesh,Visakhapatnam,2021-11-02,Fully Vaccinated,Fatigue,Positive,No,11,Mild,97,None,2051.48,Recovered
COVID00481,23,Female,Kerala,Thrissur,2021-11-02,Fully Vaccinated,Sore Throat,Positive,No,27,Mild,97,Asthma,961.93,Recovered
COVID02767,11,Male,Maharashtra,Nagpur,2021-11-02,Fully Vaccinated,None,Positive,Yes,33,Severe,97,Multiple,1553.84,Recovered
COVID02328,11,Male,West Bengal,Durgapur,2021-11-02,Not Vaccinated,Loss of Taste/Smell,Positive,Yes,28,Moderate,93,None,5471.8,Recovered
COVID00848,59,Female,Kerala,Kochi,2021-11-02,Fully Vaccinated,Sore Throat,Negative,No,0,None,95,None,362.51,Not Infected
COVID04645,45,Female,Gujarat,Ahmedabad,2021-11-03,Fully Vaccinated,Fever,Negative,No,0,None,97,None,116.48,Not Infected
COVID02750,53,Female,Maharashtra,Pune,2021-11-03,Fully Vaccinated,Fever,Negative,No,0,None,95,Hypertension,409.38,Not Infected
COVID00813,20,Male,Karnataka,Hubballi,2021-11-03,Fully Vaccinated,Fatigue,Negative,No,0,None,97,None,305.93,Not Infected
COVID00160,57,Male,Gujarat,Surat,2021-11-03,Not Vaccinated,Fever,Positive,No,21,Mild,98,None,440.71,Deceased
COVID01196,36,Male,West Bengal,Howrah,2021-11-04,Fully Vaccinated,Cough,Positive,No,25,Mild,100,Diabetes,716.47,Recovered
COVID01184,71,Male,Andhra Pradesh,Vijayawada,2021-11-04,Booster,Sore Throat,Positive,Yes,7,Moderate,98,None,7333.98,Recovered
COVID00746,42,Male,Karnataka,Hubballi,2021-11-04,Partially Vaccinated,Loss of Taste/Smell,Negative,No,0,None,100,None,377.53,Not Infected
COVID04966,48,Male,Maharashtra,Nagpur,2021-11-04,Not Vaccinated,Sore Throat,Positive,No,30,Moderate,95,Multiple,1453.11,Recovered
COVID01665,73,Female,Gujarat,Vadodara,2021-11-04,Not Vaccinated,Fever,Positive,No,14,Mild,96,Heart Disease,668.77,Recovered
COVID03360,79,Male,West Bengal,Kolkata,2021-11-04,Partially Vaccinated,Sore Throat,Negative,No,0,None,96,None,282.57,Not Infected
COVID03984,22,Female,Andhra Pradesh,Guntur,2021-11-04,Fully Vaccinated,Loss of Taste/Smell,Negative,No,0,None,97,None,133.67,Not Infected
COVID02024,7,Female,West Bengal,Durgapur,2021-11-05,Partially Vaccinated,None,Positive,No,11,Moderate,98,Hypertension,1562.78,Recovered
COVID02477,64,Male,Kerala,Kochi,2021-11-05,Fully Vaccinated,None,Positive,Yes,45,Severe,90,None,7045.92,Recovered
COVID00999,17,Female,Karnataka,Mysuru,2021-11-05,Not Vaccinated,Cough,Positive,No,14,Severe,98,None,1921.98,Recovered
COVID03770,51,Female,Rajasthan,Jaipur,2021-11-05,Booster,Cough,Positive,No,18,Mild,99,None,403.27,Recovered
COVID01437,23,Male,Gujarat,Surat,2021-11-05,Partially Vaccinated,Cough,Positive,No,12,Mild,98,None,958.52,Recovered
COVID00932,78,Other,Maharashtra,Pune,2021-11-05,Not Vaccinated,Cough,Positive,No,12,Mild,96,None,1734.4,Recovered
COVID03294,81,Male,Andhra Pradesh,Guntur,2021-11-05,Fully Vaccinated,Sore Throat,Positive,No,6,Mild,94,Asthma,1909.28,Deceased
COVID03917,51,Female,Kerala,Thrissur,2021-11-05,Fully Vaccinated,Cough,Positive,Yes,17,Severe,100,None,7429.02,Recovered
COVID02548,80,Female,Kerala,Kozhikode,2021-11-05,Fully Vaccinated,Sore Throat,Positive,No,25,Mild,98,None,1290.21,Recovered
COVID01833,57,Male,West Bengal,Durgapur,2021-11-06,Fully Vaccinated,Sore Throat,Negative,No,0,None,95,Diabetes,13.02,Not Infected
COVID00354,81,Female,West Bengal,Howrah,2021-11-06,Fully Vaccinated,Sore Throat,Positive,No,22,Mild,95,None,588.81,Recovered
COVID02256,43,Female,Delhi,Dwarka,2021-11-07,Fully Vaccinated,None,Positive,No,23,Moderate,93,None,424.71,Recovered
COVID02390,7,Female,Karnataka,Mysuru,2021-11-07,Fully Vaccinated,Sore Throat,Negative,No,0,None,96,None,492.73,Not Infected
COVID03516,6,Female,Tamil Nadu,Chennai,2021-11-07,Fully Vaccinated,Loss of Taste/Smell,Negative,No,0,None,95,None,76.2,Not Infected
COVID00025,58,Male,West Bengal,Howrah,2021-11-07,Not Vaccinated,Breathing Difficulty,Positive,Yes,13,Moderate,96,None,4739.25,Recovered
COVID03621,69,Male,Telangana,Warangal,2021-11-07,Fully Vaccinated,Breathing Difficulty,Negative,No,0,None,99,None,392.03,Not Infected
COVID04840,73,Male,Maharashtra,Nashik,2021-11-07,Fully Vaccinated,Sore Throat,Positive,No,14,Mild,96,Heart Disease,1715.88,Recovered
COVID04019,48,Female,West Bengal,Kolkata,2021-11-07,Booster,Breathing Difficulty,Positive,No,28,Mild,94,None,2478.14,Recovered
COVID00838,71,Female,Delhi,New Delhi,2021-11-08,Fully Vaccinated,Breathing Difficulty,Positive,Yes,39,Severe,100,None,7774.78,Recovered
COVID03041,43,Female,Tamil Nadu,Chennai,2021-11-08,Booster,Fatigue,Positive,Yes,27,Moderate,93,Asthma,7406.13,Recovered
COVID02177,32,Male,Delhi,New Delhi,2021-11-08,Fully Vaccinated,Sore Throat,Positive,Yes,29,Moderate,96,Asthma,6984.53,Recovered
COVID04565,50,Female,Karnataka,Bengaluru,2021-11-08,Fully Vaccinated,Sore Throat,Negative,No,0,None,99,Multiple,7.24,Not Infected
COVID01994,19,Female,West Bengal,Howrah,2021-11-08,Fully Vaccinated,Fever,Positive,No,20,Mild,96,None,904.76,Recovered
COVID02819,23,Male,West Bengal,Kolkata,2021-11-08,Fully Vaccinated,Sore Throat,Positive,No,17,Severe,92,Asthma,2129.95,Recovered
COVID01284,25,Female,Gujarat,Surat,2021-11-08,Booster,Sore Throat,Negative,No,0,None,96,Heart Disease,34.96,Not Infected
COVID00637,35,Female,Karnataka,Hubballi,2021-11-08,Partially Vaccinated,Cough,Negative,No,0,None,96,None,424.16,Not Infected
COVID00832,21,Female,Tamil Nadu,Chennai,2021-11-09,Fully Vaccinated,Fatigue,Positive,No,23,Mild,96,Diabetes,2280.31,Recovered
COVID03676,73,Female,Andhra Pradesh,Guntur,2021-11-09,Not Vaccinated,None,Positive,Yes,14,Moderate,94,None,3350.14,Recovered
COVID00841,27,Male,Delhi,Dwarka,2021-11-09,Not Vaccinated,Fever,Negative,No,0,None,100,None,228.97,Not Infected
COVID01940,24,Female,Andhra Pradesh,Visakhapatnam,2021-11-09,Fully Vaccinated,Fever,Positive,Yes,6,Moderate,97,None,7292.29,Recovered
COVID00844,14,Female,Maharashtra,Pune,2021-11-09,Partially Vaccinated,Loss of Taste/Smell,Positive,No,29,Moderate,100,Asthma,321.02,Recovered
COVID02684,73,Female,Gujarat,Vadodara,2021-11-09,Partially Vaccinated,Fever,Negative,No,0,None,95,Asthma,314.11,Not Infected
COVID04603,83,Male,West Bengal,Durgapur,2021-11-09,Not Vaccinated,Fever,Positive,No,13,Mild,98,None,1136.58,Deceased
COVID01383,30,Female,Karnataka,Hubballi,2021-11-10,Not Vaccinated,Loss of Taste/Smell,Negative,No,0,None,97,None,68.01,Not Infected
COVID01085,65,Male,Gujarat,Surat,2021-11-10,Fully Vaccinated,Breathing Difficulty,Positive,No,29,Mild,94,None,1662.21,Recovered
COVID02038,8,Male,Maharashtra,Nagpur,2021-11-10,Fully Vaccinated,Breathing Difficulty,Negative,No,0,None,99,Hypertension,368.94,Not Infected
COVID04965,24,Male,Tamil Nadu,Salem,2021-11-10,Fully Vaccinated,Sore Throat,Positive,Yes,30,Moderate,94,None,6465.91,Recovered
COVID01489,56,Female,Tamil Nadu,Coimbatore,2021-11-10,Not Vaccinated,Sore Throat,Negative,No,0,None,97,Diabetes,291.86,Not Infected
COVID01401,55,Male,Gujarat,Vadodara,2021-11-10,Booster,None,Positive,No,14,Moderate,95,None,1294.52,Recovered
COVID03131,64,Male,Andhra Pradesh,Guntur,2021-11-10,Fully Vaccinated,Loss of Taste/Smell,Negative,No,0,None,100,None,372.49,Not Infected
COVID00223,83,Male,West Bengal,Howrah,2021-11-11,Fully Vaccinated,Cough,Positive,No,14,Mild,100,Diabetes,1851.11,Deceased
COVID04809,52,Male,Tamil Nadu,Salem,2021-11-11,Fully Vaccinated,Cough,Positive,No,17,Mild,94,Hypertension,1813.25,Recovered
COVID01527,75,Male,Rajasthan,Jaipur,2021-11-11,Not Vaccinated,Cough,Negative,No,0,None,99,Hypertension,338.58,Not Infected
COVID01080,75,Female,Delhi,Dwarka,2021-11-11,Not Vaccinated,Sore Throat,Positive,Yes,24,Moderate,96,None,1529.83,Recovered
COVID00601,52,Male,Telangana,Hyderabad,2021-11-11,Fully Vaccinated,None,Positive,No,29,Mild,100,None,416.05,Recovered
COVID02612,14,Female,Karnataka,Hubballi,2021-11-11,Partially Vaccinated,Breathing Difficulty,Positive,No,6,Mild,100,None,1968.14,Recovered
COVID00817,17,Male,Gujarat,Vadodara,2021-11-11,Partially Vaccinated,Fatigue,Positive,No,12,Mild,93,Heart Disease,992.68,Recovered
COVID00840,65,Female,Gujarat,Ahmedabad,2021-11-12,Fully Vaccinated,Cough,Negative,No,0,None,97,None,117.66,Not Infected
COVID02423,76,Female,Andhra Pradesh,Visakhapatnam,2021-11-13,Not Vaccinated,Sore Throat,Negative,No,0,None,99,None,195.59,Not Infected
COVID04365,42,Female,Andhra Pradesh,Guntur,2021-11-13,Fully Vaccinated,Fever,Positive,Yes,40,Severe,89,None,5426.02,Deceased
COVID04722,75,Male,West Bengal,Durgapur,2021-11-13,Fully Vaccinated,Cough,Positive,Yes,8,Moderate,93,Hypertension,7821.5,Recovered
COVID04775,64,Male,Andhra Pradesh,Guntur,2021-11-14,Booster,Sore Throat,Negative,No,0,None,100,Hypertension,171.52,Not Infected
COVID01673,49,Male,Maharashtra,Mumbai,2021-11-14,Partially Vaccinated,Loss of Taste/Smell,Positive,No,26,Moderate,97,Hypertension,979.45,Recovered
COVID02650,17,Female,Delhi,Rohini,2021-11-14,Booster,Cough,Negative,No,0,None,97,None,163.66,Not Infected
COVID03601,8,Male,Tamil Nadu,Salem,2021-11-14,Fully Vaccinated,Breathing Difficulty,Positive,No,27,Severe,94,None,1636.31,Recovered
COVID00986,40,Female,Kerala,Thiruvananthapuram,2021-11-14,Fully Vaccinated,Sore Throat,Positive,No,27,Mild,99,None,415.38,Recovered
COVID04713,16,Male,Delhi,New Delhi,2021-11-14,Fully Vaccinated,Sore Throat,Negative,No,0,None,98,Diabetes,486.68,Not Infected
COVID00258,6,Female,Maharashtra,Nagpur,2021-11-14,Fully Vaccinated,Fatigue,Positive,Yes,20,Moderate,99,Hypertension,5136.14,Recovered
COVID04625,72,Female,Andhra Pradesh,Visakhapatnam,2021-11-14,Fully Vaccinated,Loss of Taste/Smell,Positive,No,27,Mild,96,None,1006.03,Recovered
COVID00934,27,Female,Tamil Nadu,Coimbatore,2021-11-14,Partially Vaccinated,Sore Throat,Positive,Yes,28,Severe,97,None,2984.48,Recovered
COVID01873,63,Female,Telangana,Nizamabad,2021-11-14,Fully Vaccinated,Loss of Taste/Smell,Negative,No,0,None,99,None,309.71,Not Infected
COVID02065,57,Male,Maharashtra,Mumbai,2021-11-15,Booster,Sore Throat,Positive,No,15,Moderate,97,None,2076.69,Recovered
COVID02416,68,Male,Telangana,Warangal,2021-11-15,Not Vaccinated,Cough,Positive,Yes,26,Moderate,96,None,1765.54,Deceased
COVID01363,12,Male,Gujarat,Vadodara,2021-11-15,Fully Vaccinated,Loss of Taste/Smell,Negative,No,0,None,100,None,406.16,Not Infected
COVID02129,57,Female,Kerala,Kochi,2021-11-15,Partially Vaccinated,Cough,Positive,Yes,14,Moderate,93,Heart Disease,3411.91,Recovered
COVID01876,51,Male,Tamil Nadu,Salem,2021-11-15,Fully Vaccinated,Sore Throat,Negative,No,0,None,98,None,325.67,Not Infected
COVID03123,18,Female,Tamil Nadu,Madurai,2021-11-16,Not Vaccinated,Cough,Negative,No,0,None,100,None,103.87,Not Infected
COVID01295,29,Female,Rajasthan,Udaipur,2021-11-16,Booster,Loss of Taste/Smell,Positive,No,7,Moderate,94,None,959.55,Recovered
COVID02797,51,Female,Delhi,Rohini,2021-11-16,Fully Vaccinated,Cough,Negative,No,0,None,95,None,198.27,Not Infected
COVID02020,73,Female,West Bengal,Howrah,2021-11-17,Partially Vaccinated,Fever,Negative,No,0,None,97,None,2.76,Not Infected
COVID04373,9,Female,Gujarat,Vadodara,2021-11-17,Partially Vaccinated,None,Positive,No,10,Moderate,96,Hypertension,2342.87,Recovered
COVID04419,76,Female,Tamil Nadu,Madurai,2021-11-18,Booster,Fatigue,Negative,No,0,None,98,Hypertension,106.91,Not Infected
COVID01111,20,Female,Delhi,New Delhi,2021-11-18,Booster,Fatigue,Negative,No,0,None,97,Multiple,226.66,Not Infected
COVID01624,63,Female,Andhra Pradesh,Guntur,2021-11-18,Fully Vaccinated,Breathing Difficulty,Negative,No,0,None,98,Hypertension,443.25,Not Infected
COVID00863,8,Male,Rajasthan,Jodhpur,2021-11-18,Not Vaccinated,Cough,Positive,Yes,37,Severe,88,None,5366.88,Deceased
COVID03002,5,Male,West Bengal,Durgapur,2021-11-18,Not Vaccinated,Fatigue,Positive,No,7,Mild,93,None,1415.86,Recovered
COVID00290,10,Female,Tamil Nadu,Madurai,2021-11-18,Partially Vaccinated,Fever,Negative,No,0,None,100,None,319.29,Not Infected
COVID02508,19,Female,Andhra Pradesh,Vijayawada,2021-11-18,Not Vaccinated,Cough,Negative,No,0,None,97,Hypertension,232.6,Not Infected
COVID01562,33,Female,Tamil Nadu,Madurai,2021-11-19,Fully Vaccinated,Fever,Negative,No,0,None,96,Heart Disease,373.13,Not Infected
COVID00266,5,Female,Kerala,Thiruvananthapuram,2021-11-19,Fully Vaccinated,None,Positive,No,5,Mild,93,None,311.2,Recovered
COVID03760,60,Male,Maharashtra,Nashik,2021-11-19,Booster,Fever,Positive,No,23,Mild,100,Hypertension,1111.58,Recovered
COVID04891,23,Male,Rajasthan,Jodhpur,2021-11-19,Not Vaccinated,Fatigue,Negative,No,0,None,97,None,149.25,Not Infected
COVID04595,62,Male,Tamil Nadu,Coimbatore,2021-11-20,Partially Vaccinated,Fever,Positive,No,25,Mild,93,Asthma,1163.25,Recovered
COVID04375,49,Female,Kerala,Thrissur,2021-11-20,Not Vaccinated,Fever,Positive,No,27,Mild,98,None,2137.95,Recovered
COVID01879,59,Male,Maharashtra,Pune,2021-11-20,Not Vaccinated,Sore Throat,Positive,No,14,Mild,100,Multiple,841.1,Recovered
COVID03349,23,Female,West Bengal,Kolkata,2021-11-20,Not Vaccinated,None,Positive,No,10,Mild,96,Asthma,1129.83,Recovered
COVID00741,16,Male,Kerala,Thiruvananthapuram,2021-11-20,Fully Vaccinated,Cough,Positive,Yes,21,Moderate,94,Asthma,2049.95,Recovered
COVID04639,20,Male,Gujarat,Surat,2021-11-20,Fully Vaccinated,Fatigue,Positive,No,13,Mild,98,None,459.85,Recovered
COVID03947,85,Female,Rajasthan,Udaipur,2021-11-20,Not Vaccinated,None,Positive,No,20,Mild,93,None,1850.83,Recovered
COVID04311,51,Female,Delhi,New Delhi,2021-11-22,Not Vaccinated,Fatigue,Positive,Yes,14,Moderate,93,Multiple,5830.55,Recovered
COVID04328,9,Other,Gujarat,Ahmedabad,2021-11-22,Partially Vaccinated,None,Positive,No,6,Mild,95,None,1530.13,Recovered
COVID00307,22,Male,Kerala,Kochi,2021-11-22,Not Vaccinated,Cough,Positive,No,5,Mild,94,Asthma,356.3,Recovered
COVID03883,76,Female,Kerala,Kochi,2021-11-22,Fully Vaccinated,Cough,Positive,No,21,Mild,96,Heart Disease,2015.94,Recovered
COVID04829,50,Female,Kerala,Kochi,2021-11-22,Partially Vaccinated,None,Positive,No,14,Mild,93,Diabetes,2077.03,Recovered
COVID03668,29,Male,Kerala,Thiruvananthapuram,2021-11-22,Not Vaccinated,Loss of Taste/Smell,Positive,No,50,Critical,95,None,1446.13,Recovered
COVID04634,16,Female,Gujarat,Ahmedabad,2021-11-22,Fully Vaccinated,Loss of Taste/Smell,Positive,No,14,Mild,94,None,498.08,Recovered
COVID02624,43,Male,Telangana,Nizamabad,2021-11-23,Not Vaccinated,Sore Throat,Positive,No,14,Mild,95,Diabetes,493.45,Recovered
COVID02266,81,Male,Telangana,Hyderabad,2021-11-23,Partially Vaccinated,Cough,Positive,Yes,10,Moderate,100,Hypertension,6549.3,Recovered
COVID00233,57,Female,Karnataka,Mangaluru,2021-11-23,Partially Vaccinated,Fever,Positive,No,30,Mild,93,Heart Disease,664.33,Recovered
COVID02413,19,Male,Andhra Pradesh,Visakhapatnam,2021-11-24,Fully Vaccinated,Sore Throat,Positive,No,22,Mild,95,None,882.99,Recovered
COVID01067,30,Male,Tamil Nadu,Salem,2021-11-24,Fully Vaccinated,Loss of Taste/Smell,Positive,No,12,Mild,97,Asthma,1973.32,Recovered
COVID00356,35,Female,Andhra Pradesh,Guntur,2021-11-24,Booster,Fatigue,Negative,No,0,None,98,Multiple,320.75,Not Infected
COVID00335,8,Male,Rajasthan,Jodhpur,2021-11-24,Fully Vaccinated,Fatigue,Positive,No,30,Mild,100,Hypertension,707.96,Recovered
COVID03520,80,Male,Kerala,Thiruvananthapuram,2021-11-25,Fully Vaccinated,Fatigue,Positive,No,29,Moderate,94,None,2072.56,Recovered
COVID04737,82,Male,West Bengal,Howrah,2021-11-25,Fully Vaccinated,Fever,Negative,No,0,None,100,Diabetes,312.26,Not Infected
COVID01726,10,Male,Telangana,Warangal,2021-11-25,Partially Vaccinated,Cough,Positive,No,19,Mild,98,None,494.25,Recovered
COVID03530,13,Male,Delhi,New Delhi,2021-11-26,Fully Vaccinated,Cough,Positive,No,14,Moderate,93,None,787.22,Recovered
COVID01018,52,Female,Delhi,Rohini,2021-11-26,Partially Vaccinated,Cough,Negative,No,0,None,100,None,402.11,Not Infected
COVID02052,35,Male,Rajasthan,Jodhpur,2021-11-26,Partially Vaccinated,Cough,Negative,No,0,None,97,None,304.1,Not Infected
COVID01696,67,Female,Maharashtra,Nagpur,2021-11-26,Partially Vaccinated,Cough,Positive,No,14,Mild,100,Asthma,1675.18,Recovered
COVID01365,9,Female,Kerala,Thiruvananthapuram,2021-11-26,Fully Vaccinated,Cough,Positive,No,9,Mild,95,Hypertension,1815.45,Recovered
COVID02929,71,Female,Maharashtra,Pune,2021-11-27,Fully Vaccinated,Fever,Positive,No,24,Mild,99,None,946.04,Recovered
COVID04338,42,Male,Tamil Nadu,Salem,2021-11-27,Booster,Cough,Positive,No,24,Mild,100,Multiple,1557.58,Recovered
COVID04929,9,Female,Tamil Nadu,Madurai,2021-11-27,Fully Vaccinated,Cough,Positive,No,21,Mild,95,Asthma,722.97,Recovered
COVID03046,76,Female,Karnataka,Mangaluru,2021-11-27,Partially Vaccinated,None,Positive,No,26,Mild,94,Heart Disease,2311.14,Recovered
COVID00391,51,Male,West Bengal,Kolkata,2021-11-27,Fully Vaccinated,Cough,Positive,No,18,Mild,100,None,2485.66,Recovered
COVID03549,44,Female,Delhi,Rohini,2021-11-27,Fully Vaccinated,Fever,Positive,No,11,Mild,95,Hypertension,2460.46,Recovered
COVID02713,21,Male,West Bengal,Howrah,2021-11-28,Not Vaccinated,Fatigue,Negative,No,0,None,98,Hypertension,79.6,Not Infected
COVID04806,41,Male,Rajasthan,Jodhpur,2021-11-28,Partially Vaccinated,None,Positive,No,21,Mild,98,None,2220.57,Recovered
COVID01854,84,Female,Andhra Pradesh,Guntur,2021-11-29,Fully Vaccinated,Breathing Difficulty,Positive,Yes,12,Moderate,100,None,5823.52,Deceased
COVID02050,30,Female,Gujarat,Ahmedabad,2021-11-29,Fully Vaccinated,None,Positive,Yes,16,Moderate,94,None,2129.67,Recovered
COVID01601,73,Female,Maharashtra,Pune,2021-11-29,Fully Vaccinated,Fatigue,Positive,Yes,31,Severe,96,None,2930.52,Deceased
COVID01406,26,Male,Delhi,Dwarka,2021-11-29,Fully Vaccinated,None,Positive,No,9,Mild,94,None,496.5,Recovered
COVID00964,74,Female,Delhi,Rohini,2021-11-30,Not Vaccinated,Loss of Taste/Smell,Positive,Yes,7,Moderate,97,None,6467.74,Deceased
COVID02863,17,Female,Kerala,Kochi,2021-11-30,Fully Vaccinated,Cough,Positive,No,19,Mild,95,None,2034.2,Recovered
COVID03059,7,Female,Rajasthan,Jaipur,2021-11-30,Partially Vaccinated,Fever,Positive,No,7,Mild,100,None,884.63,Recovered
COVID03767,6,Female,Kerala,Kozhikode,2021-11-30,Partially Vaccinated,Fever,Positive,Yes,23,Moderate,93,None,6429.83,Recovered
COVID03364,73,Male,Gujarat,Vadodara,2021-11-30,Fully Vaccinated,Cough,Negative,No,0,None,98,None,494.53,Not Infected
COVID01233,6,Female,Delhi,New Delhi,2021-11-30,Partially Vaccinated,Sore Throat,Negative,No,0,None,97,None,220.85,Not Infected
COVID02923,25,Female,Telangana,Nizamabad,2021-12-01,Fully Vaccinated,Fever,Negative,No,0,None,97,Asthma,237.03,Not Infected
COVID04501,68,Male,Delhi,New Delhi,2021-12-01,Fully Vaccinated,None,Negative,No,0,None,99,Multiple,293.83,Not Infected
COVID03912,17,Male,Kerala,Kochi,2021-12-01,Partially Vaccinated,None,Negative,No,0,None,97,None,117.19,Not Infected
COVID03613,6,Male,Rajasthan,Jaipur,2021-12-01,Fully Vaccinated,Loss of Taste/Smell,Negative,No,0,None,100,Asthma,285.17,Not Infected
COVID01309,82,Male,West Bengal,Durgapur,2021-12-02,Fully Vaccinated,Sore Throat,Positive,Yes,17,Moderate,98,Diabetes,7048.72,Recovered
COVID04570,48,Female,Delhi,Rohini,2021-12-02,Not Vaccinated,Cough,Negative,No,0,None,95,Diabetes,137.15,Not Infected
COVID01693,7,Male,Gujarat,Vadodara,2021-12-02,Not Vaccinated,Sore Throat,Positive,No,25,Mild,94,None,2426.05,Recovered
COVID01331,75,Female,Delhi,New Delhi,2021-12-02,Not Vaccinated,Loss of Taste/Smell,Negative,No,0,None,97,Asthma,73.07,Not Infected
COVID03840,85,Female,Maharashtra,Nashik,2021-12-03,Not Vaccinated,Fatigue,Negative,No,0,None,96,Diabetes,62.19,Not Infected
COVID04393,10,Male,Gujarat,Surat,2021-12-03,Not Vaccinated,Sore Throat,Negative,No,0,None,100,None,18.31,Not Infected
COVID00842,31,Male,West Bengal,Kolkata,2021-12-03,Fully Vaccinated,Sore Throat,Negative,No,0,None,95,Hypertension,94.5,Not Infected
COVID00113,51,Female,Telangana,Nizamabad,2021-12-03,Partially Vaccinated,Fatigue,Negative,No,0,None,98,None,29.38,Not Infected
COVID02141,14,Female,Maharashtra,Nashik,2021-12-04,Not Vaccinated,Cough,Positive,Yes,30,Moderate,95,None,2783.32,Recovered
COVID03202,35,Male,Maharashtra,Nashik,2021-12-04,Fully Vaccinated,Fever,Negative,No,0,None,100,Hypertension,261.71,Not Infected
COVID01573,38,Male,Kerala,Thiruvananthapuram,2021-12-04,Partially Vaccinated,None,Positive,No,36,Severe,97,Asthma,465.46,Recovered
COVID02938,76,Male,Gujarat,Vadodara,2021-12-04,Fully Vaccinated,Fatigue,Positive,No,8,Mild,95,Hypertension,546.67,Recovered
COVID00885,47,Male,Rajasthan,Udaipur,2021-12-04,Fully Vaccinated,Sore Throat,Negative,No,0,None,99,Asthma,170.81,Not Infected
COVID03591,61,Female,Tamil Nadu,Chennai,2021-12-04,Booster,Fever,Positive,No,14,Mild,97,Multiple,422.49,Recovered
COVID01765,46,Female,Telangana,Hyderabad,2021-12-05,Not Vaccinated,Cough,Positive,No,21,Mild,98,None,391.13,Recovered
COVID00996,19,Male,Rajasthan,Jodhpur,2021-12-05,Not Vaccinated,Loss of Taste/Smell,Positive,Yes,30,Moderate,99,None,7999.29,Recovered
COVID00466,58,Male,Rajasthan,Jodhpur,2021-12-05,Partially Vaccinated,Fatigue,Positive,Yes,26,Severe,89,Diabetes,2826.38,Recovered
COVID04789,57,Male,Gujarat,Vadodara,2021-12-05,Fully Vaccinated,Fatigue,Positive,No,20,Moderate,93,Multiple,355.2,Recovered
COVID00657,28,Female,Delhi,Dwarka,2021-12-06,Not Vaccinated,Fatigue,Negative,No,0,None,95,None,321.07,Not Infected
COVID00003,58,Male,Gujarat,Vadodara,2021-12-06,Fully Vaccinated,Cough,Negative,No,0,None,99,None,86.23,Not Infected
COVID01757,75,Male,Telangana,Warangal,2021-12-07,Fully Vaccinated,Fever,Positive,No,16,Mild,95,None,1235.88,Recovered
COVID02717,27,Other,Andhra Pradesh,Guntur,2021-12-07,Fully Vaccinated,Breathing Difficulty,Positive,No,29,Mild,97,Diabetes,1443.82,Recovered
COVID02427,59,Male,Andhra Pradesh,Guntur,2021-12-07,Not Vaccinated,Cough,Positive,Yes,26,Severe,99,Asthma,2995.82,Recovered
COVID03438,17,Male,Kerala,Thiruvananthapuram,2021-12-07,Partially Vaccinated,Fever,Positive,Yes,13,Moderate,98,Hypertension,6828.31,Recovered
COVID03445,44,Male,Delhi,Rohini,2021-12-07,Fully Vaccinated,Fatigue,Positive,Yes,25,Severe,96,Hypertension,5292.4,Recovered
COVID03881,71,Female,West Bengal,Howrah,2021-12-07,Fully Vaccinated,Cough,Negative,No,0,None,99,Diabetes,157.28,Not Infected
COVID01982,19,Male,Karnataka,Mysuru,2021-12-08,Booster,Sore Throat,Negative,No,0,None,100,None,198.11,Not Infected
COVID01243,75,Male,Gujarat,Surat,2021-12-08,Fully Vaccinated,Fatigue,Negative,No,0,None,96,Diabetes,497.98,Not Infected
COVID02949,15,Male,Delhi,Dwarka,2021-12-08,Not Vaccinated,Cough,Positive,No,25,Mild,96,None,576.9,Recovered
COVID01282,45,Male,Gujarat,Surat,2021-12-08,Fully Vaccinated,Fatigue,Positive,No,23,Mild,94,None,1868.52,Recovered
COVID02821,58,Female,Gujarat,Ahmedabad,2021-12-08,Not Vaccinated,Loss of Taste/Smell,Positive,No,11,Mild,100,Asthma,1788.92,Recovered
COVID00809,26,Female,Kerala,Kozhikode,2021-12-09,Not Vaccinated,None,Positive,No,12,Mild,93,Asthma,2380.37,Recovered
COVID00870,34,Female,Maharashtra,Mumbai,2021-12-09,Fully Vaccinated,Breathing Difficulty,Positive,No,27,Mild,96,None,2188.48,Recovered
COVID01214,65,Male,Telangana,Warangal,2021-12-10,Fully Vaccinated,Fever,Negative,No,0,None,97,Hypertension,477.72,Not Infected
COVID01981,56,Female,Maharashtra,Mumbai,2021-12-10,Fully Vaccinated,Fatigue,Negative,No,0,None,100,None,215.1,Not Infected
COVID01770,76,Male,Gujarat,Ahmedabad,2021-12-10,Fully Vaccinated,Fever,Positive,No,28,Critical,98,Asthma,1446.5,Recovered
COVID02638,85,Male,Rajasthan,Jodhpur,2021-12-11,Fully Vaccinated,Loss of Taste/Smell,Negative,No,0,None,99,Heart Disease,170.13,Not Infected
COVID03969,24,Male,Andhra Pradesh,Vijayawada,2021-12-11,Not Vaccinated,Fatigue,Positive,No,8,Mild,99,Hypertension,1107.22,Recovered
COVID00159,80,Female,Rajasthan,Jaipur,2021-12-11,Fully Vaccinated,Fatigue,Positive,No,17,Moderate,99,None,1904.75,Recovered
COVID04533,23,Male,Delhi,Rohini,2021-12-11,Not Vaccinated,Fatigue,Positive,No,28,Mild,94,None,982.01,Recovered
COVID00485,26,Female,Gujarat,Vadodara,2021-12-11,Not Vaccinated,Breathing Difficulty,Negative,No,0,None,97,None,29.75,Not Infected
COVID04151,41,Male,Tamil Nadu,Salem,2021-12-11,Not Vaccinated,None,Positive,No,13,Mild,95,None,1952.27,Recovered
COVID04577,49,Female,Karnataka,Mangaluru,2021-12-11,Fully Vaccinated,Sore Throat,Positive,No,28,Mild,98,None,482.26,Recovered
COVID04057,70,Female,Tamil Nadu,Madurai,2021-12-11,Partially Vaccinated,Fatigue,Positive,No,7,Moderate,95,Multiple,1532.24,Recovered
COVID03431,51,Female,Tamil Nadu,Chennai,2021-12-12,Fully Vaccinated,Loss of Taste/Smell,Positive,No,27,Mild,93,Hypertension,1006.7,Recovered
COVID03444,55,Other,Tamil Nadu,Salem,2021-12-12,Fully Vaccinated,None,Negative,No,0,None,100,None,410.4,Not Infected
COVID01626,16,Male,Rajasthan,Jodhpur,2021-12-12,Fully Vaccinated,Loss of Taste/Smell,Positive,Yes,18,Moderate,99,Hypertension,3565.01,Recovered
COVID04000,32,Female,Kerala,Kochi,2021-12-12,Fully Vaccinated,Loss of Taste/Smell,Negative,No,0,None,95,None,259.95,Not Infected
COVID03622,20,Female,Gujarat,Surat,2021-12-12,Fully Vaccinated,Loss of Taste/Smell,Positive,No,10,Mild,95,None,521.49,Recovered
COVID01208,10,Male,Telangana,Hyderabad,2021-12-12,Fully Vaccinated,Cough,Positive,No,22,Mild,96,Hypertension,2134.0,Recovered
COVID00536,85,Male,Karnataka,Bengaluru,2021-12-12,Not Vaccinated,Cough,Positive,No,9,Mild,96,None,865.0,Recovered
COVID02601,22,Female,Andhra Pradesh,Visakhapatnam,2021-12-13,Booster,Loss of Taste/Smell,Positive,Yes,35,Severe,89,None,2134.72,Recovered
COVID04767,21,Male,West Bengal,Kolkata,2021-12-13,Booster,Sore Throat,Positive,No,14,Mild,93,Multiple,564.41,Recovered
COVID03141,69,Female,Andhra Pradesh,Visakhapatnam,2021-12-13,Fully Vaccinated,None,Positive,No,30,Moderate,97,Diabetes,334.21,Deceased
COVID01961,47,Male,Tamil Nadu,Madurai,2021-12-13,Booster,Cough,Positive,Yes,8,Moderate,98,Diabetes,1562.88,Recovered
COVID02855,71,Female,Tamil Nadu,Chennai,2021-12-14,Fully Vaccinated,Cough,Negative,No,0,None,100,Heart Disease,389.41,Not Infected
COVID01889,51,Male,Rajasthan,Jodhpur,2021-12-14,Not Vaccinated,Fever,Positive,Yes,19,Severe,88,None,3343.06,Recovered
COVID03000,79,Female,Delhi,Dwarka,2021-12-14,Partially Vaccinated,Sore Throat,Negative,No,0,None,95,Diabetes,214.03,Not Infected
COVID03340,28,Male,Kerala,Kozhikode,2021-12-15,Fully Vaccinated,Breathing Difficulty,Positive,Yes,24,Moderate,100,Hypertension,2891.75,Recovered
COVID03183,73,Female,Andhra Pradesh,Vijayawada,2021-12-15,Partially Vaccinated,Sore Throat,Negative,No,0,None,100,None,269.28,Not Infected
COVID00740,59,Male,Gujarat,Ahmedabad,2021-12-15,Not Vaccinated,None,Positive,Yes,12,Moderate,100,None,5805.66,Recovered
COVID03251,69,Male,Tamil Nadu,Coimbatore,2021-12-15,Fully Vaccinated,Loss of Taste/Smell,Negative,No,0,None,98,None,175.9,Not Infected
COVID00884,76,Male,Gujarat,Vadodara,2021-12-15,Fully Vaccinated,Loss of Taste/Smell,Positive,Yes,12,Moderate,93,None,7616.24,Recovered
COVID00815,21,Female,Andhra Pradesh,Guntur,2021-12-16,Fully Vaccinated,Cough,Positive,Yes,45,Critical,95,Diabetes,1896.42,Deceased
COVID04836,67,Male,West Bengal,Durgapur,2021-12-16,Fully Vaccinated,None,Positive,No,15,Moderate,100,Diabetes,757.22,Deceased
COVID00578,21,Female,Maharashtra,Nashik,2021-12-16,Fully Vaccinated,Fatigue,Positive,No,28,Mild,93,Multiple,568.24,Recovered
COVID01838,32,Male,Telangana,Warangal,2021-12-16,Booster,Loss of Taste/Smell,Positive,Yes,6,Moderate,98,None,3142.83,Recovered
COVID00430,19,Male,Karnataka,Mysuru,2021-12-16,Fully Vaccinated,Sore Throat,Positive,No,18,Mild,94,Multiple,1042.85,Recovered
COVID02602,70,Male,Karnataka,Mangaluru,2021-12-16,Not Vaccinated,Breathing Difficulty,Positive,No,12,Mild,98,Multiple,2374.36,Deceased
COVID03829,54,Female,Andhra Pradesh,Visakhapatnam,2021-12-16,Fully Vaccinated,Fever,Positive,Yes,10,Moderate,94,Hypertension,3130.22,Recovered
COVID01399,40,Female,Rajasthan,Jaipur,2021-12-16,Partially Vaccinated,Fatigue,Positive,No,20,Mild,94,None,2249.75,Recovered
COVID03727,19,Female,Andhra Pradesh,Vijayawada,2021-12-17,Fully Vaccinated,Fever,Positive,No,25,Severe,91,None,2074.37,Recovered
COVID00074,28,Male,Telangana,Nizamabad,2021-12-17,Booster,Sore Throat,Positive,No,21,Mild,100,None,1666.95,Recovered
COVID03846,26,Female,Rajasthan,Udaipur,2021-12-17,Fully Vaccinated,Fatigue,Positive,No,8,Mild,94,None,719.17,Recovered
COVID01461,73,Male,Andhra Pradesh,Visakhapatnam,2021-12-17,Fully Vaccinated,Cough,Positive,Yes,12,Moderate,99,None,6342.5,Recovered
COVID03380,70,Male,Andhra Pradesh,Vijayawada,2021-12-17,Fully Vaccinated,Fever,Positive,No,24,Mild,96,Diabetes,2451.85,Deceased
COVID00022,69,Male,Tamil Nadu,Chennai,2021-12-17,Fully Vaccinated,Cough,Negative,No,0,None,98,Heart Disease,321.29,Not Infected
COVID02817,7,Male,Gujarat,Ahmedabad,2021-12-17,Booster,Breathing Difficulty,Negative,No,0,None,97,None,178.31,Not Infected
COVID03225,61,Male,Maharashtra,Pune,2021-12-17,Fully Vaccinated,Cough,Negative,No,0,None,96,None,7.84,Not Infected
COVID03658,81,Male,Gujarat,Surat,2021-12-17,Fully Vaccinated,Fatigue,Positive,No,12,Mild,93,Hypertension,1212.8,Recovered
COVID03745,83,Female,Tamil Nadu,Coimbatore,2021-12-18,Booster,Breathing Difficulty,Negative,No,0,None,99,Asthma,320.83,Not Infected
COVID01627,52,Male,Rajasthan,Jaipur,2021-12-18,Partially Vaccinated,Fatigue,Positive,No,6,Mild,98,Diabetes,680.97,Recovered
COVID04306,10,Male,Andhra Pradesh,Vijayawada,2021-12-18,Fully Vaccinated,Loss of Taste/Smell,Negative,No,0,None,98,None,113.59,Not Infected
COVID01439,43,Female,Telangana,Nizamabad,2021-12-18,Partially Vaccinated,None,Negative,No,0,None,98,Diabetes,442.27,Not Infected
COVID03058,46,Male,Kerala,Thiruvananthapuram,2021-12-18,Not Vaccinated,Breathing Difficulty,Positive,No,18,Mild,97,Asthma,1684.04,Recovered
COVID03610,48,Female,West Bengal,Durgapur,2021-12-18,Fully Vaccinated,Sore Throat,Positive,No,20,Mild,100,None,853.15,Recovered
COVID00237,82,Female,Delhi,Dwarka,2021-12-19,Fully Vaccinated,Sore Throat,Negative,No,0,None,98,Hypertension,139.49,Not Infected
COVID02340,49,Male,Gujarat,Surat,2021-12-19,Booster,Sore Throat,Negative,No,0,None,97,None,212.59,Not Infected
COVID01128,48,Female,Maharashtra,Pune,2021-12-19,Booster,Cough,Negative,No,0,None,100,None,12.15,Not Infected
COVID03227,38,Female,Maharashtra,Nagpur,2021-12-19,Partially Vaccinated,Loss of Taste/Smell,Negative,No,0,None,97,Diabetes,347.71,Not Infected
COVID01201,71,Female,West Bengal,Howrah,2021-12-19,Not Vaccinated,Loss of Taste/Smell,Negative,No,0,None,96,Multiple,29.95,Not Infected
COVID04391,20,Male,Kerala,Kozhikode,2021-12-19,Partially Vaccinated,Sore Throat,Positive,Yes,9,Moderate,96,Heart Disease,7363.84,Recovered
COVID00134,68,Male,Andhra Pradesh,Vijayawada,2021-12-20,Fully Vaccinated,Breathing Difficulty,Positive,No,9,Mild,95,None,822.96,Deceased
COVID01171,39,Male,Gujarat,Surat,2021-12-20,Fully Vaccinated,None,Positive,No,30,Mild,98,Diabetes,1757.5,Recovered
COVID03629,50,Female,Delhi,Rohini,2021-12-20,Not Vaccinated,Cough,Positive,Yes,5,Moderate,95,Multiple,3961.11,Recovered
COVID03661,62,Female,Maharashtra,Nashik,2021-12-20,Fully Vaccinated,Fever,Positive,Yes,27,Moderate,100,Hypertension,5939.6,Recovered
COVID04346,44,Female,Karnataka,Hubballi,2021-12-20,Partially Vaccinated,Loss of Taste/Smell,Positive,Yes,13,Moderate,95,None,3171.26,Recovered
COVID01841,83,Male,Rajasthan,Udaipur,2021-12-21,Not Vaccinated,Cough,Negative,No,0,None,100,None,385.87,Not Infected
COVID01959,39,Female,Gujarat,Ahmedabad,2021-12-21,Fully Vaccinated,Fatigue,Negative,No,0,None,99,None,425.12,Not Infected
COVID04343,79,Female,Karnataka,Mysuru,2021-12-21,Booster,Fatigue,Negative,No,0,None,95,None,137.92,Not Infected
COVID00336,33,Male,Maharashtra,Nashik,2021-12-21,Fully Vaccinated,None,Positive,No,22,Mild,100,None,633.88,Recovered
COVID03353,72,Male,West Bengal,Durgapur,2021-12-21,Fully Vaccinated,Loss of Taste/Smell,Negative,No,0,None,96,Heart Disease,238.87,Not Infected
COVID00795,54,Other,West Bengal,Durgapur,2021-12-22,Fully Vaccinated,Loss of Taste/Smell,Negative,No,0,None,97,None,312.4,Not Infected
COVID04201,58,Male,Gujarat,Ahmedabad,2021-12-22,Not Vaccinated,Sore Throat,Positive,Yes,35,Severe,89,Asthma,3990.44,Recovered
COVID04163,26,Female,West Bengal,Kolkata,2021-12-22,Fully Vaccinated,None,Positive,No,26,Mild,96,Hypertension,1513.37,Recovered
COVID04036,52,Male,Tamil Nadu,Madurai,2021-12-22,Not Vaccinated,None,Negative,No,0,None,99,None,81.94,Not Infected
COVID02595,14,Female,Delhi,Dwarka,2021-12-22,Booster,Fatigue,Positive,No,23,Mild,93,Hypertension,1378.95,Recovered
COVID04733,30,Female,Kerala,Kozhikode,2021-12-22,Booster,Cough,Negative,No,0,None,98,Diabetes,489.54,Not Infected
COVID01645,60,Female,Kerala,Thrissur,2021-12-22,Booster,Loss of Taste/Smell,Negative,No,0,None,99,Hypertension,204.4,Not Infected
COVID01076,67,Female,Gujarat,Ahmedabad,2021-12-22,Booster,Cough,Positive,No,5,Moderate,97,None,749.2,Deceased
COVID02655,9,Male,Maharashtra,Nagpur,2021-12-23,Fully Vaccinated,Fever,Positive,No,10,Moderate,97,Diabetes,2486.62,Recovered
COVID04814,20,Male,Tamil Nadu,Madurai,2021-12-23,Not Vaccinated,Cough,Positive,No,27,Mild,96,Asthma,680.05,Recovered
COVID00394,16,Female,Rajasthan,Jaipur,2021-12-23,Fully Vaccinated,Sore Throat,Positive,No,28,Mild,99,Diabetes,1872.99,Recovered
COVID02953,56,Female,Karnataka,Bengaluru,2021-12-23,Partially Vaccinated,Fever,Positive,No,15,Mild,93,None,1941.8,Recovered
COVID04072,43,Female,Maharashtra,Pune,2021-12-24,Fully Vaccinated,Fever,Positive,No,27,Mild,96,None,671.36,Recovered
COVID03054,58,Female,Telangana,Nizamabad,2021-12-24,Not Vaccinated,Breathing Difficulty,Positive,No,25,Mild,93,Multiple,2148.93,Recovered
COVID03854,35,Male,Andhra Pradesh,Visakhapatnam,2021-12-24,Partially Vaccinated,Sore Throat,Positive,Yes,33,Severe,95,None,7520.38,Recovered
COVID00468,21,Male,Karnataka,Hubballi,2021-12-25,Fully Vaccinated,None,Positive,No,30,Mild,98,None,1243.52,Recovered
COVID04813,65,Male,Andhra Pradesh,Vijayawada,2021-12-25,Not Vaccinated,Sore Throat,Negative,No,0,None,100,None,124.04,Not Infected
COVID02035,7,Male,Maharashtra,Pune,2021-12-25,Partially Vaccinated,Loss of Taste/Smell,Positive,No,6,Mild,95,Hypertension,2042.55,Recovered
COVID04249,36,Female,Maharashtra,Nashik,2021-12-25,Not Vaccinated,Fever,Negative,No,0,None,96,None,430.0,Not Infected
COVID01217,84,Male,Tamil Nadu,Salem,2021-12-25,Partially Vaccinated,Fever,Positive,No,10,Mild,97,None,1419.24,Recovered
COVID03585,29,Male,Maharashtra,Nagpur,2021-12-26,Partially Vaccinated,Loss of Taste/Smell,Negative,No,0,None,98,None,187.61,Not Infected
COVID00067,44,Female,Kerala,Kozhikode,2021-12-26,Fully Vaccinated,Loss of Taste/Smell,Negative,No,0,None,95,None,322.9,Not Infected
COVID00786,69,Female,Maharashtra,Pune,2021-12-26,Fully Vaccinated,Fatigue,Negative,No,0,None,98,None,205.87,Not Infected
COVID04702,66,Female,Tamil Nadu,Salem,2021-12-27,Booster,Cough,Positive,No,30,Mild,97,None,1610.55,Recovered
COVID02075,30,Male,Kerala,Thiruvananthapuram,2021-12-27,Fully Vaccinated,Loss of Taste/Smell,Positive,No,27,Mild,94,Diabetes,1945.4,Recovered
COVID03896,59,Female,Andhra Pradesh,Visakhapatnam,2021-12-27,Fully Vaccinated,Fatigue,Positive,Yes,9,Moderate,97,None,6583.12,Recovered
COVID02278,9,Female,Gujarat,Ahmedabad,2021-12-28,Not Vaccinated,Sore Throat,Positive,No,23,Mild,94,Diabetes,699.57,Recovered
COVID01793,73,Female,Karnataka,Bengaluru,2021-12-28,Not Vaccinated,Breathing Difficulty,Positive,Yes,32,Severe,97,None,6024.11,Recovered
COVID03778,56,Female,West Bengal,Durgapur,2021-12-28,Fully Vaccinated,Cough,Positive,Yes,25,Moderate,98,None,5622.98,Recovered
COVID03892,84,Male,Andhra Pradesh,Vijayawada,2021-12-29,Not Vaccinated,Breathing Difficulty,Positive,No,17,Moderate,97,None,2493.84,Deceased
COVID03338,42,Male,West Bengal,Durgapur,2021-12-30,Fully Vaccinated,Fever,Negative,No,0,None,100,None,275.74,Not Infected
COVID01216,83,Female,Rajasthan,Udaipur,2021-12-30,Fully Vaccinated,Loss of Taste/Smell,Positive,No,15,Mild,96,None,1009.7,Recovered
COVID00446,78,Female,Karnataka,Mysuru,2021-12-30,Partially Vaccinated,Loss of Taste/Smell,Positive,No,18,Mild,99,Diabetes,459.89,Recovered
COVID02094,42,Other,West Bengal,Durgapur,2021-12-30,Partially Vaccinated,Fever,Positive,No,15,Moderate,97,Diabetes,1416.45,Recovered
COVID03731,44,Female,Maharashtra,Nagpur,2021-12-31,Partially Vaccinated,Fatigue,Positive,No,17,Mild,93,None,846.67,Recovered
COVID04224,45,Male,Telangana,Nizamabad,2021-12-31,Not Vaccinated,Sore Throat,Positive,Yes,12,Moderate,99,None,4635.99,Recovered
COVID02237,56,Female,Kerala,Kochi,2021-12-31,Fully Vaccinated,Cough,Negative,No,0,None,100,None,57.25,Not Infected
COVID01357,16,Male,Delhi,New Delhi,2021-12-31,Fully Vaccinated,Fever,Negative,No,0,None,98,None,213.55,Not Infected
COVID00347,17,Male,Maharashtra,Nagpur,2022-01-01,Partially Vaccinated,Fever,Negative,No,0,None,97,Hypertension,382.86,Not Infected
COVID04971,17,Male,Andhra Pradesh,Guntur,2022-01-01,Fully Vaccinated,Cough,Positive,No,22,Mild,96,Asthma,1122.47,Recovered
COVID01904,65,Female,Delhi,Dwarka,2022-01-01,Not Vaccinated,Loss of Taste/Smell,Negative,No,0,None,97,Multiple,129.11,Not Infected
COVID03410,64,Female,West Bengal,Kolkata,2022-01-01,Not Vaccinated,None,Positive,No,43,Critical,92,Asthma,1059.94,Deceased
COVID03644,51,Female,Maharashtra,Nashik,2022-01-01,Fully Vaccinated,None,Positive,Yes,10,Moderate,93,None,3147.15,Recovered
COVID01008,59,Female,Gujarat,Ahmedabad,2022-01-01,Partially Vaccinated,Sore Throat,Positive,Yes,31,Severe,89,Multiple,3031.24,Recovered
COVID04945,60,Male,Rajasthan,Jaipur,2022-01-01,Fully Vaccinated,Cough,Negative,No,0,None,95,Multiple,99.87,Not Infected
COVID04044,77,Female,Kerala,Kochi,2022-01-01,Fully Vaccinated,None,Positive,No,27,Mild,99,Heart Disease,1386.86,Recovered
COVID01702,57,Female,Kerala,Kozhikode,2022-01-02,Fully Vaccinated,Fever,Negative,No,0,None,100,None,193.96,Not Infected
COVID01040,17,Male,Rajasthan,Jodhpur,2022-01-02,Not Vaccinated,Fever,Positive,No,11,Moderate,97,Hypertension,1749.15,Recovered
COVID03347,36,Male,Andhra Pradesh,Guntur,2022-01-02,Fully Vaccinated,Fatigue,Positive,No,17,Mild,100,None,2221.0,Recovered
COVID01051,74,Male,Tamil Nadu,Madurai,2022-01-02,Fully Vaccinated,Loss of Taste/Smell,Positive,No,26,Mild,93,None,746.26,Recovered
COVID01958,19,Female,Rajasthan,Jaipur,2022-01-03,Booster,Breathing Difficulty,Positive,No,6,Mild,96,Hypertension,628.86,Recovered
COVID04252,22,Male,Rajasthan,Jodhpur,2022-01-03,Booster,Fever,Positive,Yes,15,Moderate,95,None,3942.58,Recovered
COVID03453,15,Male,West Bengal,Kolkata,2022-01-03,Not Vaccinated,Fatigue,Positive,No,23,Mild,100,None,1026.48,Recovered
COVID04995,79,Male,Rajasthan,Jodhpur,2022-01-03,Fully Vaccinated,Sore Throat,Positive,No,16,Mild,96,None,2308.94,Deceased
COVID03545,61,Male,Rajasthan,Udaipur,2022-01-03,Not Vaccinated,Sore Throat,Positive,Yes,41,Severe,91,Multiple,7626.18,Recovered
COVID03600,71,Male,Kerala,Kozhikode,2022-01-03,Partially Vaccinated,Sore Throat,Negative,No,0,None,98,None,440.08,Not Infected
COVID00916,81,Male,Telangana,Nizamabad,2022-01-03,Partially Vaccinated,Fever,Positive,Yes,11,Severe,90,Hypertension,3971.7,Deceased
COVID02771,66,Female,Kerala,Kochi,2022-01-03,Not Vaccinated,Fatigue,Positive,No,12,Moderate,93,None,1442.67,Recovered
COVID00764,26,Male,West Bengal,Kolkata,2022-01-04,Fully Vaccinated,Cough,Positive,Yes,11,Moderate,99,None,6562.12,Recovered
COVID02935,35,Male,Tamil Nadu,Coimbatore,2022-01-04,Fully Vaccinated,Sore Throat,Positive,Yes,9,Moderate,96,None,2399.76,Recovered
COVID03801,39,Male,Gujarat,Vadodara,2022-01-04,Fully Vaccinated,Breathing Difficulty,Positive,No,7,Mild,94,None,345.11,Recovered
COVID04139,31,Female,Tamil Nadu,Madurai,2022-01-04,Partially Vaccinated,Fatigue,Positive,Yes,24,Severe,93,Asthma,2167.28,Recovered
COVID04778,46,Male,Delhi,New Delhi,2022-01-04,Fully Vaccinated,Loss of Taste/Smell,Negative,No,0,None,99,None,279.15,Not Infected
COVID04824,13,Male,West Bengal,Howrah,2022-01-05,Partially Vaccinated,Cough,Positive,No,14,Mild,99,Diabetes,1402.18,Recovered
COVID02171,38,Female,Maharashtra,Mumbai,2022-01-05,Fully Vaccinated,Loss of Taste/Smell,Positive,Yes,12,Moderate,98,None,2383.23,Recovered
COVID00355,60,Male,Rajasthan,Udaipur,2022-01-06,Partially Vaccinated,Sore Throat,Negative,No,0,None,96,Hypertension,165.94,Not Infected
COVID03030,80,Male,Delhi,Dwarka,2022-01-06,Booster,Sore Throat,Positive,No,13,Mild,99,None,1730.87,Recovered
COVID03859,14,Female,Karnataka,Mysuru,2022-01-06,Partially Vaccinated,Fatigue,Negative,No,0,None,95,None,77.02,Not Infected
COVID02962,31,Male,Kerala,Kochi,2022-01-06,Booster,Fatigue,Positive,No,37,Severe,92,Asthma,1778.87,Recovered
COVID04388,40,Other,Gujarat,Surat,2022-01-06,Fully Vaccinated,None,Positive,No,10,Mild,94,None,629.33,Recovered
COVID03843,52,Female,Kerala,Thrissur,2022-01-06,Fully Vaccinated,Fatigue,Positive,No,12,Mild,96,Hypertension,934.74,Recovered
COVID03744,64,Female,West Bengal,Kolkata,2022-01-07,Fully Vaccinated,None,Positive,Yes,12,Moderate,93,None,6765.18,Recovered
COVID00648,38,Male,West Bengal,Kolkata,2022-01-07,Booster,Loss of Taste/Smell,Positive,No,19,Mild,98,Heart Disease,908.62,Recovered
COVID02493,41,Male,Maharashtra,Nagpur,2022-01-07,Fully Vaccinated,Cough,Positive,No,29,Mild,93,None,773.14,Recovered
COVID04768,41,Female,Karnataka,Mysuru,2022-01-07,Not Vaccinated,Fever,Negative,No,0,None,98,None,434.95,Not Infected
COVID02940,30,Other,Telangana,Warangal,2022-01-08,Not Vaccinated,Sore Throat,Positive,Yes,21,Moderate,99,Hypertension,2088.19,Recovered
COVID01204,44,Male,Delhi,New Delhi,2022-01-08,Fully Vaccinated,Cough,Positive,No,16,Mild,98,None,2337.28,Recovered
COVID02699,51,Female,Andhra Pradesh,Guntur,2022-01-08,Fully Vaccinated,Loss of Taste/Smell,Positive,No,7,Moderate,97,None,2210.8,Recovered
COVID03833,59,Male,Kerala,Thrissur,2022-01-08,Fully Vaccinated,None,Positive,No,39,Severe,95,Asthma,470.5,Recovered
COVID00527,37,Female,Delhi,Dwarka,2022-01-08,Not Vaccinated,Loss of Taste/Smell,Negative,No,0,None,95,Hypertension,324.46,Not Infected
COVID02209,53,Male,Rajasthan,Udaipur,2022-01-08,Fully Vaccinated,Fatigue,Positive,No,28,Moderate,97,Hypertension,2498.95,Recovered
COVID00629,43,Male,Andhra Pradesh,Guntur,2022-01-08,Partially Vaccinated,None,Positive,No,20,Mild,99,Hypertension,1042.17,Recovered
COVID01969,72,Female,Delhi,Rohini,2022-01-09,Booster,Breathing Difficulty,Positive,Yes,8,Moderate,98,None,7628.08,Deceased
COVID00373,64,Male,Kerala,Kozhikode,2022-01-09,Not Vaccinated,None,Negative,No,0,None,95,None,399.59,Not Infected
COVID01312,39,Female,Karnataka,Hubballi,2022-01-10,Partially Vaccinated,Fatigue,Positive,Yes,39,Severe,89,None,4654.04,Recovered
COVID01574,11,Male,West Bengal,Howrah,2022-01-10,Booster,Fatigue,Positive,Yes,30,Severe,90,Heart Disease,7074.98,Deceased
COVID01929,55,Female,Rajasthan,Jaipur,2022-01-10,Partially Vaccinated,Cough,Positive,Yes,26,Severe,95,Diabetes,1783.7,Recovered
COVID01083,39,Male,Maharashtra,Nagpur,2022-01-10,Fully Vaccinated,Sore Throat,Negative,No,0,None,100,Multiple,374.65,Not Infected
COVID01851,52,Female,West Bengal,Howrah,2022-01-11,Fully Vaccinated,Loss of Taste/Smell,Negative,No,0,None,97,None,416.91,Not Infected
COVID01467,26,Female,West Bengal,Howrah,2022-01-11,Not Vaccinated,Sore Throat,Positive,Yes,32,Severe,91,None,7527.76,Recovered
COVID04600,69,Female,Tamil Nadu,Chennai,2022-01-12,Fully Vaccinated,None,Positive,No,9,Mild,97,Hypertension,1088.97,Recovered
COVID02630,20,Male,Gujarat,Surat,2022-01-12,Partially Vaccinated,Breathing Difficulty,Positive,Yes,18,Moderate,95,Diabetes,3751.53,Recovered
COVID00511,71,Female,Maharashtra,Nashik,2022-01-12,Booster,Fatigue,Positive,No,16,Mild,99,None,518.32,Recovered
COVID00875,70,Female,Tamil Nadu,Salem,2022-01-13,Booster,Cough,Positive,No,13,Moderate,94,None,2488.91,Recovered
COVID02140,30,Other,Kerala,Kochi,2022-01-13,Not Vaccinated,Loss of Taste/Smell,Negative,No,0,None,99,None,388.78,Not Infected
COVID04017,59,Male,Andhra Pradesh,Guntur,2022-01-13,Partially Vaccinated,None,Positive,Yes,21,Severe,94,Hypertension,7498.47,Recovered
COVID04560,12,Female,Tamil Nadu,Coimbatore,2022-01-13,Fully Vaccinated,None,Positive,No,29,Mild,100,None,1097.82,Recovered
COVID00469,79,Female,Maharashtra,Nagpur,2022-01-13,Booster,Breathing Difficulty,Positive,Yes,5,Moderate,100,Multiple,3579.35,Recovered
COVID00796,37,Male,Delhi,Rohini,2022-01-13,Partially Vaccinated,Fatigue,Negative,No,0,None,98,None,353.26,Not Infected
COVID04254,17,Male,Delhi,Dwarka,2022-01-13,Booster,Loss of Taste/Smell,Positive,No,11,Mild,95,Hypertension,1247.87,Recovered
COVID02189,68,Male,Andhra Pradesh,Visakhapatnam,2022-01-14,Partially Vaccinated,Fever,Positive,Yes,29,Moderate,93,Diabetes,6017.68,Deceased
COVID02433,54,Male,Rajasthan,Jodhpur,2022-01-14,Fully Vaccinated,Fatigue,Negative,No,0,None,96,None,279.0,Not Infected
COVID03038,53,Other,Rajasthan,Udaipur,2022-01-14,Fully Vaccinated,None,Positive,No,11,Moderate,96,None,886.65,Recovered
COVID00518,65,Male,Telangana,Hyderabad,2022-01-14,Partially Vaccinated,Loss of Taste/Smell,Negative,No,0,None,96,Hypertension,269.12,Not Infected
COVID03513,80,Female,Andhra Pradesh,Guntur,2022-01-14,Not Vaccinated,Breathing Difficulty,Positive,Yes,16,Moderate,94,Hypertension,4190.1,Recovered
COVID04643,31,Female,Andhra Pradesh,Vijayawada,2022-01-14,Partially Vaccinated,Loss of Taste/Smell,Positive,No,40,Severe,90,Asthma,761.12,Recovered
COVID03081,10,Male,Andhra Pradesh,Visakhapatnam,2022-01-14,Not Vaccinated,Sore Throat,Positive,No,15,Mild,93,Asthma,854.73,Recovered
COVID00810,20,Female,Rajasthan,Udaipur,2022-01-14,Fully Vaccinated,Fever,Negative,No,0,None,97,None,238.44,Not Infected
COVID02718,50,Male,Maharashtra,Pune,2022-01-14,Partially Vaccinated,Cough,Negative,No,0,None,100,Heart Disease,259.09,Not Infected
COVID00950,52,Female,Maharashtra,Nagpur,2022-01-14,Not Vaccinated,Breathing Difficulty,Positive,Yes,24,Severe,100,Heart Disease,3412.08,Deceased
COVID02128,63,Male,Karnataka,Mangaluru,2022-01-14,Fully Vaccinated,Fever,Positive,Yes,39,Severe,98,None,5435.91,Recovered
COVID01082,80,Female,Gujarat,Vadodara,2022-01-15,Fully Vaccinated,Fatigue,Negative,No,0,None,96,None,271.94,Not Infected
COVID01526,37,Male,Delhi,New Delhi,2022-01-15,Not Vaccinated,None,Positive,No,7,Mild,95,None,404.53,Recovered
COVID01270,31,Female,Telangana,Warangal,2022-01-15,Not Vaccinated,Fever,Positive,Yes,35,Severe,97,Diabetes,4146.98,Recovered
COVID01616,44,Female,Tamil Nadu,Salem,2022-01-16,Fully Vaccinated,Fatigue,Positive,No,5,Moderate,98,Hypertension,775.22,Recovered
COVID01271,12,Male,Maharashtra,Pune,2022-01-16,Fully Vaccinated,Fatigue,Negative,No,0,None,97,Hypertension,286.6,Not Infected
COVID03822,33,Female,Telangana,Warangal,2022-01-16,Booster,Fatigue,Positive,Yes,15,Moderate,97,None,2135.89,Recovered
COVID04655,32,Male,Rajasthan,Jodhpur,2022-01-17,Partially Vaccinated,Breathing Difficulty,Positive,Yes,32,Critical,92,Asthma,3600.65,Deceased
COVID03775,27,Female,Gujarat,Vadodara,2022-01-17,Fully Vaccinated,Cough,Positive,Yes,22,Moderate,96,Heart Disease,5684.26,Recovered
COVID01454,65,Female,Rajasthan,Udaipur,2022-01-18,Partially Vaccinated,Breathing Difficulty,Positive,No,37,Severe,90,Multiple,397.09,Recovered
COVID00078,79,Female,West Bengal,Howrah,2022-01-18,Booster,Fever,Positive,Yes,22,Moderate,95,None,3897.0,Recovered
COVID00454,36,Male,Tamil Nadu,Coimbatore,2022-01-18,Partially Vaccinated,Sore Throat,Positive,No,8,Mild,97,None,330.66,Recovered
COVID01193,49,Female,Telangana,Hyderabad,2022-01-18,Fully Vaccinated,Cough,Negative,No,0,None,95,None,61.75,Not Infected
COVID02387,18,Male,Gujarat,Vadodara,2022-01-18,Not Vaccinated,Sore Throat,Negative,No,0,None,95,None,64.36,Not Infected
COVID00440,80,Male,Gujarat,Surat,2022-01-18,Fully Vaccinated,Fatigue,Positive,No,33,Severe,90,None,1232.22,Deceased
COVID01246,75,Male,Kerala,Kozhikode,2022-01-18,Booster,Fever,Positive,No,25,Mild,97,None,670.82,Deceased
COVID04933,68,Female,Rajasthan,Jodhpur,2022-01-18,Fully Vaccinated,Fatigue,Positive,No,18,Mild,97,None,1016.69,Recovered
COVID00111,20,Male,Tamil Nadu,Salem,2022-01-19,Booster,Fever,Positive,No,29,Mild,99,None,2393.95,Recovered
COVID01788,40,Male,Tamil Nadu,Madurai,2022-01-19,Not Vaccinated,None,Positive,No,18,Mild,93,Multiple,1760.38,Recovered
COVID04402,29,Male,Delhi,New Delhi,2022-01-19,Booster,Sore Throat,Negative,No,0,None,100,None,148.0,Not Infected
COVID04906,76,Male,Rajasthan,Jodhpur,2022-01-19,Not Vaccinated,Fatigue,Positive,Yes,18,Moderate,93,None,7307.43,Recovered
COVID03157,84,Male,Karnataka,Mangaluru,2022-01-19,Partially Vaccinated,Sore Throat,Positive,Yes,7,Moderate,95,None,3659.48,Deceased
COVID01132,78,Female,Kerala,Kozhikode,2022-01-19,Not Vaccinated,Fever,Positive,No,15,Mild,95,Hypertension,1993.28,Deceased
COVID02961,49,Female,Gujarat,Ahmedabad,2022-01-19,Not Vaccinated,Cough,Positive,Yes,20,Moderate,94,None,5479.53,Recovered
COVID02184,85,Male,Telangana,Warangal,2022-01-19,Not Vaccinated,None,Negative,No,0,None,100,Diabetes,290.51,Not Infected
COVID04558,18,Male,Kerala,Kochi,2022-01-19,Fully Vaccinated,Cough,Positive,No,17,Mild,95,None,685.98,Recovered
COVID04049,53,Female,Telangana,Warangal,2022-01-20,Fully Vaccinated,Cough,Positive,No,28,Mild,100,None,531.03,Recovered
COVID04303,42,Female,Telangana,Nizamabad,2022-01-20,Fully Vaccinated,Fever,Positive,No,17,Mild,100,None,2388.37,Recovered
COVID04314,33,Male,Maharashtra,Nagpur,2022-01-20,Fully Vaccinated,Loss of Taste/Smell,Negative,No,0,None,100,Hypertension,15.23,Not Infected
COVID00006,26,Female,Rajasthan,Jaipur,2022-01-20,Not Vaccinated,Sore Throat,Negative,No,0,None,99,Hypertension,181.38,Not Infected
COVID00262,76,Female,Karnataka,Mangaluru,2022-01-21,Fully Vaccinated,Breathing Difficulty,Positive,Yes,28,Moderate,95,None,3642.91,Recovered
COVID03574,5,Male,Kerala,Thiruvananthapuram,2022-01-21,Fully Vaccinated,Fever,Positive,Yes,18,Moderate,100,None,4571.46,Recovered
COVID01923,33,Female,Karnataka,Hubballi,2022-01-21,Not Vaccinated,Breathing Difficulty,Negative,No,0,None,98,None,191.58,Not Infected
COVID02752,38,Male,Gujarat,Surat,2022-01-22,Fully Vaccinated,Fatigue,Positive,Yes,25,Moderate,96,None,5669.22,Recovered
COVID02802,32,Male,Maharashtra,Mumbai,2022-01-22,Fully Vaccinated,Sore Throat,Positive,No,25,Moderate,95,None,1793.81,Recovered
COVID01846,65,Male,Tamil Nadu,Coimbatore,2022-01-22,Booster,None,Positive,Yes,15,Moderate,99,None,7964.27,Recovered
COVID03803,35,Male,Gujarat,Ahmedabad,2022-01-22,Booster,Loss of Taste/Smell,Negative,No,0,None,96,Diabetes,47.96,Not Infected
COVID02325,48,Female,Gujarat,Vadodara,2022-01-22,Booster,Cough,Positive,No,7,Mild,97,None,2238.37,Recovered
COVID01308,6,Male,Delhi,Dwarka,2022-01-23,Fully Vaccinated,Sore Throat,Positive,Yes,20,Severe,88,None,3926.88,Deceased
COVID02843,47,Female,Kerala,Thiruvananthapuram,2022-01-23,Fully Vaccinated,Fatigue,Positive,No,18,Mild,98,Heart Disease,2440.04,Recovered
COVID00480,30,Female,West Bengal,Kolkata,2022-01-23,Fully Vaccinated,Fatigue,Positive,No,26,Mild,97,Hypertension,467.33,Recovered
COVID03542,43,Male,Karnataka,Mysuru,2022-01-23,Fully Vaccinated,Loss of Taste/Smell,Negative,No,0,None,97,None,168.86,Not Infected
COVID01536,41,Female,Kerala,Kochi,2022-01-23,Partially Vaccinated,Fatigue,Positive,Yes,23,Moderate,98,Asthma,3739.72,Recovered
COVID01781,29,Female,Delhi,Dwarka,2022-01-23,Fully Vaccinated,None,Positive,No,27,Mild,97,Multiple,685.92,Deceased
COVID00040,34,Male,Kerala,Thiruvananthapuram,2022-01-23,Not Vaccinated,Fatigue,Positive,Yes,10,Moderate,97,None,1628.59,Recovered
COVID00154,14,Male,Gujarat,Surat,2022-01-23,Not Vaccinated,Fever,Negative,No,0,None,97,None,349.5,Not Infected
COVID01061,73,Female,Tamil Nadu,Salem,2022-01-23,Partially Vaccinated,Fatigue,Positive,No,5,Mild,99,Hypertension,1870.23,Recovered
COVID04182,32,Female,Andhra Pradesh,Vijayawada,2022-01-24,Booster,Loss of Taste/Smell,Negative,No,0,None,96,None,248.49,Not Infected
COVID02902,60,Female,Gujarat,Ahmedabad,2022-01-24,Fully Vaccinated,None,Negative,No,0,None,98,None,210.7,Not Infected
COVID00671,8,Female,Maharashtra,Nashik,2022-01-24,Partially Vaccinated,Sore Throat,Positive,No,9,Mild,94,None,1755.58,Recovered
COVID00989,46,Female,Kerala,Kozhikode,2022-01-24,Booster,Fever,Negative,No,0,None,99,Asthma,233.38,Not Infected
COVID00178,83,Female,Karnataka,Mysuru,2022-01-25,Fully Vaccinated,None,Negative,No,0,None,100,None,52.63,Not Infected
COVID00473,31,Male,Rajasthan,Jaipur,2022-01-25,Booster,Fever,Positive,No,11,Mild,98,None,1969.43,Recovered
COVID00639,81,Female,Delhi,Rohini,2022-01-25,Fully Vaccinated,Fever,Negative,No,0,None,97,None,189.46,Not Infected
COVID03681,17,Female,Delhi,Dwarka,2022-01-25,Partially Vaccinated,Fatigue,Positive,Yes,10,Moderate,98,Multiple,1708.9,Recovered
COVID01099,21,Male,Gujarat,Surat,2022-01-26,Fully Vaccinated,Fever,Negative,No,0,None,95,None,283.83,Not Infected
COVID00927,81,Male,Karnataka,Bengaluru,2022-01-26,Not Vaccinated,Fever,Positive,Yes,41,Severe,89,None,4095.08,Deceased
COVID01728,75,Male,Andhra Pradesh,Guntur,2022-01-27,Partially Vaccinated,Fatigue,Positive,No,19,Mild,100,None,346.07,Recovered
COVID02238,40,Male,Andhra Pradesh,Visakhapatnam,2022-01-27,Not Vaccinated,Cough,Positive,No,13,Mild,96,Multiple,1480.78,Recovered
COVID00254,72,Male,Gujarat,Vadodara,2022-01-27,Fully Vaccinated,None,Negative,No,0,None,95,None,248.5,Not Infected
COVID00488,32,Male,Maharashtra,Pune,2022-01-27,Not Vaccinated,Cough,Positive,No,16,Mild,97,None,598.74,Recovered
COVID00161,82,Male,Andhra Pradesh,Vijayawada,2022-01-28,Not Vaccinated,Breathing Difficulty,Positive,Yes,26,Moderate,97,None,2778.85,Recovered
COVID02224,32,Female,Tamil Nadu,Salem,2022-01-28,Booster,None,Negative,No,0,None,100,Hypertension,468.77,Not Infected
COVID04860,42,Male,Gujarat,Vadodara,2022-01-28,Booster,None,Negative,No,0,None,99,None,231.02,Not Infected
COVID00423,54,Female,Telangana,Hyderabad,2022-01-28,Fully Vaccinated,Fever,Negative,No,0,None,95,Diabetes,322.75,Not Infected
COVID03651,74,Female,Tamil Nadu,Salem,2022-01-28,Partially Vaccinated,Breathing Difficulty,Positive,Yes,25,Severe,97,Hypertension,5185.99,Deceased
COVID03018,28,Male,Delhi,Rohini,2022-01-28,Partially Vaccinated,Fever,Positive,No,5,Mild,99,None,2308.45,Recovered
COVID02296,20,Male,Rajasthan,Jodhpur,2022-01-28,Fully Vaccinated,Fever,Negative,No,0,None,96,Multiple,67.24,Not Infected
COVID01077,22,Female,Tamil Nadu,Chennai,2022-01-28,Fully Vaccinated,Fever,Negative,No,0,None,99,Asthma,470.95,Not Infected
COVID02859,24,Female,Andhra Pradesh,Guntur,2022-01-29,Not Vaccinated,Breathing Difficulty,Positive,No,23,Mild,98,None,2374.48,Recovered
COVID00207,13,Male,Kerala,Kochi,2022-01-29,Not Vaccinated,Cough,Positive,Yes,25,Moderate,100,None,6439.06,Recovered
COVID03325,8,Male,West Bengal,Howrah,2022-01-29,Fully Vaccinated,Fatigue,Negative,No,0,None,100,None,260.67,Not Infected
COVID03780,31,Female,Tamil Nadu,Chennai,2022-01-30,Fully Vaccinated,None,Positive,No,30,Mild,100,Hypertension,830.64,Recovered
COVID02725,59,Male,Andhra Pradesh,Visakhapatnam,2022-01-30,Fully Vaccinated,Cough,Positive,No,28,Mild,98,None,1487.9,Recovered
COVID00959,79,Male,Kerala,Thiruvananthapuram,2022-01-30,Not Vaccinated,None,Positive,No,9,Mild,99,Diabetes,386.9,Recovered
COVID01180,84,Male,West Bengal,Howrah,2022-01-30,Booster,Fever,Positive,Yes,5,Moderate,93,None,4812.15,Recovered
COVID04110,70,Male,Tamil Nadu,Coimbatore,2022-01-30,Fully Vaccinated,Sore Throat,Positive,Yes,36,Severe,88,Diabetes,2741.02,Recovered
COVID04714,59,Female,Delhi,Dwarka,2022-01-30,Not Vaccinated,Fever,Positive,No,18,Moderate,98,Heart Disease,329.71,Recovered
COVID02032,73,Male,Andhra Pradesh,Visakhapatnam,2022-01-30,Not Vaccinated,Loss of Taste/Smell,Negative,No,0,None,97,None,116.74,Not Infected
COVID02646,52,Male,Rajasthan,Jaipur,2022-01-30,Booster,Cough,Positive,Yes,26,Moderate,94,None,3622.02,Recovered
COVID04526,62,Female,Maharashtra,Pune,2022-01-31,Booster,Loss of Taste/Smell,Negative,No,0,None,96,Diabetes,277.51,Not Infected
COVID01578,29,Female,Kerala,Kochi,2022-01-31,Partially Vaccinated,Loss of Taste/Smell,Positive,No,14,Mild,93,None,872.41,Recovered
COVID03378,27,Female,Telangana,Hyderabad,2022-01-31,Partially Vaccinated,None,Positive,No,8,Mild,94,None,868.26,Recovered
COVID03802,38,Female,Delhi,Dwarka,2022-01-31,Fully Vaccinated,Fatigue,Positive,No,7,Mild,94,None,2050.7,Recovered
COVID01635,75,Female,Andhra Pradesh,Guntur,2022-01-31,Fully Vaccinated,Sore Throat,Negative,No,0,None,95,None,476.42,Not Infected
COVID01707,66,Female,Delhi,Rohini,2022-01-31,Booster,Breathing Difficulty,Negative,No,0,None,99,None,278.54,Not Infected
COVID02891,73,Male,Karnataka,Mangaluru,2022-01-31,Not Vaccinated,None,Negative,No,0,None,100,None,344.35,Not Infected
COVID03063,85,Male,Karnataka,Mysuru,2022-01-31,Not Vaccinated,Fatigue,Positive,No,20,Moderate,97,None,2281.77,Recovered
COVID02195,76,Female,Delhi,Dwarka,2022-01-31,Not Vaccinated,Fatigue,Positive,No,11,Mild,96,None,1239.37,Deceased
COVID04272,82,Male,Andhra Pradesh,Visakhapatnam,2022-02-01,Not Vaccinated,Fever,Positive,No,7,Mild,99,Diabetes,1418.45,Recovered
COVID00334,69,Male,Delhi,Dwarka,2022-02-01,Not Vaccinated,Sore Throat,Positive,No,12,Mild,93,None,1237.27,Recovered
COVID03479,9,Female,Gujarat,Ahmedabad,2022-02-01,Fully Vaccinated,Fatigue,Negative,No,0,None,96,None,493.81,Not Infected
COVID02272,58,Female,West Bengal,Howrah,2022-02-02,Not Vaccinated,None,Positive,No,29,Mild,98,Multiple,1257.82,Recovered
COVID00759,84,Male,West Bengal,Durgapur,2022-02-02,Booster,Breathing Difficulty,Positive,No,18,Moderate,95,None,1572.07,Recovered
COVID01733,47,Male,West Bengal,Howrah,2022-02-02,Fully Vaccinated,None,Negative,No,0,None,98,None,296.13,Not Infected
COVID04626,82,Female,Telangana,Warangal,2022-02-03,Fully Vaccinated,Fever,Negative,No,0,None,97,Multiple,438.61,Not Infected
COVID03508,68,Female,Andhra Pradesh,Visakhapatnam,2022-02-03,Partially Vaccinated,Loss of Taste/Smell,Negative,No,0,None,99,None,370.55,Not Infected
COVID02597,34,Female,Tamil Nadu,Chennai,2022-02-03,Fully Vaccinated,Fever,Positive,No,19,Mild,98,Asthma,1349.74,Recovered
COVID02573,72,Other,Tamil Nadu,Salem,2022-02-03,Fully Vaccinated,Fever,Positive,No,20,Mild,96,None,1275.9,Deceased
COVID04060,81,Male,Andhra Pradesh,Visakhapatnam,2022-02-03,Fully Vaccinated,None,Positive,No,29,Severe,91,None,721.0,Recovered
COVID01855,11,Female,Kerala,Thiruvananthapuram,2022-02-04,Fully Vaccinated,None,Negative,No,0,None,98,None,420.34,Not Infected
COVID00415,53,Male,Kerala,Thiruvananthapuram,2022-02-04,Not Vaccinated,Fatigue,Positive,No,27,Mild,98,Hypertension,1240.92,Recovered
COVID04084,22,Male,Karnataka,Mangaluru,2022-02-04,Booster,Breathing Difficulty,Negative,No,0,None,100,Asthma,63.3,Not Infected
COVID04848,50,Male,Gujarat,Ahmedabad,2022-02-04,Partially Vaccinated,Cough,Positive,Yes,20,Moderate,97,None,6221.74,Recovered
COVID00685,24,Male,Rajasthan,Jodhpur,2022-02-05,Booster,None,Positive,No,27,Mild,98,None,1319.15,Recovered
COVID02123,14,Female,Telangana,Nizamabad,2022-02-05,Fully Vaccinated,Fever,Positive,No,11,Mild,95,None,377.31,Recovered
COVID03045,11,Male,Gujarat,Vadodara,2022-02-06,Fully Vaccinated,Cough,Positive,No,21,Mild,100,Asthma,1080.27,Recovered
COVID01997,31,Female,Delhi,Dwarka,2022-02-06,Not Vaccinated,Loss of Taste/Smell,Negative,No,0,None,95,None,268.69,Not Infected
COVID03913,20,Male,Karnataka,Bengaluru,2022-02-07,Fully Vaccinated,Fever,Positive,Yes,19,Severe,100,Multiple,6076.24,Recovered
COVID00821,16,Male,Rajasthan,Udaipur,2022-02-07,Partially Vaccinated,Loss of Taste/Smell,Positive,No,11,Mild,99,None,786.93,Recovered
COVID04236,76,Female,Tamil Nadu,Salem,2022-02-07,Not Vaccinated,Fever,Negative,No,0,None,98,Multiple,126.79,Not Infected
COVID02206,48,Female,Telangana,Warangal,2022-02-07,Fully Vaccinated,Cough,Positive,No,15,Mild,96,Asthma,1680.44,Recovered
COVID00068,59,Female,Gujarat,Vadodara,2022-02-08,Partially Vaccinated,Loss of Taste/Smell,Positive,No,21,Moderate,99,Diabetes,1058.06,Recovered
COVID00672,38,Female,Tamil Nadu,Coimbatore,2022-02-08,Partially Vaccinated,Cough,Negative,No,0,None,95,None,17.53,Not Infected
COVID01909,38,Female,Maharashtra,Nashik,2022-02-09,Fully Vaccinated,Fever,Positive,No,23,Mild,98,None,2049.93,Recovered
COVID01028,70,Male,Andhra Pradesh,Vijayawada,2022-02-09,Fully Vaccinated,Cough,Positive,No,14,Mild,97,Diabetes,816.09,Recovered
COVID01700,13,Male,Telangana,Warangal,2022-02-09,Fully Vaccinated,Fatigue,Positive,No,22,Mild,100,Asthma,835.83,Recovered
COVID00958,72,Other,Delhi,New Delhi,2022-02-09,Fully Vaccinated,Cough,Positive,Yes,28,Severe,94,None,5550.13,Recovered
COVID04247,64,Male,Maharashtra,Nagpur,2022-02-09,Partially Vaccinated,None,Negative,No,0,None,96,Diabetes,130.37,Not Infected
COVID02852,32,Female,Tamil Nadu,Coimbatore,2022-02-10,Fully Vaccinated,Cough,Positive,No,7,Mild,99,Asthma,688.2,Recovered
COVID00150,32,Female,West Bengal,Howrah,2022-02-10,Booster,None,Negative,No,0,None,100,None,227.62,Not Infected
COVID02827,36,Female,West Bengal,Howrah,2022-02-10,Fully Vaccinated,None,Positive,No,5,Mild,97,None,2129.49,Recovered
COVID00949,42,Male,Andhra Pradesh,Guntur,2022-02-10,Fully Vaccinated,Fever,Positive,No,15,Mild,95,Multiple,2184.35,Recovered
COVID03223,32,Male,Maharashtra,Pune,2022-02-10,Not Vaccinated,Breathing Difficulty,Positive,Yes,33,Critical,98,Hypertension,5534.59,Recovered
COVID03960,53,Male,Gujarat,Vadodara,2022-02-11,Partially Vaccinated,Cough,Negative,No,0,None,95,None,245.69,Not Infected
COVID02143,8,Female,West Bengal,Kolkata,2022-02-11,Fully Vaccinated,None,Negative,No,0,None,99,None,469.96,Not Infected
COVID01012,66,Male,West Bengal,Howrah,2022-02-11,Fully Vaccinated,Fever,Positive,Yes,23,Moderate,95,Asthma,7172.73,Recovered
COVID04099,45,Male,West Bengal,Kolkata,2022-02-11,Partially Vaccinated,Cough,Positive,No,11,Mild,98,None,1140.94,Recovered
COVID02682,69,Male,Tamil Nadu,Coimbatore,2022-02-11,Fully Vaccinated,Breathing Difficulty,Negative,No,0,None,100,Asthma,466.15,Not Infected
COVID03113,67,Male,Andhra Pradesh,Guntur,2022-02-12,Not Vaccinated,Fever,Negative,No,0,None,95,Diabetes,88.9,Not Infected
COVID02042,49,Male,Delhi,New Delhi,2022-02-12,Booster,Sore Throat,Positive,No,25,Mild,93,Diabetes,532.17,Recovered
COVID03623,68,Male,Maharashtra,Nagpur,2022-02-12,Not Vaccinated,Cough,Positive,No,21,Mild,98,Asthma,959.84,Recovered
COVID04879,72,Male,Rajasthan,Jaipur,2022-02-12,Fully Vaccinated,Loss of Taste/Smell,Negative,No,0,None,96,None,83.24,Not Infected
COVID01849,18,Female,West Bengal,Kolkata,2022-02-13,Booster,Fatigue,Positive,Yes,16,Moderate,98,None,7022.83,Recovered
COVID02041,63,Male,Karnataka,Mysuru,2022-02-13,Partially Vaccinated,Fatigue,Negative,No,0,None,95,None,421.14,Not Infected
COVID02881,19,Female,Karnataka,Mangaluru,2022-02-13,Partially Vaccinated,Sore Throat,Positive,Yes,27,Moderate,96,Asthma,7186.75,Recovered
COVID02828,79,Male,Kerala,Thrissur,2022-02-13,Fully Vaccinated,Fatigue,Positive,No,22,Mild,97,None,2103.37,Recovered
COVID01272,36,Male,Andhra Pradesh,Guntur,2022-02-14,Fully Vaccinated,Cough,Positive,No,20,Mild,98,None,2339.17,Recovered
COVID03441,82,Male,Maharashtra,Pune,2022-02-14,Fully Vaccinated,Loss of Taste/Smell,Positive,No,28,Mild,94,Multiple,1512.65,Recovered
COVID04266,62,Female,Telangana,Nizamabad,2022-02-14,Not Vaccinated,Sore Throat,Negative,No,0,None,97,None,384.32,Not Infected
COVID01686,71,Female,Telangana,Nizamabad,2022-02-14,Partially Vaccinated,Fatigue,Negative,No,0,None,96,None,65.17,Not Infected
COVID01920,78,Male,Rajasthan,Jodhpur,2022-02-14,Not Vaccinated,Sore Throat,Positive,No,25,Mild,95,Hypertension,1281.12,Deceased
COVID01719,52,Male,Rajasthan,Jodhpur,2022-02-15,Booster,Fever,Positive,No,27,Mild,100,None,1866.97,Recovered
COVID01895,19,Male,West Bengal,Howrah,2022-02-15,Not Vaccinated,None,Positive,No,22,Mild,96,None,1542.19,Recovered
COVID00099,73,Female,West Bengal,Kolkata,2022-02-16,Fully Vaccinated,Cough,Negative,No,0,None,97,None,339.41,Not Infected
COVID03819,39,Male,Tamil Nadu,Salem,2022-02-16,Fully Vaccinated,Cough,Positive,No,23,Mild,99,None,1339.91,Recovered
COVID02207,16,Male,Rajasthan,Udaipur,2022-02-16,Booster,Cough,Positive,No,30,Mild,100,None,2247.27,Recovered
COVID01020,39,Male,Telangana,Hyderabad,2022-02-16,Fully Vaccinated,None,Positive,No,22,Moderate,97,Asthma,666.29,Recovered
COVID00994,74,Female,Gujarat,Surat,2022-02-16,Fully Vaccinated,Fever,Negative,No,0,None,96,None,326.73,Not Infected
COVID04219,34,Other,Maharashtra,Nagpur,2022-02-16,Fully Vaccinated,Fatigue,Negative,No,0,None,98,None,201.99,Not Infected
COVID01529,65,Female,Karnataka,Mysuru,2022-02-16,Not Vaccinated,Loss of Taste/Smell,Positive,No,5,Moderate,95,Asthma,2480.93,Recovered
COVID04593,34,Female,Delhi,Rohini,2022-02-17,Fully Vaccinated,Sore Throat,Positive,No,14,Mild,99,Asthma,395.96,Recovered
COVID02640,41,Female,Karnataka,Mysuru,2022-02-17,Partially Vaccinated,Cough,Negative,No,0,None,99,Hypertension,473.83,Not Infected
COVID04934,26,Female,Maharashtra,Nashik,2022-02-17,Fully Vaccinated,Fever,Positive,Yes,27,Severe,99,None,3583.86,Recovered
COVID04690,47,Female,Rajasthan,Jodhpur,2022-02-17,Not Vaccinated,Sore Throat,Positive,No,7,Mild,94,Diabetes,2144.3,Recovered
COVID03426,18,Male,Telangana,Nizamabad,2022-02-17,Fully Vaccinated,Sore Throat,Negative,No,0,None,98,Diabetes,398.32,Not Infected
COVID04330,22,Male,Delhi,New Delhi,2022-02-17,Not Vaccinated,Fever,Positive,Yes,10,Moderate,96,None,3258.97,Recovered
COVID01716,79,Female,Telangana,Nizamabad,2022-02-17,Fully Vaccinated,Loss of Taste/Smell,Positive,No,24,Mild,95,Hypertension,317.77,Recovered
COVID00635,35,Female,Rajasthan,Udaipur,2022-02-17,Partially Vaccinated,Breathing Difficulty,Positive,Yes,10,Moderate,95,None,3657.05,Recovered
COVID00432,84,Male,Rajasthan,Jaipur,2022-02-17,Partially Vaccinated,Breathing Difficulty,Positive,Yes,37,Severe,88,Hypertension,6084.21,Recovered
COVID03527,57,Male,Karnataka,Mangaluru,2022-02-18,Fully Vaccinated,Cough,Positive,No,16,Mild,99,None,688.38,Recovered
COVID04050,56,Female,Kerala,Kochi,2022-02-18,Fully Vaccinated,Loss of Taste/Smell,Positive,Yes,28,Moderate,97,None,2900.22,Recovered
COVID03381,25,Male,Andhra Pradesh,Vijayawada,2022-02-19,Fully Vaccinated,Loss of Taste/Smell,Positive,Yes,13,Moderate,95,Diabetes,2778.15,Recovered
COVID02068,6,Male,Telangana,Nizamabad,2022-02-19,Not Vaccinated,Cough,Positive,No,26,Moderate,94,None,1281.65,Recovered
COVID00337,5,Female,Karnataka,Mangaluru,2022-02-19,Not Vaccinated,Sore Throat,Positive,No,25,Mild,99,Diabetes,1417.55,Recovered
COVID02875,27,Male,Kerala,Kochi,2022-02-19,Not Vaccinated,Breathing Difficulty,Positive,Yes,23,Severe,94,Multiple,5537.36,Recovered
COVID03440,54,Male,Kerala,Thrissur,2022-02-19,Partially Vaccinated,None,Positive,Yes,15,Moderate,93,Hypertension,2830.81,Recovered
COVID01364,72,Female,Karnataka,Bengaluru,2022-02-19,Partially Vaccinated,Cough,Negative,No,0,None,95,None,217.67,Not Infected
COVID02262,26,Male,Tamil Nadu,Coimbatore,2022-02-20,Not Vaccinated,None,Negative,No,0,None,96,None,152.64,Not Infected
COVID01545,10,Male,Kerala,Thiruvananthapuram,2022-02-20,Fully Vaccinated,Fever,Positive,No,20,Mild,96,None,905.73,Recovered
COVID01688,30,Male,Gujarat,Vadodara,2022-02-20,Fully Vaccinated,Loss of Taste/Smell,Positive,No,15,Mild,97,Hypertension,2254.46,Recovered
COVID01731,18,Other,Gujarat,Ahmedabad,2022-02-20,Not Vaccinated,Breathing Difficulty,Positive,No,28,Mild,94,Asthma,1061.06,Recovered
COVID02173,46,Male,Maharashtra,Mumbai,2022-02-20,Not Vaccinated,Fever,Positive,No,13,Mild,98,Multiple,1561.58,Recovered
COVID01897,17,Female,Karnataka,Mysuru,2022-02-20,Fully Vaccinated,None,Negative,No,0,None,98,Diabetes,201.29,Not Infected
COVID03252,71,Female,Tamil Nadu,Salem,2022-02-21,Not Vaccinated,Fever,Positive,Yes,10,Moderate,98,Hypertension,2511.45,Deceased
COVID02158,17,Male,Delhi,Dwarka,2022-02-21,Fully Vaccinated,Breathing Difficulty,Positive,Yes,29,Moderate,96,Hypertension,5094.5,Recovered
COVID01519,29,Male,Maharashtra,Pune,2022-02-22,Partially Vaccinated,None,Negative,No,0,None,99,None,24.84,Not Infected
COVID04801,74,Female,Maharashtra,Mumbai,2022-02-22,Fully Vaccinated,None,Positive,No,18,Mild,96,None,756.75,Recovered
COVID04197,10,Male,Karnataka,Bengaluru,2022-02-23,Partially Vaccinated,Fatigue,Positive,No,12,Mild,94,None,1546.02,Recovered
COVID04938,80,Male,West Bengal,Howrah,2022-02-23,Fully Vaccinated,Cough,Negative,No,0,None,96,None,453.81,Not Infected
COVID03197,82,Male,Rajasthan,Udaipur,2022-02-24,Not Vaccinated,Fatigue,Positive,Yes,5,Moderate,100,None,3227.11,Recovered
COVID03316,72,Male,Andhra Pradesh,Guntur,2022-02-24,Partially Vaccinated,Sore Throat,Positive,Yes,6,Moderate,96,None,2843.95,Recovered
COVID00235,63,Male,Telangana,Hyderabad,2022-02-24,Fully Vaccinated,None,Positive,No,42,Severe,96,None,1541.12,Deceased
COVID04793,68,Male,West Bengal,Howrah,2022-02-24,Not Vaccinated,Fatigue,Positive,No,27,Mild,96,None,1288.51,Recovered
COVID02559,82,Female,Rajasthan,Udaipur,2022-02-24,Fully Vaccinated,Breathing Difficulty,Positive,No,13,Mild,93,None,884.78,Recovered
COVID03454,31,Other,Karnataka,Bengaluru,2022-02-24,Partially Vaccinated,Fatigue,Negative,No,0,None,98,None,129.93,Not Infected
COVID04998,64,Female,Telangana,Nizamabad,2022-02-24,Not Vaccinated,Fatigue,Positive,No,28,Moderate,98,None,1058.92,Recovered
COVID03977,85,Female,Delhi,New Delhi,2022-02-25,Fully Vaccinated,Fatigue,Negative,No,0,None,97,Hypertension,14.77,Not Infected
COVID00401,7,Female,Telangana,Warangal,2022-02-25,Partially Vaccinated,Breathing Difficulty,Positive,No,25,Mild,99,None,2296.62,Recovered
COVID01684,84,Female,Delhi,Rohini,2022-02-25,Fully Vaccinated,Cough,Positive,No,8,Mild,96,Asthma,1912.71,Recovered
COVID03739,35,Female,Andhra Pradesh,Guntur,2022-02-26,Booster,Fatigue,Positive,No,10,Mild,95,None,849.96,Recovered
COVID00918,9,Male,Telangana,Nizamabad,2022-02-26,Fully Vaccinated,Fever,Negative,No,0,None,99,None,444.39,Not Infected
COVID02335,42,Male,Kerala,Kozhikode,2022-02-26,Fully Vaccinated,Cough,Positive,No,11,Mild,97,Heart Disease,2415.83,Recovered
COVID00433,15,Female,Rajasthan,Udaipur,2022-02-26,Booster,Breathing Difficulty,Positive,Yes,26,Severe,97,None,4851.06,Deceased
COVID03518,71,Other,Andhra Pradesh,Guntur,2022-02-27,Fully Vaccinated,Sore Throat,Positive,No,34,Critical,94,Hypertension,2004.51,Deceased
COVID00914,84,Male,Gujarat,Ahmedabad,2022-02-27,Not Vaccinated,None,Positive,Yes,15,Moderate,96,None,5331.89,Recovered
COVID03581,28,Male,Tamil Nadu,Chennai,2022-02-28,Partially Vaccinated,None,Negative,No,0,None,100,None,270.0,Not Infected
COVID00054,32,Male,Karnataka,Mysuru,2022-02-28,Partially Vaccinated,None,Negative,No,0,None,99,Multiple,388.57,Not Infected
COVID00311,14,Female,Maharashtra,Nagpur,2022-02-28,Fully Vaccinated,Loss of Taste/Smell,Positive,No,23,Mild,100,None,1805.82,Recovered
COVID00251,72,Female,Gujarat,Vadodara,2022-02-28,Fully Vaccinated,None,Positive,Yes,38,Severe,92,Diabetes,2342.08,Recovered
COVID01918,58,Male,Maharashtra,Mumbai,2022-02-28,Partially Vaccinated,Fatigue,Negative,No,0,None,100,None,37.53,Not Infected
COVID04342,38,Female,West Bengal,Kolkata,2022-03-01,Fully Vaccinated,Fever,Negative,No,0,None,100,Hypertension,473.8,Not Infected
COVID04652,76,Male,Kerala,Kochi,2022-03-01,Fully Vaccinated,Fatigue,Negative,No,0,None,98,None,188.85,Not Infected
COVID00630,37,Female,Karnataka,Mysuru,2022-03-01,Booster,Cough,Negative,No,0,None,100,None,329.19,Not Infected
COVID02815,18,Female,Telangana,Hyderabad,2022-03-01,Partially Vaccinated,Sore Throat,Negative,No,0,None,96,None,60.95,Not Infected
COVID00519,6,Female,Maharashtra,Mumbai,2022-03-02,Fully Vaccinated,Fatigue,Negative,No,0,None,95,Diabetes,178.39,Not Infected
COVID02775,41,Other,West Bengal,Durgapur,2022-03-02,Fully Vaccinated,Fever,Negative,No,0,None,100,None,213.11,Not Infected
COVID01944,55,Female,Gujarat,Vadodara,2022-03-02,Partially Vaccinated,Breathing Difficulty,Positive,No,14,Mild,97,None,2462.52,Recovered
COVID02472,12,Male,West Bengal,Durgapur,2022-03-02,Booster,None,Positive,Yes,15,Moderate,97,Multiple,7444.44,Recovered
COVID00181,80,Male,Delhi,Rohini,2022-03-02,Not Vaccinated,None,Positive,Yes,5,Moderate,99,Multiple,5727.17,Recovered
COVID03403,40,Female,West Bengal,Howrah,2022-03-03,Booster,Loss of Taste/Smell,Positive,No,10,Mild,97,None,2270.59,Recovered
COVID00174,34,Female,Tamil Nadu,Madurai,2022-03-03,Fully Vaccinated,Fatigue,Positive,No,25,Mild,96,None,1284.08,Recovered
COVID02861,31,Female,Maharashtra,Pune,2022-03-03,Not Vaccinated,None,Positive,No,30,Mild,93,None,483.87,Recovered
COVID01253,34,Female,West Bengal,Howrah,2022-03-03,Booster,Sore Throat,Positive,No,25,Mild,97,None,2244.83,Recovered
COVID03164,49,Female,Delhi,Dwarka,2022-03-03,Booster,Cough,Positive,No,16,Mild,97,None,2354.54,Recovered
COVID02092,26,Male,Telangana,Nizamabad,2022-03-03,Partially Vaccinated,Cough,Positive,Yes,36,Critical,98,Asthma,5680.13,Deceased
COVID01073,6,Female,Kerala,Kozhikode,2022-03-03,Booster,Cough,Positive,No,14,Mild,97,None,1527.6,Recovered
COVID03933,29,Female,Andhra Pradesh,Guntur,2022-03-05,Booster,Cough,Positive,No,30,Moderate,100,None,370.56,Recovered
COVID02265,41,Male,Maharashtra,Nashik,2022-03-05,Fully Vaccinated,Fever,Positive,No,29,Mild,100,Multiple,1008.79,Recovered
COVID00789,12,Female,Delhi,New Delhi,2022-03-05,Fully Vaccinated,None,Positive,Yes,29,Severe,97,Hypertension,6448.09,Recovered
COVID04269,40,Male,Gujarat,Vadodara,2022-03-05,Fully Vaccinated,Breathing Difficulty,Negative,No,0,None,96,Diabetes,270.82,Not Infected
COVID01803,57,Male,Andhra Pradesh,Visakhapatnam,2022-03-05,Fully Vaccinated,Sore Throat,Negative,No,0,None,95,None,420.1,Not Infected
COVID04095,55,Female,Rajasthan,Udaipur,2022-03-05,Not Vaccinated,Sore Throat,Negative,No,0,None,99,None,441.12,Not Infected
COVID02033,19,Male,Gujarat,Vadodara,2022-03-05,Fully Vaccinated,Sore Throat,Positive,No,13,Mild,99,Asthma,2149.22,Recovered
COVID00208,17,Female,Maharashtra,Nashik,2022-03-05,Booster,Sore Throat,Positive,No,20,Mild,95,None,711.7,Recovered
COVID04623,22,Female,Andhra Pradesh,Vijayawada,2022-03-06,Partially Vaccinated,Sore Throat,Positive,Yes,9,Moderate,99,Diabetes,5641.13,Recovered
COVID04960,8,Female,Karnataka,Hubballi,2022-03-06,Fully Vaccinated,Sore Throat,Positive,Yes,23,Moderate,99,None,2786.25,Recovered
COVID00090,54,Female,Maharashtra,Nagpur,2022-03-06,Not Vaccinated,Fatigue,Negative,No,0,None,96,Hypertension,288.31,Not Infected
COVID04997,18,Male,Kerala,Thiruvananthapuram,2022-03-06,Partially Vaccinated,Loss of Taste/Smell,Positive,Yes,27,Severe,96,None,3354.59,Deceased
COVID02796,5,Female,Andhra Pradesh,Vijayawada,2022-03-07,Not Vaccinated,Loss of Taste/Smell,Positive,No,17,Mild,93,Multiple,857.22,Recovered
COVID00655,64,Female,Tamil Nadu,Madurai,2022-03-07,Partially Vaccinated,Fatigue,Positive,No,23,Mild,96,None,1444.24,Recovered
COVID02564,31,Male,Rajasthan,Jaipur,2022-03-07,Partially Vaccinated,Fatigue,Negative,No,0,None,95,Heart Disease,311.87,Not Infected
COVID01544,15,Male,Telangana,Warangal,2022-03-07,Fully Vaccinated,None,Positive,No,17,Mild,93,None,941.32,Recovered
COVID03207,85,Male,Tamil Nadu,Chennai,2022-03-07,Fully Vaccinated,None,Negative,No,0,None,96,None,32.71,Not Infected
COVID02586,13,Male,Delhi,Rohini,2022-03-07,Booster,Breathing Difficulty,Positive,Yes,11,Severe,97,Asthma,2375.47,Recovered
COVID01091,8,Female,Karnataka,Mangaluru,2022-03-07,Fully Vaccinated,None,Negative,No,0,None,98,Diabetes,426.81,Not Infected
COVID00659,65,Male,Tamil Nadu,Coimbatore,2022-03-08,Fully Vaccinated,Loss of Taste/Smell,Negative,No,0,None,99,Hypertension,1.27,Not Infected
COVID00310,37,Female,Tamil Nadu,Chennai,2022-03-08,Fully Vaccinated,Cough,Positive,No,21,Mild,95,Asthma,819.86,Recovered
COVID04794,49,Male,Rajasthan,Jodhpur,2022-03-08,Fully Vaccinated,Fever,Positive,No,14,Mild,96,Multiple,922.94,Recovered
COVID03028,46,Male,Gujarat,Ahmedabad,2022-03-08,Fully Vaccinated,Fever,Positive,No,21,Mild,100,None,1897.11,Recovered
COVID03689,82,Male,Kerala,Thrissur,2022-03-08,Fully Vaccinated,None,Positive,No,17,Moderate,94,Diabetes,1231.1,Deceased
COVID04854,15,Female,Maharashtra,Nagpur,2022-03-09,Partially Vaccinated,Breathing Difficulty,Negative,No,0,None,95,Diabetes,190.87,Not Infected
COVID00209,62,Male,Rajasthan,Jodhpur,2022-03-09,Not Vaccinated,Fatigue,Negative,No,0,None,96,None,179.05,Not Infected
COVID02040,49,Female,Andhra Pradesh,Vijayawada,2022-03-09,Fully Vaccinated,Cough,Positive,No,13,Moderate,99,Hypertension,568.61,Recovered
COVID04777,25,Female,West Bengal,Howrah,2022-03-09,Booster,Sore Throat,Negative,No,0,None,96,None,193.96,Not Infected
COVID00991,50,Male,Gujarat,Vadodara,2022-03-10,Not Vaccinated,Fatigue,Positive,No,33,Critical,96,Hypertension,1004.83,Recovered
COVID04764,28,Male,Gujarat,Ahmedabad,2022-03-10,Fully Vaccinated,None,Positive,No,13,Mild,100,None,1357.19,Recovered
COVID03713,58,Female,Rajasthan,Udaipur,2022-03-10,Partially Vaccinated,Sore Throat,Negative,No,0,None,100,Hypertension,271.92,Not Infected
COVID00868,73,Male,Andhra Pradesh,Guntur,2022-03-11,Partially Vaccinated,Sore Throat,Positive,Yes,22,Severe,98,Hypertension,4607.02,Recovered
COVID04664,43,Male,Delhi,Dwarka,2022-03-11,Not Vaccinated,None,Positive,No,14,Mild,99,Asthma,1617.69,Recovered
COVID03075,33,Male,Kerala,Kozhikode,2022-03-11,Partially Vaccinated,None,Negative,No,0,None,98,Multiple,229.7,Not Infected
COVID04484,43,Male,Karnataka,Hubballi,2022-03-11,Fully Vaccinated,Fever,Positive,No,24,Mild,93,Asthma,1911.7,Recovered
COVID03268,37,Male,Gujarat,Surat,2022-03-11,Not Vaccinated,Cough,Positive,Yes,16,Moderate,100,Diabetes,1507.33,Recovered
COVID04858,16,Male,Telangana,Hyderabad,2022-03-11,Partially Vaccinated,Sore Throat,Positive,No,23,Severe,100,None,497.23,Recovered
COVID00093,18,Female,Telangana,Nizamabad,2022-03-11,Booster,Cough,Positive,No,19,Mild,94,None,2183.71,Recovered
COVID01213,33,Female,West Bengal,Kolkata,2022-03-11,Fully Vaccinated,Fatigue,Negative,No,0,None,98,Diabetes,54.55,Not Infected
COVID03082,49,Female,Kerala,Thrissur,2022-03-11,Fully Vaccinated,Breathing Difficulty,Positive,Yes,32,Severe,94,None,6197.49,Recovered
COVID01463,9,Female,Maharashtra,Pune,2022-03-12,Not Vaccinated,None,Positive,Yes,26,Moderate,98,None,5035.79,Recovered
COVID02944,21,Male,Rajasthan,Udaipur,2022-03-12,Not Vaccinated,Sore Throat,Negative,No,0,None,96,None,213.48,Not Infected
COVID00038,19,Male,Delhi,Rohini,2022-03-12,Not Vaccinated,None,Negative,No,0,None,100,None,477.43,Not Infected
COVID04003,68,Male,Karnataka,Hubballi,2022-03-12,Fully Vaccinated,Breathing Difficulty,Negative,No,0,None,96,Asthma,174.17,Not Infected
COVID04382,18,Male,Tamil Nadu,Chennai,2022-03-12,Partially Vaccinated,Fever,Positive,No,36,Severe,92,None,2473.15,Recovered
COVID04930,40,Male,West Bengal,Kolkata,2022-03-12,Booster,Cough,Positive,No,18,Mild,97,None,2323.84,Recovered
COVID02998,20,Female,Tamil Nadu,Chennai,2022-03-12,Partially Vaccinated,Sore Throat,Positive,Yes,21,Severe,89,None,6414.51,Deceased
COVID04421,44,Female,Rajasthan,Jodhpur,2022-03-13,Fully Vaccinated,Loss of Taste/Smell,Positive,No,22,Mild,96,Multiple,1430.76,Recovered
COVID01641,78,Female,Karnataka,Hubballi,2022-03-13,Partially Vaccinated,Fever,Positive,Yes,5,Moderate,98,Diabetes,6432.12,Recovered
COVID02614,59,Female,Delhi,Rohini,2022-03-13,Fully Vaccinated,Fatigue,Negative,No,0,None,95,None,7.06,Not Infected
COVID01093,67,Female,Tamil Nadu,Madurai,2022-03-13,Fully Vaccinated,Sore Throat,Positive,No,18,Mild,96,None,905.87,Deceased
COVID00400,36,Male,Gujarat,Surat,2022-03-13,Not Vaccinated,Sore Throat,Negative,No,0,None,97,None,45.93,Not Infected
COVID01998,57,Female,Telangana,Warangal,2022-03-13,Partially Vaccinated,Cough,Positive,No,13,Mild,93,None,946.45,Recovered
COVID03104,58,Female,Gujarat,Surat,2022-03-13,Not Vaccinated,Loss of Taste/Smell,Positive,No,7,Moderate,97,None,1492.79,Recovered
COVID00211,39,Female,Maharashtra,Nagpur,2022-03-14,Not Vaccinated,Sore Throat,Positive,Yes,33,Severe,89,Heart Disease,7444.78,Recovered
COVID02110,64,Female,Rajasthan,Jaipur,2022-03-14,Partially Vaccinated,Fever,Positive,Yes,29,Moderate,97,None,3572.63,Recovered
COVID02445,60,Other,Rajasthan,Jaipur,2022-03-14,Booster,Sore Throat,Positive,No,20,Mild,96,None,2300.77,Recovered
COVID01834,12,Male,Kerala,Kozhikode,2022-03-14,Fully Vaccinated,Loss of Taste/Smell,Negative,No,0,None,97,Asthma,74.53,Not Infected
COVID01581,10,Male,West Bengal,Kolkata,2022-03-14,Not Vaccinated,Sore Throat,Positive,Yes,25,Critical,89,None,5376.07,Deceased
COVID00552,21,Female,Maharashtra,Nagpur,2022-03-14,Fully Vaccinated,Cough,Positive,No,11,Mild,93,None,2174.26,Recovered
COVID00274,12,Male,Delhi,Rohini,2022-03-15,Not Vaccinated,Cough,Negative,No,0,None,98,Hypertension,204.47,Not Infected
COVID02874,64,Female,Delhi,Dwarka,2022-03-15,Fully Vaccinated,Cough,Positive,No,18,Moderate,95,None,2323.46,Deceased
COVID03474,48,Female,Rajasthan,Jodhpur,2022-03-15,Fully Vaccinated,None,Negative,No,0,None,96,None,238.74,Not Infected
COVID02015,6,Female,Gujarat,Vadodara,2022-03-15,Fully Vaccinated,None,Positive,Yes,36,Severe,89,Asthma,6092.69,Recovered
COVID04697,74,Female,Maharashtra,Nashik,2022-03-16,Fully Vaccinated,Sore Throat,Negative,No,0,None,97,None,498.03,Not Infected
COVID02781,52,Male,Delhi,New Delhi,2022-03-16,Fully Vaccinated,Fatigue,Negative,No,0,None,95,Hypertension,307.59,Not Infected
COVID02221,77,Male,Kerala,Kochi,2022-03-16,Fully Vaccinated,Fever,Negative,No,0,None,99,None,372.61,Not Infected
COVID00726,55,Male,Kerala,Thiruvananthapuram,2022-03-16,Partially Vaccinated,Cough,Negative,No,0,None,98,None,468.92,Not Infected
COVID00104,54,Female,Delhi,Rohini,2022-03-17,Fully Vaccinated,Sore Throat,Negative,No,0,None,100,Hypertension,40.73,Not Infected
COVID03419,75,Male,Gujarat,Vadodara,2022-03-18,Fully Vaccinated,Sore Throat,Positive,Yes,23,Severe,98,Asthma,6162.28,Recovered
COVID01796,46,Male,West Bengal,Howrah,2022-03-18,Fully Vaccinated,Fever,Positive,No,6,Mild,93,None,599.86,Recovered
COVID01919,84,Male,Gujarat,Vadodara,2022-03-19,Not Vaccinated,Fatigue,Positive,No,11,Mild,100,Asthma,1168.97,Recovered
COVID04464,63,Female,Telangana,Warangal,2022-03-19,Booster,Fatigue,Positive,No,27,Mild,100,Hypertension,709.79,Recovered
COVID00055,31,Female,Gujarat,Ahmedabad,2022-03-19,Fully Vaccinated,Sore Throat,Positive,No,17,Mild,100,None,600.04,Recovered
COVID01106,6,Male,Karnataka,Mangaluru,2022-03-19,Fully Vaccinated,Fever,Positive,No,18,Moderate,98,None,740.19,Recovered
COVID04481,49,Female,West Bengal,Kolkata,2022-03-19,Fully Vaccinated,Fever,Positive,Yes,17,Moderate,94,None,5439.46,Recovered
COVID03793,78,Female,Kerala,Thiruvananthapuram,2022-03-19,Partially Vaccinated,Cough,Positive,No,20,Mild,95,Multiple,1261.39,Recovered
COVID04495,19,Male,Rajasthan,Jodhpur,2022-03-19,Fully Vaccinated,Sore Throat,Negative,No,0,None,96,None,158.8,Not Infected
COVID02444,59,Male,Telangana,Nizamabad,2022-03-20,Booster,Fever,Positive,Yes,26,Severe,100,Diabetes,6599.03,Deceased
COVID02950,5,Male,Tamil Nadu,Madurai,2022-03-20,Partially Vaccinated,Loss of Taste/Smell,Negative,No,0,None,95,None,232.35,Not Infected
COVID02943,26,Female,Delhi,Rohini,2022-03-20,Not Vaccinated,None,Positive,Yes,29,Moderate,97,Hypertension,5580.1,Recovered
COVID04442,23,Male,Gujarat,Vadodara,2022-03-20,Fully Vaccinated,Breathing Difficulty,Positive,No,10,Moderate,94,Hypertension,1297.96,Recovered
COVID00820,9,Male,Maharashtra,Pune,2022-03-20,Fully Vaccinated,Fatigue,Positive,No,31,Critical,93,None,1499.0,Recovered
COVID04387,47,Male,Rajasthan,Udaipur,2022-03-20,Fully Vaccinated,Fever,Negative,No,0,None,95,None,68.37,Not Infected
COVID01522,68,Male,Tamil Nadu,Salem,2022-03-21,Partially Vaccinated,Fever,Positive,Yes,13,Moderate,99,None,6205.7,Recovered
COVID00256,29,Male,Maharashtra,Pune,2022-03-21,Booster,None,Positive,No,5,Moderate,95,Hypertension,1889.87,Recovered
COVID04826,79,Male,Rajasthan,Jaipur,2022-03-21,Booster,Cough,Positive,No,23,Mild,100,None,1687.51,Recovered
COVID02656,81,Female,Telangana,Warangal,2022-03-21,Booster,Breathing Difficulty,Positive,Yes,29,Moderate,96,Hypertension,3490.87,Recovered
COVID00201,27,Male,Andhra Pradesh,Visakhapatnam,2022-03-22,Partially Vaccinated,Fever,Negative,No,0,None,95,None,485.15,Not Infected
COVID00063,67,Male,Karnataka,Mangaluru,2022-03-22,Not Vaccinated,None,Positive,No,25,Mild,94,None,1819.3,Recovered
COVID02758,82,Male,Gujarat,Surat,2022-03-23,Fully Vaccinated,Breathing Difficulty,Positive,No,15,Severe,100,None,1647.78,Recovered
COVID01035,44,Male,West Bengal,Howrah,2022-03-24,Fully Vaccinated,Fatigue,Positive,No,9,Mild,94,Hypertension,736.25,Recovered
COVID03088,53,Male,Andhra Pradesh,Vijayawada,2022-03-24,Not Vaccinated,None,Positive,No,24,Mild,94,None,1808.51,Deceased
COVID03076,52,Male,Karnataka,Mangaluru,2022-03-25,Fully Vaccinated,Fever,Positive,No,23,Mild,97,None,1227.56,Recovered
COVID02946,72,Female,Gujarat,Surat,2022-03-25,Not Vaccinated,None,Positive,No,30,Moderate,96,Hypertension,1149.18,Recovered
COVID03965,27,Female,Karnataka,Mysuru,2022-03-26,Fully Vaccinated,Loss of Taste/Smell,Positive,Yes,19,Moderate,98,Multiple,1542.09,Recovered
COVID04369,42,Female,Kerala,Thrissur,2022-03-26,Fully Vaccinated,Sore Throat,Positive,No,14,Mild,93,Hypertension,1088.7,Recovered
COVID04184,53,Male,Rajasthan,Jaipur,2022-03-26,Not Vaccinated,Breathing Difficulty,Positive,No,31,Severe,92,Hypertension,700.97,Recovered
COVID02361,9,Female,Telangana,Warangal,2022-03-26,Not Vaccinated,Fatigue,Positive,Yes,39,Critical,99,None,1616.27,Recovered
COVID01908,5,Male,Kerala,Kozhikode,2022-03-26,Not Vaccinated,Breathing Difficulty,Negative,No,0,None,98,None,245.41,Not Infected
COVID01561,41,Male,West Bengal,Kolkata,2022-03-26,Partially Vaccinated,Loss of Taste/Smell,Positive,Yes,27,Moderate,94,Heart Disease,5849.43,Recovered
COVID04406,43,Female,Maharashtra,Pune,2022-03-26,Fully Vaccinated,None,Positive,No,27,Mild,98,None,2040.31,Recovered
COVID01723,37,Male,Rajasthan,Jodhpur,2022-03-27,Partially Vaccinated,None,Negative,No,0,None,95,Heart Disease,44.92,Not Infected
COVID04734,60,Female,West Bengal,Kolkata,2022-03-27,Fully Vaccinated,Loss of Taste/Smell,Negative,No,0,None,96,Hypertension,482.09,Not Infected
COVID01966,51,Female,Gujarat,Surat,2022-03-27,Not Vaccinated,None,Positive,Yes,21,Severe,100,None,3667.83,Recovered
COVID00205,35,Female,Maharashtra,Nashik,2022-03-27,Fully Vaccinated,Breathing Difficulty,Negative,No,0,None,97,None,69.41,Not Infected
COVID00457,50,Female,Karnataka,Hubballi,2022-03-27,Fully Vaccinated,Fever,Negative,No,0,None,100,None,223.59,Not Infected
COVID03151,20,Male,Andhra Pradesh,Vijayawada,2022-03-27,Fully Vaccinated,Fever,Positive,No,32,Severe,90,None,2341.01,Recovered
COVID03421,54,Male,Andhra Pradesh,Visakhapatnam,2022-03-27,Partially Vaccinated,Loss of Taste/Smell,Positive,No,29,Mild,100,None,383.25,Recovered
COVID04523,79,Male,Andhra Pradesh,Visakhapatnam,2022-03-27,Not Vaccinated,Fever,Negative,No,0,None,95,None,335.4,Not Infected
COVID04522,16,Male,Andhra Pradesh,Guntur,2022-03-27,Not Vaccinated,Fever,Positive,No,28,Mild,93,None,1516.57,Recovered
COVID01752,8,Male,Andhra Pradesh,Guntur,2022-03-27,Fully Vaccinated,Cough,Positive,Yes,32,Severe,98,None,3542.6,Recovered
COVID00179,56,Female,Karnataka,Mysuru,2022-03-28,Fully Vaccinated,Sore Throat,Negative,No,0,None,98,Hypertension,199.11,Not Infected
COVID04808,80,Male,Andhra Pradesh,Guntur,2022-03-28,Fully Vaccinated,Sore Throat,Positive,Yes,12,Moderate,99,None,7456.01,Recovered
COVID04654,20,Female,Andhra Pradesh,Vijayawada,2022-03-28,Not Vaccinated,None,Positive,Yes,11,Moderate,97,None,5934.22,Recovered
COVID01079,43,Male,Tamil Nadu,Salem,2022-03-28,Partially Vaccinated,Fever,Positive,Yes,7,Moderate,97,Heart Disease,3123.09,Recovered
COVID02980,33,Male,Delhi,Rohini,2022-03-28,Not Vaccinated,Cough,Positive,No,6,Mild,93,None,1121.03,Recovered
COVID02354,53,Male,Delhi,Rohini,2022-03-29,Fully Vaccinated,Fever,Positive,No,24,Mild,95,Diabetes,2166.66,Deceased
COVID02494,72,Female,Telangana,Nizamabad,2022-03-29,Fully Vaccinated,Fever,Positive,Yes,33,Critical,98,Hypertension,5358.09,Recovered
COVID03732,61,Female,Kerala,Kozhikode,2022-03-29,Fully Vaccinated,None,Positive,No,24,Mild,93,None,1081.01,Recovered
COVID02570,55,Female,Rajasthan,Udaipur,2022-03-30,Fully Vaccinated,Cough,Positive,No,17,Mild,98,None,591.84,Recovered
COVID01446,27,Male,Karnataka,Bengaluru,2022-03-30,Fully Vaccinated,Fever,Positive,No,23,Mild,97,Asthma,2068.03,Recovered
COVID00620,82,Female,West Bengal,Durgapur,2022-03-30,Fully Vaccinated,Cough,Negative,No,0,None,99,None,434.25,Not Infected
COVID02196,37,Female,Andhra Pradesh,Vijayawada,2022-03-30,Booster,Fever,Negative,No,0,None,98,None,398.37,Not Infected
COVID04856,43,Female,Andhra Pradesh,Visakhapatnam,2022-03-30,Booster,Sore Throat,Positive,No,27,Mild,94,None,2312.93,Recovered
COVID02405,82,Male,Tamil Nadu,Coimbatore,2022-03-31,Not Vaccinated,Sore Throat,Positive,No,10,Mild,99,Hypertension,1503.07,Recovered
COVID03738,52,Male,Delhi,Rohini,2022-03-31,Fully Vaccinated,None,Positive,Yes,12,Moderate,100,Heart Disease,6529.15,Recovered
COVID02823,14,Male,West Bengal,Durgapur,2022-03-31,Fully Vaccinated,Cough,Negative,No,0,None,96,None,2.02,Not Infected
COVID03706,82,Female,Andhra Pradesh,Guntur,2022-03-31,Not Vaccinated,Sore Throat,Negative,No,0,None,97,Diabetes,477.54,Not Infected
COVID01749,84,Female,Delhi,New Delhi,2022-03-31,Partially Vaccinated,Cough,Positive,Yes,39,Critical,94,Asthma,4351.7,Recovered
COVID02666,64,Female,Gujarat,Ahmedabad,2022-03-31,Fully Vaccinated,None,Negative,No,0,None,96,None,376.49,Not Infected
COVID00576,8,Female,Delhi,Rohini,2022-04-01,Fully Vaccinated,Fatigue,Positive,No,26,Mild,97,Diabetes,1890.74,Recovered
COVID04599,13,Female,Andhra Pradesh,Vijayawada,2022-04-01,Fully Vaccinated,Cough,Positive,No,12,Mild,93,None,2449.04,Recovered
COVID00732,41,Male,Karnataka,Mysuru,2022-04-01,Partially Vaccinated,Breathing Difficulty,Negative,No,0,None,97,None,32.06,Not Infected
COVID02097,14,Male,Maharashtra,Nashik,2022-04-01,Fully Vaccinated,Loss of Taste/Smell,Negative,No,0,None,97,None,115.29,Not Infected
COVID04092,23,Male,Rajasthan,Udaipur,2022-04-01,Booster,Cough,Positive,No,19,Moderate,99,Asthma,608.59,Recovered
COVID03354,49,Female,Delhi,Rohini,2022-04-02,Not Vaccinated,Cough,Negative,No,0,None,96,None,377.05,Not Infected
COVID01956,25,Female,Rajasthan,Jaipur,2022-04-03,Fully Vaccinated,Breathing Difficulty,Negative,No,0,None,95,Hypertension,349.94,Not Infected
COVID00937,70,Female,West Bengal,Howrah,2022-04-03,Fully Vaccinated,Sore Throat,Negative,No,0,None,96,None,166.85,Not Infected
COVID01011,51,Female,Rajasthan,Udaipur,2022-04-03,Partially Vaccinated,Fatigue,Positive,No,30,Mild,100,None,1101.84,Recovered
COVID02083,7,Female,Andhra Pradesh,Guntur,2022-04-03,Booster,Fatigue,Positive,No,11,Mild,98,Hypertension,954.28,Recovered
COVID02159,81,Female,Maharashtra,Pune,2022-04-03,Fully Vaccinated,Fever,Positive,No,25,Moderate,94,None,1986.09,Deceased
COVID00411,64,Male,Andhra Pradesh,Guntur,2022-04-03,Partially Vaccinated,Fatigue,Negative,No,0,None,99,Hypertension,435.73,Not Infected
COVID00332,83,Male,Delhi,Rohini,2022-04-04,Fully Vaccinated,Loss of Taste/Smell,Positive,No,33,Severe,88,Hypertension,2248.41,Recovered
COVID03487,16,Male,Andhra Pradesh,Visakhapatnam,2022-04-04,Not Vaccinated,Fever,Positive,No,28,Mild,100,None,1766.31,Recovered
COVID00510,85,Female,West Bengal,Howrah,2022-04-04,Fully Vaccinated,None,Positive,No,28,Mild,100,Diabetes,1469.42,Recovered
COVID03895,9,Female,Tamil Nadu,Salem,2022-04-04,Fully Vaccinated,Sore Throat,Positive,No,18,Mild,96,None,2177.48,Recovered
COVID01160,66,Male,Andhra Pradesh,Vijayawada,2022-04-04,Partially Vaccinated,Cough,Positive,No,28,Mild,96,Multiple,1335.18,Recovered
COVID01517,12,Female,Karnataka,Bengaluru,2022-04-04,Not Vaccinated,None,Positive,No,7,Mild,99,None,2436.82,Recovered
COVID04972,66,Female,West Bengal,Kolkata,2022-04-04,Partially Vaccinated,Loss of Taste/Smell,Positive,No,30,Mild,98,None,426.45,Recovered
COVID04948,62,Male,West Bengal,Kolkata,2022-04-05,Booster,Fever,Negative,No,0,None,100,Diabetes,39.16,Not Infected
COVID02219,24,Male,Karnataka,Mangaluru,2022-04-05,Not Vaccinated,Cough,Negative,No,0,None,98,None,123.06,Not Infected
COVID02118,38,Male,Andhra Pradesh,Visakhapatnam,2022-04-05,Booster,Loss of Taste/Smell,Positive,No,29,Mild,97,None,1791.75,Recovered
COVID00524,82,Female,Telangana,Warangal,2022-04-06,Partially Vaccinated,None,Positive,No,5,Mild,97,None,1467.96,Recovered
COVID01304,24,Female,Andhra Pradesh,Vijayawada,2022-04-06,Not Vaccinated,Fatigue,Positive,No,29,Mild,94,None,382.16,Recovered
COVID04898,20,Male,Rajasthan,Udaipur,2022-04-06,Not Vaccinated,Cough,Positive,No,5,Mild,94,Diabetes,1876.78,Recovered
COVID04711,52,Female,Delhi,New Delhi,2022-04-06,Partially Vaccinated,Fatigue,Positive,No,18,Mild,94,None,1982.07,Recovered
COVID01014,33,Male,Maharashtra,Nagpur,2022-04-06,Not Vaccinated,Fatigue,Negative,No,0,None,97,None,410.82,Not Infected
COVID00998,76,Female,Gujarat,Vadodara,2022-04-06,Not Vaccinated,Breathing Difficulty,Positive,No,28,Mild,94,Hypertension,539.23,Recovered
COVID00285,35,Male,Andhra Pradesh,Guntur,2022-04-07,Not Vaccinated,Fever,Positive,Yes,10,Moderate,95,Hypertension,4622.89,Recovered
COVID02513,37,Female,Karnataka,Bengaluru,2022-04-07,Not Vaccinated,None,Positive,Yes,11,Moderate,95,Asthma,5467.34,Recovered
COVID01288,54,Male,Telangana,Warangal,2022-04-07,Fully Vaccinated,None,Negative,No,0,None,95,None,53.01,Not Infected
COVID03423,17,Female,Rajasthan,Jodhpur,2022-04-07,Partially Vaccinated,Cough,Negative,No,0,None,98,None,143.87,Not Infected
COVID03928,11,Male,Andhra Pradesh,Vijayawada,2022-04-07,Fully Vaccinated,Fever,Positive,No,22,Mild,96,Asthma,2104.62,Recovered
COVID00210,7,Male,Maharashtra,Pune,2022-04-07,Not Vaccinated,Fatigue,Positive,No,14,Severe,91,Diabetes,2318.96,Recovered
COVID02240,73,Male,Telangana,Nizamabad,2022-04-07,Partially Vaccinated,Cough,Positive,Yes,35,Severe,91,Hypertension,5725.55,Deceased
COVID03646,42,Female,West Bengal,Durgapur,2022-04-08,Not Vaccinated,Sore Throat,Positive,No,10,Mild,97,Heart Disease,1150.05,Recovered
COVID03017,28,Female,West Bengal,Kolkata,2022-04-09,Not Vaccinated,Sore Throat,Negative,No,0,None,95,None,231.62,Not Infected
COVID01900,76,Male,Delhi,New Delhi,2022-04-09,Partially Vaccinated,Fatigue,Positive,No,26,Mild,97,Diabetes,1535.1,Deceased
COVID01234,40,Male,Gujarat,Ahmedabad,2022-04-09,Partially Vaccinated,Fatigue,Positive,No,9,Mild,94,Hypertension,1706.01,Recovered
COVID00372,25,Female,Andhra Pradesh,Guntur,2022-04-09,Not Vaccinated,Cough,Negative,No,0,None,98,Diabetes,436.73,Not Infected
COVID00158,74,Male,Maharashtra,Nashik,2022-04-09,Not Vaccinated,Loss of Taste/Smell,Positive,No,14,Mild,100,None,1889.39,Recovered
COVID04908,5,Male,Kerala,Thiruvananthapuram,2022-04-09,Fully Vaccinated,Loss of Taste/Smell,Positive,Yes,20,Moderate,100,None,7719.27,Recovered
COVID02623,50,Male,Delhi,Dwarka,2022-04-10,Fully Vaccinated,Sore Throat,Positive,No,24,Mild,93,None,852.24,Recovered
COVID02528,54,Male,Gujarat,Ahmedabad,2022-04-10,Not Vaccinated,Fever,Positive,Yes,27,Moderate,97,None,3498.37,Recovered
COVID02972,11,Male,Karnataka,Bengaluru,2022-04-10,Not Vaccinated,None,Negative,No,0,None,95,None,282.45,Not Infected
COVID04760,47,Male,Rajasthan,Jaipur,2022-04-11,Fully Vaccinated,Breathing Difficulty,Negative,No,0,None,100,Hypertension,158.31,Not Infected
COVID04133,64,Female,Maharashtra,Pune,2022-04-11,Booster,Sore Throat,Positive,Yes,21,Severe,95,None,3737.87,Recovered
COVID04459,7,Female,Gujarat,Vadodara,2022-04-12,Fully Vaccinated,Fatigue,Negative,No,0,None,96,None,36.52,Not Infected
COVID03228,62,Male,Andhra Pradesh,Visakhapatnam,2022-04-12,Fully Vaccinated,Sore Throat,Positive,No,21,Mild,95,Multiple,1196.78,Recovered
COVID03393,28,Female,Rajasthan,Jaipur,2022-04-12,Not Vaccinated,Fatigue,Positive,No,18,Mild,93,None,910.28,Recovered
COVID03053,31,Female,Karnataka,Hubballi,2022-04-12,Fully Vaccinated,None,Positive,No,27,Mild,98,Diabetes,464.15,Recovered
COVID01564,21,Male,Gujarat,Vadodara,2022-04-12,Partially Vaccinated,Fatigue,Negative,No,0,None,99,Hypertension,403.76,Not Infected
COVID04665,78,Female,Maharashtra,Nashik,2022-04-13,Not Vaccinated,Cough,Positive,Yes,26,Severe,88,None,5326.35,Recovered
COVID00479,84,Male,Telangana,Nizamabad,2022-04-13,Partially Vaccinated,None,Positive,Yes,6,Moderate,94,Diabetes,3549.04,Recovered
COVID00085,25,Female,Gujarat,Vadodara,2022-04-13,Partially Vaccinated,Sore Throat,Positive,No,19,Mild,100,None,1081.9,Recovered
COVID03707,55,Female,Telangana,Nizamabad,2022-04-13,Fully Vaccinated,Cough,Positive,Yes,21,Moderate,97,Heart Disease,4751.46,Recovered
COVID01520,51,Female,Kerala,Thrissur,2022-04-14,Booster,Fatigue,Positive,No,9,Mild,100,None,2246.23,Deceased
COVID03328,43,Female,Rajasthan,Jodhpur,2022-04-14,Fully Vaccinated,Loss of Taste/Smell,Positive,No,11,Mild,98,Diabetes,990.93,Recovered
COVID04970,70,Male,Rajasthan,Jodhpur,2022-04-14,Partially Vaccinated,Fever,Positive,No,16,Mild,99,Asthma,1188.04,Recovered
COVID03878,65,Male,Delhi,Rohini,2022-04-14,Fully Vaccinated,Cough,Positive,Yes,12,Moderate,94,Hypertension,6556.47,Recovered
COVID03484,10,Female,Kerala,Kochi,2022-04-14,Fully Vaccinated,Breathing Difficulty,Negative,No,0,None,99,Asthma,205.77,Not Infected
COVID01452,34,Female,Gujarat,Vadodara,2022-04-14,Fully Vaccinated,None,Positive,No,10,Mild,95,None,700.06,Recovered
COVID01338,31,Female,Tamil Nadu,Salem,2022-04-14,Partially Vaccinated,None,Positive,Yes,16,Moderate,97,Multiple,4529.58,Recovered
COVID03539,10,Male,Tamil Nadu,Chennai,2022-04-14,Fully Vaccinated,Fatigue,Negative,No,0,None,95,None,422.85,Not Infected
COVID03346,7,Male,Telangana,Nizamabad,2022-04-15,Fully Vaccinated,Loss of Taste/Smell,Negative,No,0,None,97,Hypertension,242.48,Not Infected
COVID01313,76,Male,Delhi,Rohini,2022-04-15,Booster,Breathing Difficulty,Negative,No,0,None,100,Diabetes,279.21,Not Infected
COVID01063,34,Female,Andhra Pradesh,Visakhapatnam,2022-04-15,Fully Vaccinated,Cough,Positive,No,13,Mild,93,None,1081.67,Recovered
COVID01470,84,Female,Kerala,Thrissur,2022-04-15,Fully Vaccinated,None,Positive,No,21,Mild,99,None,1620.63,Recovered
COVID04784,21,Female,Kerala,Kochi,2022-04-15,Fully Vaccinated,Sore Throat,Positive,Yes,17,Severe,89,Hypertension,1915.76,Deceased
COVID04160,6,Female,Maharashtra,Pune,2022-04-15,Partially Vaccinated,None,Positive,No,19,Mild,96,None,1180.71,Recovered
COVID00232,77,Male,Tamil Nadu,Salem,2022-04-16,Fully Vaccinated,None,Positive,Yes,45,Critical,97,None,2187.65,Recovered
COVID01341,21,Female,Delhi,Rohini,2022-04-16,Fully Vaccinated,Fatigue,Positive,No,18,Mild,99,Diabetes,1268.74,Recovered
COVID03998,82,Male,Rajasthan,Udaipur,2022-04-16,Fully Vaccinated,Cough,Positive,No,15,Mild,94,None,1108.96,Recovered
COVID02306,54,Female,Tamil Nadu,Madurai,2022-04-16,Fully Vaccinated,Cough,Positive,No,10,Mild,96,None,2238.58,Recovered
COVID00517,58,Male,Telangana,Nizamabad,2022-04-16,Partially Vaccinated,Cough,Negative,No,0,None,98,Hypertension,22.43,Not Infected
COVID04646,40,Female,Andhra Pradesh,Guntur,2022-04-16,Booster,Cough,Positive,Yes,34,Severe,90,None,6696.38,Recovered
COVID03111,10,Male,Karnataka,Mysuru,2022-04-17,Booster,Loss of Taste/Smell,Positive,Yes,26,Moderate,94,None,3456.47,Recovered
COVID03297,64,Male,Delhi,Dwarka,2022-04-17,Partially Vaccinated,Fever,Positive,Yes,32,Severe,97,Hypertension,3624.02,Recovered
COVID04008,61,Female,Kerala,Kochi,2022-04-17,Fully Vaccinated,Fatigue,Positive,Yes,20,Moderate,96,Hypertension,2634.23,Recovered
COVID01318,25,Female,Karnataka,Mangaluru,2022-04-17,Partially Vaccinated,Sore Throat,Negative,No,0,None,96,Heart Disease,314.66,Not Infected
COVID04418,77,Male,Delhi,Dwarka,2022-04-18,Fully Vaccinated,Fatigue,Positive,Yes,14,Moderate,95,None,3660.96,Deceased
COVID03182,10,Female,Maharashtra,Nagpur,2022-04-18,Partially Vaccinated,Cough,Negative,No,0,None,99,Diabetes,344.21,Not Infected
COVID00248,32,Male,Gujarat,Vadodara,2022-04-18,Fully Vaccinated,Breathing Difficulty,Negative,No,0,None,100,Multiple,419.16,Not Infected
COVID03902,38,Female,Maharashtra,Mumbai,2022-04-19,Partially Vaccinated,None,Negative,No,0,None,100,None,397.69,Not Infected
COVID01409,10,Female,Maharashtra,Mumbai,2022-04-19,Fully Vaccinated,Cough,Positive,Yes,28,Moderate,99,Hypertension,3123.74,Recovered
COVID03834,40,Male,Tamil Nadu,Chennai,2022-04-19,Booster,Breathing Difficulty,Negative,No,0,None,96,None,496.45,Not Infected
COVID03138,35,Female,Kerala,Kozhikode,2022-04-19,Not Vaccinated,Fatigue,Positive,No,18,Mild,96,Hypertension,2275.39,Recovered
COVID00491,47,Male,Tamil Nadu,Salem,2022-04-20,Not Vaccinated,Cough,Negative,No,0,None,98,None,260.96,Not Infected
COVID00799,20,Male,Delhi,Rohini,2022-04-20,Fully Vaccinated,Fever,Negative,No,0,None,97,None,498.06,Not Infected
COVID03939,58,Female,Kerala,Thrissur,2022-04-21,Fully Vaccinated,Fever,Positive,No,26,Mild,97,Asthma,360.4,Deceased
COVID01759,69,Male,Gujarat,Ahmedabad,2022-04-22,Booster,Fever,Positive,Yes,17,Moderate,93,None,6000.78,Recovered
COVID04250,83,Male,Tamil Nadu,Chennai,2022-04-22,Fully Vaccinated,Cough,Negative,No,0,None,99,Heart Disease,373.11,Not Infected
COVID02695,23,Female,Telangana,Warangal,2022-04-22,Fully Vaccinated,None,Positive,Yes,30,Moderate,96,Heart Disease,5716.51,Recovered
COVID02520,84,Male,West Bengal,Durgapur,2022-04-22,Partially Vaccinated,Cough,Positive,No,10,Mild,96,None,1825.0,Deceased
COVID03093,63,Female,Rajasthan,Udaipur,2022-04-22,Partially Vaccinated,Loss of Taste/Smell,Positive,Yes,10,Moderate,97,None,3367.1,Recovered
COVID01293,55,Male,Karnataka,Hubballi,2022-04-23,Fully Vaccinated,None,Positive,Yes,14,Moderate,93,Diabetes,4350.23,Recovered
COVID02121,68,Male,Kerala,Kochi,2022-04-23,Partially Vaccinated,Sore Throat,Negative,No,0,None,97,Multiple,140.14,Not Infected
COVID03999,60,Female,Gujarat,Ahmedabad,2022-04-24,Not Vaccinated,Fever,Negative,No,0,None,97,None,457.21,Not Infected
COVID01639,75,Male,Delhi,New Delhi,2022-04-24,Fully Vaccinated,Cough,Positive,No,16,Mild,100,None,1991.36,Recovered
COVID01060,80,Male,Gujarat,Surat,2022-04-24,Fully Vaccinated,None,Positive,No,18,Mild,94,None,2144.1,Recovered
COVID00951,59,Female,Delhi,New Delhi,2022-04-25,Fully Vaccinated,Fever,Positive,Yes,33,Severe,95,None,1589.17,Recovered
COVID00579,71,Male,West Bengal,Kolkata,2022-04-25,Not Vaccinated,Fatigue,Positive,Yes,25,Moderate,100,None,1893.42,Recovered
COVID03177,57,Female,Telangana,Warangal,2022-04-25,Fully Vaccinated,Breathing Difficulty,Positive,No,26,Mild,100,Heart Disease,1367.97,Recovered
COVID03941,10,Male,Rajasthan,Jaipur,2022-04-25,Partially Vaccinated,Cough,Positive,No,26,Mild,97,Asthma,2084.89,Recovered
COVID02537,20,Male,Rajasthan,Udaipur,2022-04-25,Not Vaccinated,Cough,Positive,No,24,Mild,98,Heart Disease,401.91,Recovered
COVID02913,40,Male,Rajasthan,Jaipur,2022-04-25,Not Vaccinated,Fever,Positive,Yes,5,Moderate,99,Hypertension,7725.07,Recovered
COVID01490,78,Male,Gujarat,Vadodara,2022-04-26,Fully Vaccinated,Fatigue,Positive,No,5,Mild,93,None,777.05,Recovered
COVID04471,77,Female,Tamil Nadu,Coimbatore,2022-04-26,Not Vaccinated,Fatigue,Negative,No,0,None,97,Diabetes,197.51,Not Infected
COVID04496,10,Male,Telangana,Hyderabad,2022-04-26,Partially Vaccinated,Loss of Taste/Smell,Positive,No,24,Mild,94,Hypertension,1364.37,Recovered
COVID01237,30,Male,Karnataka,Mangaluru,2022-04-27,Fully Vaccinated,Fever,Negative,No,0,None,95,Multiple,165.36,Not Infected
COVID00392,60,Male,Telangana,Warangal,2022-04-27,Fully Vaccinated,Sore Throat,Positive,Yes,12,Moderate,96,Hypertension,3384.05,Recovered
COVID02311,45,Female,West Bengal,Durgapur,2022-04-27,Not Vaccinated,Fatigue,Positive,Yes,35,Severe,98,None,3744.88,Deceased
COVID00561,56,Male,Kerala,Thiruvananthapuram,2022-04-27,Partially Vaccinated,Loss of Taste/Smell,Negative,No,0,None,98,Diabetes,142.07,Not Infected
COVID02527,48,Male,Telangana,Nizamabad,2022-04-28,Fully Vaccinated,Sore Throat,Positive,No,20,Mild,99,None,2193.47,Recovered
COVID04901,11,Female,Rajasthan,Udaipur,2022-04-28,Fully Vaccinated,Sore Throat,Positive,No,14,Mild,95,Heart Disease,1616.8,Recovered
COVID02996,61,Female,Telangana,Warangal,2022-04-28,Fully Vaccinated,None,Positive,No,30,Severe,88,Diabetes,1984.23,Recovered
COVID01964,61,Female,Kerala,Kozhikode,2022-04-28,Booster,Breathing Difficulty,Positive,No,22,Mild,94,None,440.46,Recovered
COVID04631,11,Female,Tamil Nadu,Salem,2022-04-29,Booster,Loss of Taste/Smell,Positive,No,13,Moderate,93,None,1306.44,Recovered
COVID02942,16,Male,Rajasthan,Jaipur,2022-04-29,Partially Vaccinated,Loss of Taste/Smell,Positive,Yes,26,Severe,90,Heart Disease,3721.19,Recovered
COVID00441,21,Female,Delhi,Dwarka,2022-04-29,Fully Vaccinated,Sore Throat,Positive,No,19,Mild,95,Heart Disease,444.63,Recovered
COVID03750,49,Male,Andhra Pradesh,Guntur,2022-04-29,Fully Vaccinated,Fatigue,Negative,No,0,None,97,None,134.03,Not Infected
COVID00651,17,Male,Tamil Nadu,Chennai,2022-04-29,Booster,Loss of Taste/Smell,Positive,Yes,28,Moderate,99,None,6341.63,Recovered
COVID04757,20,Male,Gujarat,Surat,2022-04-29,Partially Vaccinated,Sore Throat,Positive,No,30,Mild,97,None,1989.62,Recovered
COVID01917,83,Male,Kerala,Kozhikode,2022-04-30,Fully Vaccinated,None,Negative,No,0,None,99,None,484.4,Not Infected
COVID03952,36,Female,Tamil Nadu,Chennai,2022-04-30,Not Vaccinated,Sore Throat,Positive,Yes,20,Moderate,95,Multiple,6623.5,Recovered
COVID01238,83,Male,Delhi,Rohini,2022-04-30,Fully Vaccinated,None,Positive,No,16,Mild,96,Diabetes,1031.95,Recovered
COVID03229,56,Female,Karnataka,Hubballi,2022-04-30,Fully Vaccinated,Cough,Positive,Yes,14,Moderate,100,Multiple,7604.98,Recovered
COVID04615,23,Female,Tamil Nadu,Chennai,2022-04-30,Fully Vaccinated,Fatigue,Positive,No,27,Mild,97,None,580.04,Recovered
COVID02539,80,Female,Andhra Pradesh,Vijayawada,2022-04-30,Fully Vaccinated,Fever,Positive,Yes,24,Moderate,97,None,4057.73,Recovered
COVID04494,44,Female,Kerala,Thrissur,2022-04-30,Fully Vaccinated,Fatigue,Positive,No,11,Mild,96,None,626.87,Recovered
COVID01968,18,Female,Kerala,Kozhikode,2022-04-30,Booster,Fatigue,Positive,Yes,25,Moderate,99,None,4248.35,Recovered
COVID02303,62,Male,Karnataka,Hubballi,2022-04-30,Booster,Sore Throat,Positive,No,26,Mild,95,Asthma,2138.7,Recovered
COVID00091,66,Male,Maharashtra,Mumbai,2022-04-30,Not Vaccinated,Fatigue,Positive,Yes,22,Moderate,98,None,6127.75,Recovered
COVID01990,19,Male,Delhi,New Delhi,2022-05-01,Fully Vaccinated,Sore Throat,Negative,No,0,None,96,None,437.9,Not Infected
COVID03855,15,Other,Rajasthan,Jodhpur,2022-05-01,Fully Vaccinated,Breathing Difficulty,Negative,No,0,None,100,None,162.03,Not Infected
COVID02107,52,Female,Andhra Pradesh,Vijayawada,2022-05-01,Fully Vaccinated,Cough,Positive,No,21,Mild,93,None,398.41,Recovered
COVID01147,26,Female,Karnataka,Hubballi,2022-05-01,Fully Vaccinated,Fever,Positive,Yes,30,Moderate,93,None,2003.7,Recovered
COVID03845,79,Female,Karnataka,Bengaluru,2022-05-02,Not Vaccinated,Fatigue,Positive,No,11,Mild,98,None,999.12,Recovered
COVID01580,83,Male,Andhra Pradesh,Visakhapatnam,2022-05-02,Partially Vaccinated,Sore Throat,Positive,No,30,Mild,94,None,1568.14,Recovered
COVID01102,39,Male,Maharashtra,Pune,2022-05-02,Fully Vaccinated,Cough,Positive,Yes,12,Moderate,94,Asthma,1994.39,Recovered
COVID01977,11,Female,Delhi,New Delhi,2022-05-02,Fully Vaccinated,Fever,Positive,No,7,Mild,94,None,1563.31,Recovered
COVID04439,23,Male,Gujarat,Surat,2022-05-02,Fully Vaccinated,Sore Throat,Positive,No,27,Moderate,100,None,694.0,Recovered
COVID04855,14,Female,Kerala,Kozhikode,2022-05-02,Fully Vaccinated,Sore Throat,Positive,No,5,Mild,96,Asthma,1983.37,Recovered
COVID04681,52,Female,Gujarat,Ahmedabad,2022-05-03,Not Vaccinated,Loss of Taste/Smell,Positive,Yes,23,Moderate,93,None,2556.22,Recovered
COVID04275,35,Female,Maharashtra,Mumbai,2022-05-03,Booster,Fever,Negative,No,0,None,96,None,485.34,Not Infected
COVID00968,76,Female,Karnataka,Bengaluru,2022-05-03,Fully Vaccinated,Fatigue,Positive,No,7,Mild,93,Heart Disease,484.25,Recovered
COVID04142,33,Male,West Bengal,Howrah,2022-05-03,Not Vaccinated,Sore Throat,Positive,No,10,Mild,99,None,434.73,Recovered
COVID02399,79,Male,Kerala,Kozhikode,2022-05-03,Fully Vaccinated,Fatigue,Positive,No,16,Mild,95,None,1567.71,Recovered
COVID01590,66,Male,Gujarat,Vadodara,2022-05-03,Fully Vaccinated,Cough,Positive,Yes,7,Moderate,100,Multiple,6078.92,Recovered
COVID00184,27,Female,Tamil Nadu,Salem,2022-05-04,Not Vaccinated,Sore Throat,Positive,No,22,Mild,95,None,1015.81,Recovered
COVID01817,7,Male,Telangana,Warangal,2022-05-04,Booster,Sore Throat,Positive,Yes,15,Severe,99,None,5849.91,Recovered
COVID01207,83,Female,Andhra Pradesh,Guntur,2022-05-04,Not Vaccinated,Cough,Positive,Yes,18,Moderate,94,None,1811.25,Recovered
COVID03618,9,Female,Gujarat,Surat,2022-05-04,Fully Vaccinated,Sore Throat,Positive,No,12,Mild,97,None,1735.24,Recovered
COVID02437,33,Female,Kerala,Thrissur,2022-05-05,Fully Vaccinated,Breathing Difficulty,Negative,No,0,None,100,None,284.55,Not Infected
COVID02249,58,Female,Karnataka,Bengaluru,2022-05-05,Partially Vaccinated,None,Positive,Yes,19,Moderate,99,Diabetes,6776.92,Recovered
COVID02402,63,Female,Rajasthan,Udaipur,2022-05-05,Fully Vaccinated,Fatigue,Positive,Yes,27,Moderate,93,None,6631.54,Recovered
COVID01971,38,Male,West Bengal,Howrah,2022-05-05,Not Vaccinated,Sore Throat,Positive,No,25,Moderate,98,Heart Disease,863.79,Recovered
COVID00762,23,Male,Tamil Nadu,Salem,2022-05-05,Fully Vaccinated,Fever,Negative,No,0,None,99,None,319.3,Not Infected
COVID00680,43,Male,Gujarat,Surat,2022-05-05,Not Vaccinated,Cough,Positive,No,27,Moderate,99,Multiple,431.45,Recovered
COVID04528,67,Female,Andhra Pradesh,Guntur,2022-05-05,Booster,Fatigue,Negative,No,0,None,96,Diabetes,361.0,Not Infected
COVID03823,74,Male,Andhra Pradesh,Visakhapatnam,2022-05-06,Not Vaccinated,Fatigue,Negative,No,0,None,97,Hypertension,238.77,Not Infected
COVID04795,53,Male,Andhra Pradesh,Guntur,2022-05-06,Not Vaccinated,Cough,Positive,No,20,Mild,93,None,1604.44,Recovered
COVID04705,22,Female,Telangana,Nizamabad,2022-05-06,Partially Vaccinated,Sore Throat,Negative,No,0,None,98,Asthma,351.75,Not Infected
COVID03193,41,Male,Maharashtra,Pune,2022-05-06,Partially Vaccinated,Sore Throat,Positive,No,7,Mild,98,None,1806.74,Recovered
COVID02530,39,Female,Andhra Pradesh,Visakhapatnam,2022-05-06,Booster,Breathing Difficulty,Positive,No,18,Mild,93,None,1579.96,Recovered
COVID02369,53,Male,Tamil Nadu,Coimbatore,2022-05-06,Fully Vaccinated,Sore Throat,Positive,No,29,Mild,98,None,1032.96,Deceased
COVID03402,78,Female,Maharashtra,Nashik,2022-05-07,Partially Vaccinated,Loss of Taste/Smell,Negative,No,0,None,99,Diabetes,456.0,Not Infected
COVID03866,20,Male,Maharashtra,Mumbai,2022-05-07,Not Vaccinated,Loss of Taste/Smell,Positive,Yes,11,Moderate,98,Multiple,2854.17,Recovered
COVID00621,61,Male,Kerala,Kozhikode,2022-05-07,Fully Vaccinated,None,Positive,Yes,29,Moderate,96,None,1992.43,Recovered
COVID03377,48,Male,Andhra Pradesh,Vijayawada,2022-05-07,Fully Vaccinated,Fatigue,Positive,Yes,16,Moderate,96,Hypertension,2467.11,Recovered
COVID01197,24,Male,Andhra Pradesh,Vijayawada,2022-05-07,Fully Vaccinated,Fever,Positive,Yes,22,Severe,96,Hypertension,5897.01,Recovered
COVID02734,25,Female,Kerala,Kozhikode,2022-05-07,Fully Vaccinated,Breathing Difficulty,Positive,No,21,Mild,97,None,729.28,Recovered
COVID04148,35,Male,West Bengal,Kolkata,2022-05-07,Booster,Loss of Taste/Smell,Positive,Yes,11,Moderate,97,Multiple,3266.22,Recovered
COVID04976,55,Female,Andhra Pradesh,Visakhapatnam,2022-05-07,Fully Vaccinated,Cough,Negative,No,0,None,97,Diabetes,333.24,Not Infected
COVID02691,31,Female,West Bengal,Kolkata,2022-05-08,Booster,None,Negative,No,0,None,95,None,181.87,Not Infected
COVID03851,63,Male,Rajasthan,Jodhpur,2022-05-08,Fully Vaccinated,Loss of Taste/Smell,Positive,No,18,Mild,97,Diabetes,793.59,Recovered
COVID04389,43,Male,Gujarat,Vadodara,2022-05-08,Not Vaccinated,Cough,Positive,Yes,19,Moderate,98,Hypertension,2964.71,Recovered
COVID00153,48,Male,Andhra Pradesh,Vijayawada,2022-05-08,Fully Vaccinated,Cough,Positive,No,7,Mild,93,Asthma,310.15,Recovered
COVID03384,11,Female,Telangana,Hyderabad,2022-05-08,Fully Vaccinated,Fatigue,Positive,No,8,Mild,99,None,1089.67,Recovered
COVID03640,30,Female,Karnataka,Mangaluru,2022-05-08,Not Vaccinated,Loss of Taste/Smell,Negative,No,0,None,99,None,48.95,Not Infected
COVID04399,50,Female,Delhi,Dwarka,2022-05-08,Not Vaccinated,None,Positive,No,12,Mild,94,None,1359.21,Recovered
COVID03544,38,Male,Gujarat,Surat,2022-05-08,Not Vaccinated,Fatigue,Positive,Yes,6,Moderate,94,None,5576.3,Recovered
COVID03817,68,Female,Tamil Nadu,Madurai,2022-05-09,Partially Vaccinated,Cough,Positive,No,24,Mild,93,None,758.44,Recovered
COVID03024,36,Female,Tamil Nadu,Madurai,2022-05-09,Fully Vaccinated,Breathing Difficulty,Positive,Yes,28,Moderate,98,None,5655.07,Recovered
COVID00194,26,Female,Tamil Nadu,Coimbatore,2022-05-09,Partially Vaccinated,None,Negative,No,0,None,97,Hypertension,107.03,Not Infected
COVID04396,31,Female,Kerala,Kochi,2022-05-10,Not Vaccinated,Sore Throat,Positive,No,26,Mild,97,Diabetes,391.62,Recovered
COVID04240,58,Female,Maharashtra,Mumbai,2022-05-10,Fully Vaccinated,Cough,Positive,No,26,Mild,100,None,1959.24,Recovered
COVID02569,14,Male,Delhi,Dwarka,2022-05-10,Fully Vaccinated,Sore Throat,Negative,No,0,None,100,Asthma,371.88,Not Infected
COVID01583,83,Other,Andhra Pradesh,Guntur,2022-05-10,Partially Vaccinated,Cough,Positive,No,23,Mild,100,Hypertension,2122.48,Recovered
COVID03344,52,Male,Rajasthan,Udaipur,2022-05-10,Fully Vaccinated,Fatigue,Positive,No,22,Moderate,95,Heart Disease,1162.01,Recovered
COVID04742,82,Female,Delhi,New Delhi,2022-05-10,Not Vaccinated,Cough,Negative,No,0,None,100,None,341.95,Not Infected
COVID01044,64,Female,West Bengal,Durgapur,2022-05-11,Fully Vaccinated,Sore Throat,Positive,No,5,Mild,97,Heart Disease,1660.65,Recovered
COVID00357,41,Male,Rajasthan,Jodhpur,2022-05-11,Not Vaccinated,Cough,Positive,No,9,Moderate,94,Asthma,2227.5,Recovered
COVID00125,76,Male,Tamil Nadu,Coimbatore,2022-05-11,Fully Vaccinated,Loss of Taste/Smell,Positive,Yes,21,Moderate,97,None,4130.42,Recovered
COVID03324,54,Female,Tamil Nadu,Salem,2022-05-11,Fully Vaccinated,Sore Throat,Negative,No,0,None,96,None,476.42,Not Infected
COVID00114,48,Male,Maharashtra,Pune,2022-05-11,Not Vaccinated,Cough,Positive,Yes,26,Moderate,97,Multiple,4103.87,Recovered
COVID02575,61,Female,Maharashtra,Pune,2022-05-12,Fully Vaccinated,None,Negative,No,0,None,98,None,26.1,Not Infected
COVID01710,18,Female,Maharashtra,Mumbai,2022-05-12,Partially Vaccinated,Cough,Negative,No,0,None,100,Multiple,360.59,Not Infected
COVID02645,38,Female,Tamil Nadu,Madurai,2022-05-12,Partially Vaccinated,Fever,Negative,No,0,None,100,None,439.98,Not Infected
COVID03450,37,Female,Kerala,Kochi,2022-05-12,Fully Vaccinated,None,Negative,No,0,None,96,Hypertension,366.93,Not Infected
COVID00611,33,Male,Telangana,Warangal,2022-05-12,Fully Vaccinated,Fatigue,Negative,No,0,None,98,None,463.35,Not Infected
COVID03144,8,Female,Maharashtra,Nashik,2022-05-13,Booster,Fatigue,Negative,No,0,None,100,None,250.99,Not Infected
COVID01170,56,Male,Rajasthan,Jodhpur,2022-05-13,Partially Vaccinated,None,Positive,No,28,Moderate,95,None,1135.22,Recovered
COVID03208,65,Female,Telangana,Hyderabad,2022-05-13,Not Vaccinated,Cough,Negative,No,0,None,99,None,495.04,Not Infected
COVID03103,79,Male,Tamil Nadu,Coimbatore,2022-05-13,Partially Vaccinated,Breathing Difficulty,Positive,No,18,Mild,97,Diabetes,2277.34,Recovered
COVID00693,69,Female,Telangana,Nizamabad,2022-05-13,Not Vaccinated,Cough,Positive,No,21,Mild,98,None,476.94,Recovered
COVID02772,21,Female,Kerala,Kozhikode,2022-05-13,Fully Vaccinated,None,Negative,No,0,None,97,None,268.85,Not Infected
COVID00198,76,Female,Kerala,Thrissur,2022-05-13,Partially Vaccinated,Fatigue,Positive,Yes,24,Moderate,95,None,2013.86,Recovered
COVID01249,72,Female,Maharashtra,Nashik,2022-05-13,Booster,Loss of Taste/Smell,Positive,Yes,20,Moderate,97,None,6376.68,Recovered
COVID00712,36,Male,Andhra Pradesh,Visakhapatnam,2022-05-13,Booster,None,Positive,No,10,Mild,100,None,1605.59,Recovered
COVID02747,46,Male,Kerala,Thrissur,2022-05-14,Fully Vaccinated,Fever,Positive,No,8,Mild,99,None,2147.23,Recovered
COVID00374,17,Female,Maharashtra,Nagpur,2022-05-14,Not Vaccinated,Sore Throat,Positive,No,16,Mild,93,Asthma,1655.24,Recovered
COVID01417,69,Male,Tamil Nadu,Madurai,2022-05-14,Not Vaccinated,Cough,Positive,No,28,Mild,94,Asthma,2022.68,Recovered
COVID03777,45,Male,Andhra Pradesh,Vijayawada,2022-05-14,Fully Vaccinated,Cough,Positive,No,26,Mild,94,None,2132.78,Recovered
COVID02674,43,Female,Karnataka,Mysuru,2022-05-15,Partially Vaccinated,Fever,Positive,No,14,Mild,95,Asthma,342.82,Recovered
COVID00230,30,Male,West Bengal,Durgapur,2022-05-15,Not Vaccinated,Breathing Difficulty,Positive,No,20,Mild,93,None,1580.46,Recovered
COVID02327,40,Female,Delhi,Dwarka,2022-05-15,Not Vaccinated,Fever,Positive,Yes,18,Severe,89,Multiple,4017.96,Recovered
COVID00163,78,Female,West Bengal,Kolkata,2022-05-15,Fully Vaccinated,Cough,Positive,No,9,Mild,93,None,670.2,Recovered
COVID01186,5,Female,Rajasthan,Udaipur,2022-05-15,Not Vaccinated,Sore Throat,Positive,No,9,Mild,99,None,453.11,Recovered
COVID02225,6,Male,Telangana,Hyderabad,2022-05-15,Not Vaccinated,Sore Throat,Positive,Yes,35,Severe,99,None,7385.33,Recovered
COVID00299,51,Female,Maharashtra,Mumbai,2022-05-15,Partially Vaccinated,Fatigue,Positive,Yes,38,Severe,99,None,7912.5,Recovered
COVID00075,40,Male,Gujarat,Ahmedabad,2022-05-15,Not Vaccinated,Fatigue,Positive,No,11,Mild,95,None,514.85,Recovered
COVID01332,74,Male,Gujarat,Surat,2022-05-16,Fully Vaccinated,Fever,Negative,No,0,None,97,None,138.63,Not Infected
COVID02323,37,Female,Rajasthan,Jodhpur,2022-05-16,Partially Vaccinated,None,Positive,No,7,Mild,97,Diabetes,657.48,Recovered
COVID03672,70,Female,West Bengal,Durgapur,2022-05-16,Fully Vaccinated,Sore Throat,Positive,No,17,Mild,99,None,1234.83,Recovered
COVID00823,7,Female,Telangana,Nizamabad,2022-05-16,Not Vaccinated,Fatigue,Positive,Yes,17,Moderate,99,None,7185.08,Recovered
COVID00293,31,Female,Kerala,Kochi,2022-05-17,Fully Vaccinated,Fatigue,Positive,No,17,Mild,94,Hypertension,845.91,Recovered
COVID01159,22,Male,Telangana,Hyderabad,2022-05-17,Booster,Sore Throat,Negative,No,0,None,100,None,321.45,Not Infected
COVID03718,21,Female,Rajasthan,Jodhpur,2022-05-17,Fully Vaccinated,Loss of Taste/Smell,Positive,No,25,Mild,99,None,1471.84,Recovered
COVID02868,22,Other,Andhra Pradesh,Guntur,2022-05-17,Booster,Fatigue,Negative,No,0,None,95,Asthma,33.47,Not Infected
COVID03205,52,Male,West Bengal,Howrah,2022-05-18,Booster,Cough,Positive,Yes,27,Severe,95,None,4218.69,Recovered
COVID00627,59,Female,Kerala,Thiruvananthapuram,2022-05-18,Fully Vaccinated,None,Positive,Yes,39,Severe,90,None,4893.66,Recovered
COVID00706,25,Female,Karnataka,Mangaluru,2022-05-18,Fully Vaccinated,Sore Throat,Positive,No,28,Mild,95,Multiple,1101.14,Recovered
COVID01557,14,Female,West Bengal,Durgapur,2022-05-18,Partially Vaccinated,Fever,Positive,No,19,Mild,98,None,1718.41,Recovered
COVID00166,83,Male,Tamil Nadu,Salem,2022-05-19,Not Vaccinated,Breathing Difficulty,Negative,No,0,None,96,Hypertension,278.72,Not Infected
COVID01434,85,Male,Karnataka,Hubballi,2022-05-19,Not Vaccinated,Breathing Difficulty,Positive,Yes,30,Moderate,96,Heart Disease,6824.21,Recovered
COVID01330,76,Female,Delhi,Dwarka,2022-05-19,Booster,Fever,Positive,No,24,Mild,94,Diabetes,1805.2,Recovered
COVID02883,7,Female,West Bengal,Howrah,2022-05-19,Fully Vaccinated,None,Positive,No,25,Mild,97,Diabetes,2261.97,Recovered
COVID04460,83,Female,Delhi,Dwarka,2022-05-19,Fully Vaccinated,None,Positive,Yes,16,Moderate,93,None,3835.98,Recovered
COVID04132,10,Female,Tamil Nadu,Madurai,2022-05-19,Fully Vaccinated,Cough,Negative,No,0,None,97,None,22.55,Not Infected
COVID01359,81,Male,Telangana,Hyderabad,2022-05-19,Not Vaccinated,Fever,Positive,No,15,Mild,97,Hypertension,656.71,Deceased
COVID04199,34,Female,West Bengal,Durgapur,2022-05-21,Not Vaccinated,None,Positive,No,17,Mild,96,Asthma,713.8,Recovered
COVID04923,9,Female,Rajasthan,Jodhpur,2022-05-21,Fully Vaccinated,Cough,Negative,No,0,None,98,None,485.02,Not Infected
COVID00187,44,Other,Telangana,Hyderabad,2022-05-21,Not Vaccinated,Fatigue,Negative,No,0,None,97,Multiple,442.63,Not Infected
COVID02010,9,Male,Rajasthan,Udaipur,2022-05-21,Partially Vaccinated,Fatigue,Negative,No,0,None,98,None,174.29,Not Infected
COVID03980,19,Male,Maharashtra,Mumbai,2022-05-21,Booster,None,Positive,Yes,34,Severe,96,None,3842.09,Recovered
COVID03171,52,Male,Tamil Nadu,Chennai,2022-05-21,Partially Vaccinated,Fatigue,Negative,No,0,None,96,None,75.29,Not Infected
COVID03280,20,Male,Gujarat,Surat,2022-05-21,Not Vaccinated,Breathing Difficulty,Positive,No,29,Mild,94,Heart Disease,1505.13,Recovered
COVID01412,7,Male,Tamil Nadu,Coimbatore,2022-05-21,Partially Vaccinated,Cough,Positive,No,28,Moderate,100,Heart Disease,375.67,Recovered
COVID01931,15,Male,Delhi,New Delhi,2022-05-21,Partially Vaccinated,None,Positive,No,29,Mild,97,None,757.21,Recovered
COVID04395,12,Female,Tamil Nadu,Chennai,2022-05-21,Fully Vaccinated,None,Negative,No,0,None,95,Diabetes,297.71,Not Infected
COVID01805,42,Female,Delhi,New Delhi,2022-05-22,Fully Vaccinated,Fatigue,Positive,No,27,Mild,95,None,2075.49,Recovered
COVID04216,15,Female,Rajasthan,Udaipur,2022-05-22,Not Vaccinated,Sore Throat,Negative,No,0,None,98,None,363.66,Not Infected
COVID03983,43,Male,West Bengal,Howrah,2022-05-23,Not Vaccinated,Fatigue,Positive,Yes,34,Severe,92,None,4364.57,Recovered
COVID01103,17,Female,Rajasthan,Udaipur,2022-05-23,Booster,None,Positive,No,15,Mild,93,None,1247.67,Recovered
COVID01687,46,Female,Rajasthan,Jodhpur,2022-05-23,Fully Vaccinated,Breathing Difficulty,Positive,Yes,43,Severe,90,None,2275.56,Recovered
COVID01478,67,Female,Rajasthan,Udaipur,2022-05-23,Not Vaccinated,None,Negative,No,0,None,95,Heart Disease,234.59,Not Infected
COVID02642,68,Female,Gujarat,Vadodara,2022-05-24,Fully Vaccinated,Breathing Difficulty,Negative,No,0,None,96,None,418.45,Not Infected
COVID02574,46,Female,Maharashtra,Nashik,2022-05-24,Fully Vaccinated,Cough,Positive,No,26,Mild,95,None,850.88,Recovered
COVID03371,39,Female,Gujarat,Ahmedabad,2022-05-24,Not Vaccinated,Cough,Positive,Yes,16,Severe,93,Diabetes,5458.13,Recovered
COVID02555,77,Female,Kerala,Thiruvananthapuram,2022-05-24,Booster,Cough,Positive,Yes,49,Critical,93,None,5000.15,Recovered
COVID01947,41,Male,Andhra Pradesh,Vijayawada,2022-05-24,Fully Vaccinated,None,Positive,No,15,Mild,95,Heart Disease,1020.01,Recovered
COVID02829,28,Male,Kerala,Thrissur,2022-05-24,Booster,Loss of Taste/Smell,Positive,Yes,16,Moderate,99,None,2906.22,Recovered
COVID02704,69,Male,Maharashtra,Nagpur,2022-05-25,Not Vaccinated,Fatigue,Negative,No,0,None,98,None,443.17,Not Infected
COVID02122,20,Male,West Bengal,Durgapur,2022-05-25,Not Vaccinated,Loss of Taste/Smell,Positive,No,23,Mild,100,Diabetes,1422.32,Recovered
COVID00907,78,Male,West Bengal,Durgapur,2022-05-25,Fully Vaccinated,None,Positive,No,24,Moderate,95,None,1348.19,Recovered
COVID01883,16,Female,Gujarat,Surat,2022-05-25,Booster,None,Positive,No,17,Moderate,98,None,1434.32,Recovered
COVID01850,12,Male,Telangana,Hyderabad,2022-05-25,Fully Vaccinated,Fatigue,Positive,No,8,Mild,94,None,2305.57,Recovered
COVID02795,81,Male,Rajasthan,Jodhpur,2022-05-25,Fully Vaccinated,Sore Throat,Positive,Yes,17,Moderate,97,None,2154.15,Recovered
COVID01615,52,Male,Tamil Nadu,Salem,2022-05-25,Partially Vaccinated,Fatigue,Positive,No,47,Critical,100,Hypertension,1211.35,Recovered
COVID02608,30,Male,Andhra Pradesh,Visakhapatnam,2022-05-25,Not Vaccinated,Breathing Difficulty,Negative,No,0,None,100,Hypertension,80.46,Not Infected
COVID00399,5,Female,West Bengal,Durgapur,2022-05-25,Fully Vaccinated,Breathing Difficulty,Positive,Yes,12,Moderate,99,None,5877.62,Deceased
COVID01828,84,Female,Rajasthan,Jaipur,2022-05-26,Fully Vaccinated,Loss of Taste/Smell,Positive,No,12,Mild,100,None,784.97,Recovered
COVID04867,39,Other,Gujarat,Surat,2022-05-26,Fully Vaccinated,None,Positive,No,21,Mild,93,None,1744.25,Recovered
COVID04531,13,Female,Andhra Pradesh,Visakhapatnam,2022-05-26,Fully Vaccinated,Fever,Positive,No,21,Mild,94,None,1436.73,Recovered
COVID03190,58,Male,Maharashtra,Pune,2022-05-27,Fully Vaccinated,Cough,Negative,No,0,None,99,None,223.0,Not Infected
COVID03949,44,Female,Kerala,Thrissur,2022-05-27,Partially Vaccinated,Breathing Difficulty,Positive,No,21,Mild,99,Asthma,1178.34,Recovered
COVID00801,42,Male,Tamil Nadu,Chennai,2022-05-27,Fully Vaccinated,Fever,Positive,No,25,Mild,100,Heart Disease,1309.43,Recovered
COVID04587,62,Female,Maharashtra,Mumbai,2022-05-27,Partially Vaccinated,Loss of Taste/Smell,Positive,No,14,Mild,95,Hypertension,912.12,Recovered
COVID02967,9,Female,West Bengal,Howrah,2022-05-27,Booster,None,Positive,No,18,Mild,98,None,1212.43,Recovered
COVID01015,26,Male,Gujarat,Surat,2022-05-28,Not Vaccinated,Sore Throat,Positive,Yes,27,Moderate,93,Multiple,2038.85,Recovered
COVID04668,64,Female,Gujarat,Vadodara,2022-05-28,Not Vaccinated,Breathing Difficulty,Positive,No,11,Mild,98,None,1105.54,Recovered
COVID01878,10,Male,Tamil Nadu,Madurai,2022-05-28,Partially Vaccinated,Fever,Positive,Yes,18,Moderate,96,Diabetes,2561.37,Recovered
COVID02951,29,Female,Kerala,Thrissur,2022-05-28,Not Vaccinated,Sore Throat,Negative,No,0,None,97,Diabetes,138.1,Not Infected
COVID00126,27,Female,Kerala,Thiruvananthapuram,2022-05-28,Booster,Cough,Positive,No,16,Mild,96,None,379.61,Recovered
COVID01538,84,Female,Kerala,Kozhikode,2022-05-29,Fully Vaccinated,Breathing Difficulty,Negative,No,0,None,100,None,164.3,Not Infected
COVID01139,11,Male,Rajasthan,Udaipur,2022-05-29,Partially Vaccinated,Fever,Positive,Yes,15,Moderate,94,None,6676.07,Recovered
COVID00045,45,Female,Rajasthan,Jodhpur,2022-05-30,Fully Vaccinated,Fever,Positive,Yes,7,Moderate,99,Multiple,7090.3,Recovered
COVID03289,84,Female,West Bengal,Howrah,2022-05-30,Not Vaccinated,None,Positive,No,15,Mild,99,Asthma,1949.14,Recovered
COVID02198,41,Male,Telangana,Hyderabad,2022-05-30,Partially Vaccinated,Fever,Positive,Yes,55,Critical,99,Hypertension,3842.71,Recovered
COVID03719,84,Female,Andhra Pradesh,Visakhapatnam,2022-05-30,Not Vaccinated,Fatigue,Positive,No,10,Mild,97,Asthma,894.54,Recovered
COVID01843,31,Female,Karnataka,Mangaluru,2022-05-31,Fully Vaccinated,Fever,Positive,Yes,17,Moderate,97,None,7488.21,Recovered
COVID01384,70,Female,West Bengal,Howrah,2022-05-31,Fully Vaccinated,Cough,Positive,Yes,25,Moderate,97,None,1761.81,Recovered
COVID02633,17,Female,Andhra Pradesh,Guntur,2022-06-01,Fully Vaccinated,None,Positive,No,14,Mild,95,None,1695.14,Recovered
COVID02653,51,Male,West Bengal,Kolkata,2022-06-01,Partially Vaccinated,Fatigue,Positive,No,20,Mild,99,None,1098.24,Recovered
COVID01821,74,Male,Delhi,Rohini,2022-06-01,Booster,Cough,Positive,Yes,17,Moderate,97,Diabetes,5209.23,Recovered
COVID00096,29,Female,Rajasthan,Jodhpur,2022-06-01,Fully Vaccinated,Sore Throat,Positive,No,11,Mild,96,Diabetes,1234.34,Recovered
COVID02584,30,Female,Rajasthan,Jaipur,2022-06-01,Fully Vaccinated,Cough,Negative,No,0,None,95,None,379.54,Not Infected
COVID03740,40,Male,Tamil Nadu,Coimbatore,2022-06-01,Not Vaccinated,Fever,Positive,No,14,Moderate,95,Diabetes,1943.87,Recovered
COVID00893,5,Male,Tamil Nadu,Chennai,2022-06-01,Fully Vaccinated,Fever,Positive,No,17,Mild,97,None,1595.33,Recovered
COVID01523,14,Female,Andhra Pradesh,Visakhapatnam,2022-06-02,Partially Vaccinated,Sore Throat,Negative,No,0,None,100,None,315.97,Not Infected
COVID04105,53,Female,Andhra Pradesh,Guntur,2022-06-02,Not Vaccinated,Fever,Positive,No,15,Moderate,96,Heart Disease,816.04,Recovered
COVID04081,40,Male,Delhi,Dwarka,2022-06-02,Fully Vaccinated,Fever,Negative,No,0,None,96,None,415.07,Not Infected
COVID02166,54,Female,Karnataka,Hubballi,2022-06-02,Fully Vaccinated,None,Negative,No,0,None,99,None,152.06,Not Infected
COVID03493,10,Male,Karnataka,Mysuru,2022-06-02,Not Vaccinated,Fever,Positive,No,14,Mild,97,None,817.29,Recovered
COVID04115,37,Female,Rajasthan,Udaipur,2022-06-02,Fully Vaccinated,Sore Throat,Positive,No,21,Mild,95,Heart Disease,1368.42,Recovered
COVID01110,58,Female,Karnataka,Hubballi,2022-06-03,Booster,Sore Throat,Positive,No,15,Mild,96,None,1571.94,Recovered
COVID04852,74,Male,Karnataka,Mysuru,2022-06-03,Fully Vaccinated,None,Positive,No,20,Mild,99,None,2078.34,Recovered
COVID02410,48,Female,Kerala,Thiruvananthapuram,2022-06-03,Fully Vaccinated,Cough,Positive,No,16,Mild,100,Hypertension,1358.52,Recovered
COVID00350,79,Female,Karnataka,Mangaluru,2022-06-04,Not Vaccinated,Breathing Difficulty,Positive,No,8,Moderate,94,Diabetes,1150.18,Recovered
COVID00381,81,Female,Tamil Nadu,Salem,2022-06-04,Fully Vaccinated,None,Positive,No,27,Mild,96,None,1198.98,Recovered
COVID01551,78,Female,Tamil Nadu,Coimbatore,2022-06-04,Fully Vaccinated,Breathing Difficulty,Positive,No,17,Mild,94,None,2096.01,Recovered
COVID01251,9,Male,Tamil Nadu,Chennai,2022-06-04,Fully Vaccinated,Breathing Difficulty,Positive,Yes,18,Severe,90,None,3314.86,Recovered
COVID04284,7,Female,Delhi,Rohini,2022-06-04,Partially Vaccinated,Cough,Negative,No,0,None,95,None,79.22,Not Infected
COVID00851,53,Male,Karnataka,Mysuru,2022-06-04,Partially Vaccinated,Breathing Difficulty,Positive,Yes,11,Moderate,100,None,6503.91,Recovered
COVID00402,53,Female,Tamil Nadu,Madurai,2022-06-04,Booster,Breathing Difficulty,Negative,No,0,None,96,None,312.92,Not Infected
COVID00738,37,Male,Gujarat,Vadodara,2022-06-05,Fully Vaccinated,Fatigue,Positive,No,24,Mild,93,None,550.74,Recovered
COVID02526,55,Female,Kerala,Kochi,2022-06-05,Partially Vaccinated,None,Negative,No,0,None,95,None,46.42,Not Infected
COVID01743,74,Male,Telangana,Warangal,2022-06-05,Fully Vaccinated,Fatigue,Negative,No,0,None,99,None,378.57,Not Infected
COVID00064,55,Female,Rajasthan,Udaipur,2022-06-05,Partially Vaccinated,Fatigue,Positive,Yes,12,Severe,90,None,5584.3,Recovered
COVID03086,75,Male,Tamil Nadu,Salem,2022-06-05,Not Vaccinated,Fever,Negative,No,0,None,98,None,256.72,Not Infected
COVID00144,14,Female,Delhi,Rohini,2022-06-06,Fully Vaccinated,Breathing Difficulty,Negative,No,0,None,95,Diabetes,96.11,Not Infected
COVID01797,49,Male,Karnataka,Mysuru,2022-06-06,Not Vaccinated,Cough,Negative,No,0,None,100,Heart Disease,382.77,Not Infected
COVID03415,6,Male,Tamil Nadu,Salem,2022-06-06,Fully Vaccinated,Cough,Positive,Yes,16,Moderate,99,Hypertension,5713.01,Recovered
COVID03276,59,Male,Gujarat,Ahmedabad,2022-06-06,Fully Vaccinated,Loss of Taste/Smell,Positive,No,26,Mild,96,Hypertension,679.31,Recovered
COVID02150,35,Male,Karnataka,Mysuru,2022-06-06,Fully Vaccinated,Loss of Taste/Smell,Positive,Yes,15,Moderate,99,Hypertension,4420.47,Recovered
COVID01515,10,Female,Gujarat,Ahmedabad,2022-06-06,Partially Vaccinated,Cough,Positive,Yes,25,Severe,92,Hypertension,4054.16,Recovered
COVID02461,10,Female,Telangana,Hyderabad,2022-06-06,Fully Vaccinated,Loss of Taste/Smell,Positive,No,15,Mild,98,Asthma,2362.93,Recovered
COVID01617,21,Male,West Bengal,Durgapur,2022-06-06,Fully Vaccinated,Cough,Positive,No,19,Mild,100,None,705.06,Recovered
COVID04372,8,Female,Delhi,New Delhi,2022-06-06,Not Vaccinated,Breathing Difficulty,Positive,No,29,Mild,93,None,1203.76,Recovered
COVID04721,21,Female,Telangana,Hyderabad,2022-06-07,Fully Vaccinated,Breathing Difficulty,Positive,Yes,18,Moderate,97,None,5181.25,Recovered
COVID01320,27,Male,Delhi,New Delhi,2022-06-07,Partially Vaccinated,Fatigue,Negative,No,0,None,99,None,308.47,Not Infected
COVID03122,57,Female,Telangana,Nizamabad,2022-06-07,Partially Vaccinated,Fatigue,Positive,No,16,Mild,96,None,2223.59,Recovered
COVID00711,37,Male,West Bengal,Durgapur,2022-06-07,Not Vaccinated,Fatigue,Positive,No,18,Mild,98,Hypertension,2322.02,Recovered
COVID04322,47,Male,Karnataka,Bengaluru,2022-06-08,Fully Vaccinated,Breathing Difficulty,Negative,No,0,None,100,Multiple,360.48,Not Infected
COVID03938,18,Female,West Bengal,Kolkata,2022-06-09,Fully Vaccinated,Cough,Positive,Yes,12,Moderate,99,Hypertension,2671.66,Recovered
COVID02995,5,Male,Rajasthan,Jodhpur,2022-06-09,Fully Vaccinated,Cough,Negative,No,0,None,97,None,437.42,Not Infected
COVID01653,23,Female,Maharashtra,Mumbai,2022-06-09,Partially Vaccinated,Loss of Taste/Smell,Positive,Yes,20,Severe,95,Asthma,2543.91,Deceased
COVID02479,50,Male,Andhra Pradesh,Visakhapatnam,2022-06-09,Booster,Sore Throat,Negative,No,0,None,100,Hypertension,375.74,Not Infected
COVID01773,49,Female,Kerala,Thrissur,2022-06-09,Fully Vaccinated,Cough,Negative,No,0,None,96,Multiple,292.39,Not Infected
COVID04063,55,Female,Delhi,New Delhi,2022-06-10,Fully Vaccinated,Fever,Negative,No,0,None,96,None,440.21,Not Infected
COVID00587,68,Other,Rajasthan,Jaipur,2022-06-11,Fully Vaccinated,Fever,Positive,No,5,Moderate,97,None,2177.83,Recovered
COVID03429,7,Male,Telangana,Hyderabad,2022-06-11,Partially Vaccinated,Loss of Taste/Smell,Positive,No,18,Mild,96,None,1619.85,Recovered
COVID03497,47,Male,West Bengal,Durgapur,2022-06-11,Not Vaccinated,Cough,Positive,Yes,18,Severe,95,Asthma,7824.58,Recovered
COVID00287,27,Female,Karnataka,Mysuru,2022-06-12,Fully Vaccinated,Sore Throat,Positive,No,18,Moderate,99,Diabetes,1530.64,Recovered
COVID04659,23,Female,Kerala,Kozhikode,2022-06-12,Fully Vaccinated,None,Positive,No,18,Mild,99,Asthma,745.66,Recovered
COVID04112,66,Male,Maharashtra,Pune,2022-06-12,Fully Vaccinated,Loss of Taste/Smell,Negative,No,0,None,98,Hypertension,460.17,Not Infected
COVID00475,50,Female,Karnataka,Mysuru,2022-06-12,Booster,Fatigue,Positive,No,21,Mild,97,None,451.76,Recovered
COVID02545,62,Male,Rajasthan,Jodhpur,2022-06-13,Partially Vaccinated,Cough,Positive,No,20,Mild,100,Asthma,393.18,Recovered
COVID01157,20,Male,Kerala,Kozhikode,2022-06-13,Fully Vaccinated,Sore Throat,Positive,No,5,Mild,97,Diabetes,1908.61,Recovered
COVID02400,63,Male,Andhra Pradesh,Guntur,2022-06-13,Not Vaccinated,Fatigue,Negative,No,0,None,96,None,195.93,Not Infected
COVID01658,46,Female,Delhi,New Delhi,2022-06-13,Fully Vaccinated,Fatigue,Positive,Yes,29,Moderate,94,Multiple,6008.04,Recovered
COVID04540,37,Other,Tamil Nadu,Coimbatore,2022-06-14,Partially Vaccinated,Breathing Difficulty,Negative,No,0,None,95,None,372.16,Not Infected
COVID03062,67,Female,Maharashtra,Pune,2022-06-14,Not Vaccinated,Fatigue,Positive,Yes,7,Moderate,94,Heart Disease,6987.75,Recovered
COVID01613,68,Female,Tamil Nadu,Salem,2022-06-14,Fully Vaccinated,Loss of Taste/Smell,Negative,No,0,None,97,Multiple,197.48,Not Infected
COVID01408,84,Male,West Bengal,Kolkata,2022-06-15,Partially Vaccinated,Cough,Positive,No,9,Mild,96,Asthma,2316.94,Deceased
COVID00471,26,Female,Delhi,Dwarka,2022-06-15,Booster,Fever,Negative,No,0,None,96,None,176.61,Not Infected
COVID01410,30,Male,Kerala,Kozhikode,2022-06-15,Partially Vaccinated,Breathing Difficulty,Positive,No,28,Moderate,99,Hypertension,1435.62,Recovered
COVID02371,59,Male,Maharashtra,Nagpur,2022-06-16,Fully Vaccinated,Breathing Difficulty,Positive,No,16,Mild,96,None,1737.9,Recovered
COVID01679,5,Female,Rajasthan,Udaipur,2022-06-16,Fully Vaccinated,Fatigue,Positive,Yes,16,Severe,97,Multiple,2883.86,Recovered
COVID01189,53,Male,Delhi,Dwarka,2022-06-16,Fully Vaccinated,Fatigue,Positive,No,29,Mild,97,Diabetes,1768.31,Recovered
COVID01932,60,Male,Gujarat,Vadodara,2022-06-16,Not Vaccinated,None,Positive,No,15,Moderate,100,None,910.9,Recovered
COVID01250,48,Female,Kerala,Thrissur,2022-06-17,Partially Vaccinated,Fatigue,Positive,No,10,Mild,100,Diabetes,2206.07,Recovered
COVID02414,8,Female,Gujarat,Vadodara,2022-06-17,Not Vaccinated,Sore Throat,Positive,No,21,Mild,95,None,2220.36,Recovered
COVID03501,42,Male,Karnataka,Bengaluru,2022-06-17,Fully Vaccinated,Sore Throat,Positive,No,29,Mild,97,Diabetes,761.73,Recovered
COVID01792,67,Male,Telangana,Hyderabad,2022-06-17,Partially Vaccinated,Sore Throat,Positive,No,23,Mild,93,None,1589.62,Recovered
COVID04286,30,Male,Andhra Pradesh,Visakhapatnam,2022-06-17,Fully Vaccinated,Fever,Positive,No,18,Mild,96,None,1403.22,Recovered
COVID03043,75,Female,Andhra Pradesh,Vijayawada,2022-06-18,Fully Vaccinated,Loss of Taste/Smell,Positive,Yes,10,Moderate,94,Hypertension,3103.34,Recovered
COVID01901,82,Male,Andhra Pradesh,Guntur,2022-06-18,Not Vaccinated,Fatigue,Negative,No,0,None,100,None,212.54,Not Infected
COVID02755,22,Male,West Bengal,Kolkata,2022-06-18,Fully Vaccinated,Loss of Taste/Smell,Negative,No,0,None,96,Diabetes,189.84,Not Infected
COVID04461,49,Male,Andhra Pradesh,Visakhapatnam,2022-06-18,Fully Vaccinated,None,Negative,No,0,None,100,Diabetes,269.92,Not Infected
COVID00460,11,Female,Maharashtra,Pune,2022-06-18,Not Vaccinated,Fever,Negative,No,0,None,99,None,290.88,Not Infected
COVID02310,9,Female,West Bengal,Kolkata,2022-06-18,Booster,Fever,Positive,Yes,16,Moderate,97,None,3300.23,Recovered
COVID01071,35,Male,West Bengal,Howrah,2022-06-18,Fully Vaccinated,Fatigue,Negative,No,0,None,99,None,394.06,Not Infected
COVID04497,31,Male,Karnataka,Mangaluru,2022-06-18,Booster,Cough,Positive,Yes,16,Moderate,97,Multiple,2668.44,Recovered
COVID00343,85,Female,Kerala,Thrissur,2022-06-19,Not Vaccinated,Fever,Negative,No,0,None,99,Diabetes,18.69,Not Infected
COVID02125,39,Male,Karnataka,Hubballi,2022-06-19,Booster,Cough,Positive,Yes,23,Moderate,97,Multiple,4672.83,Recovered
COVID01790,28,Female,Rajasthan,Udaipur,2022-06-19,Booster,Sore Throat,Positive,No,25,Mild,99,None,2064.27,Recovered
COVID04555,20,Female,Kerala,Thrissur,2022-06-19,Fully Vaccinated,Loss of Taste/Smell,Positive,No,25,Severe,97,Heart Disease,756.83,Recovered
COVID00221,32,Female,Tamil Nadu,Madurai,2022-06-20,Not Vaccinated,Fatigue,Positive,No,27,Mild,100,None,1073.72,Recovered
COVID01570,65,Male,Gujarat,Surat,2022-06-20,Partially Vaccinated,Fever,Positive,No,13,Mild,98,Diabetes,1924.27,Recovered
COVID02474,12,Female,Tamil Nadu,Chennai,2022-06-21,Fully Vaccinated,Sore Throat,Positive,Yes,35,Severe,91,None,4657.55,Recovered
COVID02579,11,Male,West Bengal,Howrah,2022-06-22,Booster,Cough,Negative,No,0,None,100,Hypertension,88.04,Not Infected
COVID04304,20,Female,Maharashtra,Pune,2022-06-22,Fully Vaccinated,Cough,Negative,No,0,None,96,None,213.96,Not Infected
COVID01112,22,Male,Gujarat,Vadodara,2022-06-22,Not Vaccinated,None,Positive,Yes,17,Moderate,100,Diabetes,5302.3,Recovered
COVID03145,13,Female,Rajasthan,Jaipur,2022-06-23,Not Vaccinated,Loss of Taste/Smell,Positive,No,20,Mild,97,Asthma,1516.52,Recovered
COVID04701,85,Male,Rajasthan,Jaipur,2022-06-23,Partially Vaccinated,Cough,Positive,Yes,28,Severe,91,Multiple,1500.31,Recovered
COVID03292,45,Female,Rajasthan,Jaipur,2022-06-23,Partially Vaccinated,None,Negative,No,0,None,98,Hypertension,411.19,Not Infected
COVID00689,66,Female,Maharashtra,Pune,2022-06-23,Not Vaccinated,Sore Throat,Negative,No,0,None,95,Heart Disease,268.78,Not Infected
COVID04720,5,Female,Rajasthan,Udaipur,2022-06-24,Booster,Fatigue,Positive,Yes,12,Moderate,100,Hypertension,6426.84,Recovered
COVID02677,74,Male,Maharashtra,Nashik,2022-06-24,Not Vaccinated,Loss of Taste/Smell,Positive,Yes,5,Moderate,96,Diabetes,7142.94,Recovered
COVID02917,48,Male,Tamil Nadu,Chennai,2022-06-24,Fully Vaccinated,Fever,Positive,No,18,Moderate,97,Hypertension,1009.83,Recovered
COVID03175,75,Male,Andhra Pradesh,Vijayawada,2022-06-24,Partially Vaccinated,None,Negative,No,0,None,96,Diabetes,401.72,Not Infected
COVID01864,61,Male,Tamil Nadu,Chennai,2022-06-24,Fully Vaccinated,Fatigue,Positive,Yes,30,Severe,93,Multiple,2674.7,Recovered
COVID03872,6,Male,Gujarat,Surat,2022-06-24,Fully Vaccinated,Sore Throat,Positive,Yes,30,Critical,88,Diabetes,4099.47,Deceased
COVID04126,24,Female,Gujarat,Surat,2022-06-25,Fully Vaccinated,Sore Throat,Negative,No,0,None,98,Asthma,466.29,Not Infected
COVID00617,50,Female,Rajasthan,Jaipur,2022-06-25,Fully Vaccinated,Fatigue,Positive,No,18,Mild,95,None,1941.27,Recovered
COVID00516,13,Male,Rajasthan,Udaipur,2022-06-25,Fully Vaccinated,Sore Throat,Positive,No,28,Mild,94,Multiple,1637.38,Recovered
COVID02386,79,Male,Kerala,Thrissur,2022-06-26,Not Vaccinated,Sore Throat,Positive,Yes,25,Moderate,99,None,6139.1,Recovered
COVID00883,51,Female,Karnataka,Mangaluru,2022-06-26,Fully Vaccinated,Fatigue,Negative,No,0,None,95,None,74.82,Not Infected
COVID03260,54,Female,West Bengal,Howrah,2022-06-26,Partially Vaccinated,Cough,Positive,No,7,Moderate,97,Hypertension,1008.97,Recovered
COVID04986,46,Male,Kerala,Kochi,2022-06-26,Fully Vaccinated,Cough,Positive,Yes,9,Moderate,93,Multiple,2743.27,Recovered
COVID04566,52,Female,Delhi,Dwarka,2022-06-26,Not Vaccinated,Sore Throat,Positive,No,14,Mild,95,None,1308.84,Recovered
COVID03319,38,Female,Telangana,Warangal,2022-06-26,Not Vaccinated,Breathing Difficulty,Positive,No,8,Mild,97,None,1165.69,Recovered
COVID00614,69,Male,Kerala,Thiruvananthapuram,2022-06-27,Booster,Cough,Positive,Yes,10,Moderate,98,None,2697.73,Recovered
COVID03050,75,Female,Tamil Nadu,Chennai,2022-06-27,Fully Vaccinated,Fatigue,Negative,No,0,None,96,None,23.79,Not Infected
COVID01576,19,Male,Tamil Nadu,Coimbatore,2022-06-27,Booster,Breathing Difficulty,Positive,No,8,Mild,100,None,2264.56,Recovered
COVID00437,84,Female,Gujarat,Vadodara,2022-06-27,Not Vaccinated,Fever,Positive,No,21,Moderate,95,None,2160.32,Recovered
COVID00860,69,Male,West Bengal,Durgapur,2022-06-27,Fully Vaccinated,Fever,Negative,No,0,None,98,None,214.03,Not Infected
COVID00673,73,Female,Telangana,Warangal,2022-06-27,Fully Vaccinated,Fatigue,Negative,No,0,None,96,Asthma,209.54,Not Infected
COVID00733,31,Male,Maharashtra,Nagpur,2022-06-28,Booster,Sore Throat,Negative,No,0,None,97,None,383.95,Not Infected
COVID00238,62,Male,West Bengal,Durgapur,2022-06-28,Fully Vaccinated,Fever,Negative,No,0,None,98,Heart Disease,130.88,Not Infected
COVID01715,76,Female,Gujarat,Ahmedabad,2022-06-28,Fully Vaccinated,Sore Throat,Positive,Yes,9,Moderate,96,None,6659.13,Recovered
COVID03149,73,Female,Rajasthan,Jaipur,2022-06-28,Fully Vaccinated,Loss of Taste/Smell,Negative,No,0,None,96,None,178.88,Not Infected
COVID04265,42,Male,Rajasthan,Jaipur,2022-06-29,Partially Vaccinated,Fatigue,Positive,No,6,Mild,95,None,818.69,Recovered
COVID04251,25,Female,Telangana,Hyderabad,2022-06-29,Fully Vaccinated,Cough,Negative,No,0,None,97,None,479.43,Not Infected
COVID03230,33,Female,Gujarat,Vadodara,2022-06-29,Partially Vaccinated,Fever,Negative,No,0,None,95,Heart Disease,158.99,Not Infected
COVID04700,17,Male,Maharashtra,Mumbai,2022-06-30,Fully Vaccinated,None,Negative,No,0,None,99,None,383.42,Not Infected
COVID04363,10,Male,Gujarat,Vadodara,2022-06-30,Booster,None,Negative,No,0,None,98,Hypertension,49.68,Not Infected
COVID04202,15,Male,West Bengal,Kolkata,2022-07-01,Fully Vaccinated,None,Positive,No,7,Mild,93,None,609.48,Recovered
COVID04800,41,Male,Andhra Pradesh,Guntur,2022-07-02,Fully Vaccinated,Fatigue,Positive,Yes,5,Moderate,93,Asthma,6936.44,Recovered
COVID04040,20,Female,Delhi,New Delhi,2022-07-02,Fully Vaccinated,Breathing Difficulty,Positive,No,12,Mild,97,Hypertension,1987.63,Recovered
COVID04352,69,Female,West Bengal,Durgapur,2022-07-02,Partially Vaccinated,Fatigue,Negative,No,0,None,95,None,94.4,Not Infected
COVID03212,52,Female,West Bengal,Durgapur,2022-07-02,Not Vaccinated,Cough,Positive,No,13,Mild,96,None,2498.88,Recovered
COVID04085,25,Male,Telangana,Nizamabad,2022-07-02,Fully Vaccinated,None,Positive,Yes,26,Moderate,100,Diabetes,7181.49,Recovered
COVID03424,85,Female,West Bengal,Kolkata,2022-07-02,Fully Vaccinated,Fatigue,Positive,No,30,Mild,95,None,654.56,Recovered
COVID04773,74,Female,Rajasthan,Udaipur,2022-07-02,Not Vaccinated,None,Positive,No,7,Mild,95,None,1096.57,Recovered
COVID02872,25,Male,Kerala,Kozhikode,2022-07-03,Fully Vaccinated,Cough,Positive,Yes,25,Moderate,95,Asthma,5819.82,Recovered
COVID03703,40,Female,Kerala,Thrissur,2022-07-03,Not Vaccinated,None,Positive,No,11,Mild,98,Diabetes,1834.99,Recovered
COVID00802,45,Male,Delhi,Rohini,2022-07-03,Not Vaccinated,Cough,Positive,Yes,30,Moderate,93,Hypertension,6206.44,Recovered
COVID03639,77,Male,Kerala,Kozhikode,2022-07-03,Fully Vaccinated,Loss of Taste/Smell,Negative,No,0,None,95,Diabetes,6.29,Not Infected
COVID01501,51,Female,Andhra Pradesh,Visakhapatnam,2022-07-03,Partially Vaccinated,Sore Throat,Negative,No,0,None,96,None,258.51,Not Infected
COVID00650,32,Female,Tamil Nadu,Chennai,2022-07-04,Booster,Sore Throat,Negative,No,0,None,97,None,101.38,Not Infected
COVID02808,52,Male,West Bengal,Howrah,2022-07-04,Fully Vaccinated,Fatigue,Positive,No,10,Moderate,99,None,1400.54,Recovered
COVID03628,62,Male,Maharashtra,Nashik,2022-07-04,Fully Vaccinated,Cough,Positive,Yes,8,Moderate,100,None,1933.29,Deceased
COVID01218,28,Female,Rajasthan,Jodhpur,2022-07-04,Fully Vaccinated,Breathing Difficulty,Negative,No,0,None,98,None,81.1,Not Infected
COVID00952,79,Female,Maharashtra,Mumbai,2022-07-05,Fully Vaccinated,None,Positive,No,18,Mild,95,Hypertension,2389.12,Recovered
COVID02253,67,Male,Rajasthan,Jaipur,2022-07-05,Fully Vaccinated,Fatigue,Positive,Yes,17,Severe,93,None,3411.21,Recovered
COVID03307,22,Male,Maharashtra,Nagpur,2022-07-05,Not Vaccinated,Cough,Positive,No,5,Mild,97,None,1597.51,Recovered
COVID04046,16,Female,West Bengal,Kolkata,2022-07-05,Partially Vaccinated,Sore Throat,Negative,No,0,None,96,Asthma,57.67,Not Infected
COVID01659,17,Female,West Bengal,Howrah,2022-07-05,Fully Vaccinated,Fatigue,Positive,No,19,Moderate,99,None,2172.25,Recovered
COVID04731,51,Male,Rajasthan,Jodhpur,2022-07-05,Fully Vaccinated,Loss of Taste/Smell,Positive,No,17,Mild,93,Diabetes,1266.13,Recovered
COVID00340,78,Female,Rajasthan,Udaipur,2022-07-05,Fully Vaccinated,Fatigue,Positive,No,24,Mild,98,None,1221.42,Recovered
COVID03852,38,Female,Tamil Nadu,Salem,2022-07-05,Not Vaccinated,Loss of Taste/Smell,Positive,No,11,Mild,97,None,589.27,Recovered
COVID04679,77,Female,Andhra Pradesh,Vijayawada,2022-07-05,Fully Vaccinated,Sore Throat,Positive,Yes,28,Moderate,96,Heart Disease,5302.72,Recovered
COVID02422,67,Male,Gujarat,Vadodara,2022-07-06,Not Vaccinated,Breathing Difficulty,Positive,No,8,Mild,97,None,1347.66,Recovered
COVID01366,43,Female,Karnataka,Hubballi,2022-07-06,Fully Vaccinated,Sore Throat,Positive,Yes,11,Moderate,96,Multiple,5178.8,Recovered
COVID02363,46,Male,Karnataka,Mangaluru,2022-07-06,Fully Vaccinated,Loss of Taste/Smell,Negative,No,0,None,100,None,449.77,Not Infected
COVID00886,40,Male,Telangana,Hyderabad,2022-07-06,Fully Vaccinated,Cough,Negative,No,0,None,98,None,135.18,Not Infected
COVID00021,19,Female,Telangana,Warangal,2022-07-06,Not Vaccinated,Fatigue,Positive,Yes,25,Moderate,95,None,5033.84,Recovered
COVID02954,28,Female,Karnataka,Bengaluru,2022-07-06,Fully Vaccinated,Breathing Difficulty,Positive,No,23,Severe,98,None,1966.85,Recovered
COVID00273,19,Other,Gujarat,Ahmedabad,2022-07-07,Not Vaccinated,Fever,Positive,No,21,Mild,96,None,905.93,Recovered
COVID00765,13,Female,Rajasthan,Jodhpur,2022-07-07,Partially Vaccinated,Sore Throat,Positive,Yes,8,Moderate,99,None,5076.26,Recovered
COVID00961,13,Female,West Bengal,Durgapur,2022-07-07,Fully Vaccinated,None,Positive,Yes,37,Critical,94,None,7802.02,Deceased
COVID00563,56,Male,Maharashtra,Nagpur,2022-07-07,Partially Vaccinated,Fatigue,Negative,No,0,None,98,Diabetes,155.89,Not Infected
COVID04416,41,Female,Delhi,Dwarka,2022-07-07,Not Vaccinated,Loss of Taste/Smell,Positive,No,22,Mild,99,Hypertension,1141.29,Recovered
COVID00145,45,Female,Tamil Nadu,Chennai,2022-07-07,Not Vaccinated,Breathing Difficulty,Positive,No,14,Mild,95,None,1077.61,Recovered
COVID01325,33,Female,Maharashtra,Mumbai,2022-07-07,Not Vaccinated,Loss of Taste/Smell,Positive,No,28,Mild,93,None,1698.21,Recovered
COVID04134,49,Male,Delhi,Dwarka,2022-07-08,Fully Vaccinated,Cough,Positive,No,18,Mild,94,Hypertension,955.81,Recovered
COVID04636,50,Male,Telangana,Hyderabad,2022-07-09,Fully Vaccinated,None,Positive,No,11,Mild,98,Asthma,972.26,Recovered
COVID04521,42,Female,West Bengal,Durgapur,2022-07-09,Partially Vaccinated,Fatigue,Positive,No,22,Mild,98,None,1582.12,Recovered
COVID04628,12,Male,Andhra Pradesh,Vijayawada,2022-07-09,Partially Vaccinated,Fever,Positive,No,16,Mild,95,Heart Disease,1957.56,Recovered
COVID03648,18,Female,Rajasthan,Jaipur,2022-07-09,Booster,Cough,Negative,No,0,None,99,None,254.73,Not Infected
COVID03283,51,Male,Karnataka,Mangaluru,2022-07-10,Partially Vaccinated,Sore Throat,Positive,Yes,17,Severe,91,None,5884.01,Recovered
COVID01142,7,Female,Delhi,Rohini,2022-07-10,Fully Vaccinated,Cough,Positive,No,17,Moderate,96,None,496.17,Recovered
COVID01698,28,Male,Kerala,Thrissur,2022-07-10,Not Vaccinated,Loss of Taste/Smell,Positive,Yes,21,Moderate,96,None,4071.48,Recovered
COVID04078,39,Female,Kerala,Thiruvananthapuram,2022-07-10,Not Vaccinated,Fatigue,Positive,No,22,Mild,100,None,2372.5,Recovered
COVID02885,83,Female,Gujarat,Ahmedabad,2022-07-10,Partially Vaccinated,Cough,Negative,No,0,None,95,Asthma,226.49,Not Infected
COVID00628,55,Female,Maharashtra,Nashik,2022-07-10,Partially Vaccinated,Fatigue,Negative,No,0,None,96,None,105.95,Not Infected
COVID01005,54,Other,Telangana,Warangal,2022-07-11,Partially Vaccinated,Sore Throat,Negative,No,0,None,98,Multiple,20.37,Not Infected
COVID02803,10,Male,Rajasthan,Jodhpur,2022-07-11,Partially Vaccinated,Fever,Positive,Yes,20,Moderate,95,Diabetes,3689.03,Recovered
COVID04021,24,Male,Andhra Pradesh,Vijayawada,2022-07-11,Fully Vaccinated,Cough,Positive,Yes,5,Moderate,94,None,4237.45,Recovered
COVID01823,44,Male,Rajasthan,Jaipur,2022-07-11,Fully Vaccinated,Cough,Positive,Yes,23,Moderate,100,Multiple,7177.31,Recovered
COVID00723,21,Male,Tamil Nadu,Coimbatore,2022-07-11,Booster,None,Positive,Yes,27,Moderate,93,Asthma,7198.97,Recovered
COVID04640,73,Male,Maharashtra,Nagpur,2022-07-12,Partially Vaccinated,Fever,Positive,No,9,Mild,94,Hypertension,1329.9,Recovered
COVID00247,49,Female,Tamil Nadu,Madurai,2022-07-12,Booster,Fever,Positive,No,28,Moderate,98,Diabetes,1263.23,Recovered
COVID04075,11,Female,West Bengal,Kolkata,2022-07-12,Fully Vaccinated,Fever,Negative,No,0,None,96,None,78.47,Not Infected
COVID00623,48,Female,Tamil Nadu,Salem,2022-07-12,Booster,Loss of Taste/Smell,Positive,No,11,Mild,94,None,1879.09,Recovered
COVID01703,84,Female,Karnataka,Bengaluru,2022-07-12,Not Vaccinated,Cough,Positive,No,27,Mild,98,Hypertension,604.35,Recovered
COVID00383,37,Male,Maharashtra,Nagpur,2022-07-12,Fully Vaccinated,Breathing Difficulty,Positive,No,10,Mild,93,Hypertension,684.15,Recovered
COVID01481,67,Female,Delhi,Dwarka,2022-07-12,Booster,Cough,Positive,Yes,18,Moderate,98,Diabetes,6180.06,Recovered
COVID01062,35,Male,Tamil Nadu,Chennai,2022-07-13,Partially Vaccinated,Cough,Negative,No,0,None,95,Asthma,116.93,Not Infected
COVID00509,61,Male,Kerala,Kozhikode,2022-07-13,Not Vaccinated,Fatigue,Negative,No,0,None,96,None,489.87,Not Infected
COVID01786,23,Female,Telangana,Warangal,2022-07-13,Not Vaccinated,Fatigue,Positive,No,9,Mild,96,Diabetes,762.99,Recovered
COVID01571,62,Male,Rajasthan,Jaipur,2022-07-14,Fully Vaccinated,Breathing Difficulty,Positive,No,20,Mild,94,None,707.23,Recovered
COVID03678,44,Female,West Bengal,Kolkata,2022-07-14,Not Vaccinated,None,Negative,No,0,None,98,None,410.76,Not Infected
COVID02355,45,Female,Andhra Pradesh,Guntur,2022-07-14,Fully Vaccinated,Loss of Taste/Smell,Positive,No,24,Mild,95,None,477.16,Deceased
COVID03271,69,Male,Kerala,Kozhikode,2022-07-14,Fully Vaccinated,None,Positive,No,11,Moderate,94,None,1556.48,Recovered
COVID04061,74,Male,Maharashtra,Nashik,2022-07-15,Fully Vaccinated,Fatigue,Negative,No,0,None,100,Hypertension,88.33,Not Infected
COVID00643,45,Female,Tamil Nadu,Salem,2022-07-15,Partially Vaccinated,Fever,Positive,No,12,Moderate,93,Diabetes,833.23,Recovered
COVID00121,38,Female,Rajasthan,Udaipur,2022-07-16,Fully Vaccinated,Cough,Positive,Yes,10,Moderate,100,None,6134.3,Recovered
COVID02260,35,Male,Gujarat,Surat,2022-07-16,Fully Vaccinated,Sore Throat,Negative,No,0,None,98,None,361.08,Not Infected
COVID02687,16,Female,Kerala,Thiruvananthapuram,2022-07-16,Booster,Cough,Positive,No,17,Moderate,93,Diabetes,1712.11,Recovered
COVID00550,59,Female,Telangana,Hyderabad,2022-07-17,Not Vaccinated,Breathing Difficulty,Negative,No,0,None,99,None,155.01,Not Infected
COVID03278,69,Male,Kerala,Thiruvananthapuram,2022-07-17,Fully Vaccinated,Loss of Taste/Smell,Negative,No,0,None,95,None,221.17,Not Infected
COVID04259,54,Male,Kerala,Kozhikode,2022-07-17,Fully Vaccinated,Sore Throat,Positive,No,14,Moderate,93,None,2408.38,Recovered
COVID04171,15,Male,Gujarat,Vadodara,2022-07-17,Booster,Loss of Taste/Smell,Positive,Yes,38,Severe,99,Diabetes,2519.48,Deceased
COVID04752,69,Female,Karnataka,Mysuru,2022-07-17,Not Vaccinated,Fever,Positive,Yes,14,Moderate,94,None,3182.17,Recovered
COVID02365,36,Female,Delhi,New Delhi,2022-07-17,Fully Vaccinated,Fatigue,Positive,Yes,8,Moderate,96,None,6686.14,Recovered
COVID04124,54,Male,Telangana,Warangal,2022-07-17,Not Vaccinated,Fever,Positive,No,19,Mild,96,None,1331.1,Recovered
COVID01398,84,Female,Tamil Nadu,Salem,2022-07-17,Not Vaccinated,None,Positive,No,18,Mild,99,None,1468.34,Recovered
COVID00371,34,Male,Kerala,Kozhikode,2022-07-18,Fully Vaccinated,Fatigue,Positive,No,16,Mild,100,Diabetes,1272.11,Recovered
COVID02901,82,Male,Maharashtra,Nashik,2022-07-18,Fully Vaccinated,Fever,Positive,No,5,Mild,94,Heart Disease,2203.62,Recovered
COVID03593,18,Male,Rajasthan,Jaipur,2022-07-18,Fully Vaccinated,Fatigue,Negative,No,0,None,100,None,22.08,Not Infected
COVID02269,21,Male,Telangana,Nizamabad,2022-07-18,Partially Vaccinated,Loss of Taste/Smell,Positive,No,9,Mild,99,None,1224.0,Recovered
COVID04870,41,Male,Karnataka,Mysuru,2022-07-18,Fully Vaccinated,Loss of Taste/Smell,Positive,No,23,Mild,100,None,1991.51,Recovered
COVID00008,37,Female,Delhi,New Delhi,2022-07-18,Booster,None,Positive,Yes,43,Severe,99,None,2293.0,Recovered
COVID03717,27,Male,Tamil Nadu,Coimbatore,2022-07-18,Booster,Sore Throat,Positive,No,22,Mild,99,None,957.31,Recovered
COVID02763,85,Female,Rajasthan,Jaipur,2022-07-19,Not Vaccinated,Fatigue,Negative,No,0,None,98,None,148.61,Not Infected
COVID04261,10,Male,Delhi,Rohini,2022-07-19,Fully Vaccinated,Sore Throat,Positive,Yes,24,Moderate,100,None,3961.39,Recovered
COVID04222,65,Female,Kerala,Kozhikode,2022-07-19,Fully Vaccinated,Cough,Negative,No,0,None,98,None,211.23,Not Infected
COVID03277,6,Female,Andhra Pradesh,Guntur,2022-07-19,Fully Vaccinated,Cough,Positive,No,30,Critical,91,None,2303.76,Recovered
COVID00132,67,Male,Delhi,Dwarka,2022-07-19,Not Vaccinated,Fever,Negative,No,0,None,97,Hypertension,169.21,Not Infected
COVID01350,69,Female,Tamil Nadu,Salem,2022-07-20,Fully Vaccinated,None,Positive,Yes,21,Moderate,95,None,7851.02,Recovered
COVID01842,66,Female,Karnataka,Hubballi,2022-07-20,Fully Vaccinated,Fatigue,Positive,Yes,12,Moderate,100,Asthma,2367.1,Deceased
COVID01814,12,Female,Delhi,Dwarka,2022-07-20,Fully Vaccinated,None,Positive,No,25,Mild,93,Hypertension,634.47,Recovered
COVID04056,29,Male,Tamil Nadu,Chennai,2022-07-20,Fully Vaccinated,Sore Throat,Positive,Yes,5,Moderate,96,Hypertension,4926.25,Recovered
COVID00193,20,Male,Gujarat,Surat,2022-07-20,Fully Vaccinated,Fatigue,Positive,No,9,Mild,99,Heart Disease,806.03,Recovered
COVID01657,65,Male,Andhra Pradesh,Guntur,2022-07-20,Not Vaccinated,Loss of Taste/Smell,Positive,No,24,Moderate,98,None,2277.67,Recovered
COVID02108,75,Female,Telangana,Warangal,2022-07-20,Fully Vaccinated,None,Positive,No,18,Mild,95,None,330.49,Recovered
COVID02754,74,Male,Andhra Pradesh,Guntur,2022-07-20,Fully Vaccinated,Cough,Negative,No,0,None,95,Heart Disease,476.33,Not Infected
COVID03146,34,Male,Kerala,Thiruvananthapuram,2022-07-20,Not Vaccinated,None,Positive,Yes,13,Moderate,94,None,6005.88,Recovered
COVID04088,52,Female,Andhra Pradesh,Vijayawada,2022-07-21,Not Vaccinated,Fever,Positive,No,17,Mild,96,Hypertension,2284.77,Recovered
COVID03541,24,Female,Karnataka,Mysuru,2022-07-21,Partially Vaccinated,Fatigue,Positive,No,29,Mild,93,None,2120.13,Recovered
COVID01087,72,Male,Karnataka,Hubballi,2022-07-21,Fully Vaccinated,Fatigue,Positive,No,12,Mild,99,Asthma,855.06,Recovered
COVID02429,61,Male,Andhra Pradesh,Vijayawada,2022-07-22,Fully Vaccinated,Fever,Negative,No,0,None,100,Heart Disease,18.75,Not Infected
COVID03765,32,Female,Tamil Nadu,Salem,2022-07-22,Fully Vaccinated,Loss of Taste/Smell,Positive,No,11,Moderate,99,Heart Disease,1314.58,Recovered
COVID03161,55,Female,Karnataka,Mysuru,2022-07-22,Fully Vaccinated,Cough,Negative,No,0,None,98,None,105.76,Not Infected
COVID01405,72,Male,Andhra Pradesh,Guntur,2022-07-22,Fully Vaccinated,None,Negative,No,0,None,97,None,208.29,Not Infected
COVID01148,8,Female,Karnataka,Hubballi,2022-07-23,Booster,None,Positive,Yes,36,Severe,99,None,5568.77,Recovered
COVID02086,64,Male,Kerala,Kozhikode,2022-07-23,Fully Vaccinated,Sore Throat,Positive,Yes,27,Moderate,98,Diabetes,2922.39,Recovered
COVID02099,15,Female,Delhi,Dwarka,2022-07-23,Fully Vaccinated,Fatigue,Positive,No,6,Mild,95,Diabetes,2388.17,Recovered
COVID00165,24,Male,Tamil Nadu,Salem,2022-07-23,Fully Vaccinated,Fever,Positive,No,8,Mild,100,None,849.23,Recovered
COVID00890,33,Male,Gujarat,Ahmedabad,2022-07-23,Fully Vaccinated,Fatigue,Positive,No,24,Mild,98,None,2033.04,Recovered
COVID01706,44,Male,Andhra Pradesh,Guntur,2022-07-24,Not Vaccinated,None,Positive,No,13,Mild,100,Hypertension,1084.89,Recovered
COVID02202,6,Female,Karnataka,Mysuru,2022-07-24,Booster,Sore Throat,Positive,Yes,48,Critical,99,None,3794.12,Recovered
COVID03022,18,Female,Andhra Pradesh,Vijayawada,2022-07-25,Partially Vaccinated,Sore Throat,Positive,Yes,14,Moderate,94,None,7889.08,Recovered
COVID04415,81,Male,Kerala,Kochi,2022-07-25,Fully Vaccinated,Loss of Taste/Smell,Positive,No,6,Mild,99,None,677.01,Recovered
COVID02409,20,Male,West Bengal,Kolkata,2022-07-25,Fully Vaccinated,Sore Throat,Positive,No,12,Mild,93,None,1609.2,Recovered
COVID02468,42,Male,Tamil Nadu,Chennai,2022-07-25,Fully Vaccinated,Fever,Positive,No,9,Mild,98,None,757.16,Recovered
COVID02368,41,Female,Telangana,Warangal,2022-07-25,Partially Vaccinated,Fatigue,Negative,No,0,None,98,None,128.64,Not Infected
COVID01009,61,Male,Rajasthan,Udaipur,2022-07-25,Partially Vaccinated,Loss of Taste/Smell,Positive,No,7,Mild,100,Hypertension,531.13,Recovered
COVID04968,23,Male,Maharashtra,Mumbai,2022-07-25,Booster,Sore Throat,Positive,No,22,Mild,95,Heart Disease,2304.67,Recovered
COVID04756,13,Female,Tamil Nadu,Coimbatore,2022-07-25,Fully Vaccinated,Sore Throat,Positive,No,29,Mild,93,None,1620.73,Recovered
COVID02366,25,Male,Gujarat,Surat,2022-07-26,Partially Vaccinated,Fatigue,Negative,No,0,None,100,None,279.56,Not Infected
COVID00963,84,Female,Telangana,Warangal,2022-07-26,Fully Vaccinated,None,Negative,No,0,None,95,None,294.95,Not Infected
COVID01553,68,Male,Andhra Pradesh,Vijayawada,2022-07-26,Booster,Cough,Positive,No,16,Mild,95,None,1651.74,Recovered
COVID00244,25,Female,Gujarat,Vadodara,2022-07-26,Partially Vaccinated,Fatigue,Negative,No,0,None,97,None,144.63,Not Infected
COVID02242,51,Male,Tamil Nadu,Coimbatore,2022-07-26,Partially Vaccinated,None,Positive,No,21,Mild,97,Hypertension,2499.58,Recovered
COVID03427,24,Male,Andhra Pradesh,Visakhapatnam,2022-07-26,Fully Vaccinated,Loss of Taste/Smell,Positive,No,16,Mild,97,Diabetes,1397.18,Recovered
COVID00042,41,Female,Karnataka,Mangaluru,2022-07-26,Fully Vaccinated,Fever,Positive,No,28,Mild,93,None,888.47,Recovered
COVID03605,23,Male,Rajasthan,Jodhpur,2022-07-27,Fully Vaccinated,Sore Throat,Negative,No,0,None,98,None,41.01,Not Infected
COVID04538,50,Female,Rajasthan,Jodhpur,2022-07-27,Partially Vaccinated,Fatigue,Positive,Yes,17,Moderate,95,None,5831.08,Recovered
COVID01460,66,Male,Tamil Nadu,Salem,2022-07-28,Not Vaccinated,Cough,Negative,No,0,None,97,None,318.99,Not Infected
COVID03722,34,Female,Kerala,Kochi,2022-07-28,Booster,None,Positive,No,22,Moderate,95,None,2472.43,Recovered
COVID01122,41,Female,Telangana,Nizamabad,2022-07-29,Not Vaccinated,Sore Throat,Positive,Yes,11,Moderate,99,Hypertension,6503.73,Recovered
COVID03079,6,Female,Kerala,Thiruvananthapuram,2022-07-29,Fully Vaccinated,Fatigue,Positive,Yes,35,Severe,95,None,4518.93,Recovered
COVID00753,84,Male,Rajasthan,Udaipur,2022-07-29,Fully Vaccinated,Sore Throat,Positive,No,8,Mild,99,None,1774.73,Recovered
COVID02476,83,Female,Andhra Pradesh,Vijayawada,2022-07-29,Booster,Cough,Positive,No,15,Mild,95,None,1316.88,Recovered
COVID02214,17,Male,Telangana,Hyderabad,2022-07-29,Fully Vaccinated,None,Positive,Yes,15,Moderate,98,None,7018.81,Recovered
COVID04376,84,Female,Andhra Pradesh,Vijayawada,2022-07-29,Fully Vaccinated,Fatigue,Positive,Yes,40,Severe,97,None,4800.63,Recovered
COVID04819,50,Female,Telangana,Nizamabad,2022-07-29,Not Vaccinated,Fatigue,Positive,No,30,Mild,98,None,1928.65,Recovered
COVID03863,64,Female,Tamil Nadu,Coimbatore,2022-07-30,Partially Vaccinated,Cough,Positive,Yes,20,Moderate,98,None,4754.1,Recovered
COVID02707,15,Male,West Bengal,Durgapur,2022-07-30,Booster,Fatigue,Positive,Yes,30,Severe,100,None,2666.96,Recovered
COVID03934,64,Male,Karnataka,Bengaluru,2022-07-30,Not Vaccinated,Sore Throat,Positive,Yes,28,Moderate,96,Hypertension,6818.51,Recovered
COVID01549,41,Female,Telangana,Hyderabad,2022-07-30,Fully Vaccinated,Cough,Negative,No,0,None,100,Hypertension,398.05,Not Infected
COVID03762,72,Male,Kerala,Thrissur,2022-07-30,Booster,Cough,Negative,No,0,None,99,None,403.92,Not Infected
COVID03986,63,Male,Delhi,Rohini,2022-07-31,Fully Vaccinated,Sore Throat,Positive,No,27,Moderate,95,Hypertension,1537.26,Recovered
COVID00324,82,Female,Rajasthan,Jaipur,2022-07-31,Booster,Loss of Taste/Smell,Positive,Yes,11,Moderate,94,None,2866.37,Recovered
COVID00410,21,Male,Telangana,Nizamabad,2022-07-31,Partially Vaccinated,Sore Throat,Positive,Yes,18,Moderate,95,None,7959.64,Recovered
COVID01166,13,Male,Rajasthan,Udaipur,2022-07-31,Fully Vaccinated,None,Positive,Yes,28,Severe,100,Asthma,7974.84,Recovered
COVID03572,42,Male,Maharashtra,Pune,2022-07-31,Booster,Fever,Positive,Yes,18,Moderate,98,None,4907.7,Recovered
COVID03792,79,Female,Kerala,Thrissur,2022-07-31,Fully Vaccinated,Fever,Negative,No,0,None,96,Multiple,259.43,Not Infected
COVID02809,71,Female,Delhi,Dwarka,2022-07-31,Fully Vaccinated,Fatigue,Negative,No,0,None,97,Diabetes,235.42,Not Infected
COVID01734,77,Male,Kerala,Kochi,2022-08-01,Fully Vaccinated,Cough,Positive,No,13,Mild,95,Diabetes,2236.87,Recovered
COVID02487,32,Male,Karnataka,Mangaluru,2022-08-01,Booster,Cough,Positive,No,29,Mild,96,Diabetes,703.65,Recovered
COVID02441,30,Female,Kerala,Thrissur,2022-08-01,Fully Vaccinated,Loss of Taste/Smell,Negative,No,0,None,97,Heart Disease,434.56,Not Infected
COVID04298,42,Female,Maharashtra,Mumbai,2022-08-01,Partially Vaccinated,None,Positive,No,6,Mild,96,None,686.08,Recovered
COVID02418,38,Male,Kerala,Kochi,2022-08-01,Booster,Fatigue,Negative,No,0,None,95,Asthma,251.53,Not Infected
COVID03011,53,Male,Telangana,Hyderabad,2022-08-01,Fully Vaccinated,Cough,Negative,No,0,None,96,None,479.42,Not Infected
COVID00565,48,Female,Delhi,Rohini,2022-08-01,Booster,Loss of Taste/Smell,Positive,No,10,Mild,98,None,905.82,Recovered
COVID00583,27,Female,Tamil Nadu,Coimbatore,2022-08-02,Booster,Breathing Difficulty,Positive,Yes,16,Moderate,96,Multiple,3773.97,Recovered
COVID01078,21,Male,Delhi,Rohini,2022-08-02,Fully Vaccinated,None,Negative,No,0,None,96,Hypertension,1.75,Not Infected
COVID00101,23,Male,Karnataka,Hubballi,2022-08-02,Fully Vaccinated,Sore Throat,Positive,No,31,Critical,92,None,2208.39,Recovered
COVID02130,12,Female,Karnataka,Mysuru,2022-08-02,Fully Vaccinated,Loss of Taste/Smell,Positive,Yes,39,Severe,93,Hypertension,1685.2,Recovered
COVID04279,59,Male,Andhra Pradesh,Vijayawada,2022-08-03,Fully Vaccinated,Loss of Taste/Smell,Positive,Yes,26,Moderate,100,Asthma,7983.92,Recovered
COVID03432,7,Other,Delhi,Dwarka,2022-08-03,Fully Vaccinated,Cough,Negative,No,0,None,95,Multiple,301.58,Not Infected
COVID04728,38,Male,Tamil Nadu,Madurai,2022-08-03,Fully Vaccinated,Cough,Negative,No,0,None,99,Hypertension,461.95,Not Infected
COVID00375,5,Male,Delhi,New Delhi,2022-08-03,Fully Vaccinated,Cough,Positive,Yes,25,Moderate,98,Multiple,6593.47,Recovered
COVID03862,12,Female,West Bengal,Kolkata,2022-08-03,Fully Vaccinated,None,Positive,Yes,19,Moderate,93,None,3208.17,Recovered
COVID04409,81,Female,Rajasthan,Jodhpur,2022-08-03,Fully Vaccinated,Loss of Taste/Smell,Negative,No,0,None,95,None,389.6,Not Infected
COVID02100,28,Female,Rajasthan,Jodhpur,2022-08-03,Fully Vaccinated,None,Positive,Yes,43,Severe,93,None,5072.14,Recovered
COVID02103,17,Female,Delhi,Dwarka,2022-08-03,Partially Vaccinated,Cough,Negative,No,0,None,100,None,294.22,Not Infected
COVID03246,9,Female,Delhi,New Delhi,2022-08-04,Fully Vaccinated,Sore Throat,Positive,No,17,Severe,93,Asthma,1899.98,Recovered
COVID00364,36,Male,Andhra Pradesh,Visakhapatnam,2022-08-05,Partially Vaccinated,Cough,Positive,Yes,25,Moderate,93,None,5893.96,Recovered
COVID03682,35,Male,Delhi,Dwarka,2022-08-05,Partially Vaccinated,Cough,Positive,No,25,Mild,99,Hypertension,1311.72,Recovered
COVID00610,15,Male,Gujarat,Vadodara,2022-08-05,Fully Vaccinated,Sore Throat,Positive,Yes,31,Critical,96,None,3883.68,Deceased
COVID01476,9,Female,Maharashtra,Nagpur,2022-08-05,Fully Vaccinated,Sore Throat,Positive,Yes,13,Moderate,93,None,6833.57,Recovered
COVID02199,40,Female,Andhra Pradesh,Visakhapatnam,2022-08-05,Not Vaccinated,Sore Throat,Positive,No,27,Mild,99,Asthma,1562.28,Recovered
COVID04295,37,Female,Maharashtra,Nashik,2022-08-06,Not Vaccinated,Cough,Negative,No,0,None,95,None,405.82,Not Infected
COVID02213,15,Male,Tamil Nadu,Coimbatore,2022-08-06,Fully Vaccinated,Fever,Negative,No,0,None,100,None,350.34,Not Infected
COVID02552,74,Female,Andhra Pradesh,Vijayawada,2022-08-06,Fully Vaccinated,None,Positive,No,23,Mild,94,Asthma,839.03,Recovered
COVID03315,13,Male,Tamil Nadu,Chennai,2022-08-06,Partially Vaccinated,Fever,Positive,Yes,23,Severe,100,None,2043.96,Recovered
COVID03550,18,Male,Tamil Nadu,Madurai,2022-08-07,Partially Vaccinated,None,Positive,No,16,Moderate,97,Diabetes,1628.19,Recovered
COVID04485,69,Female,Maharashtra,Nashik,2022-08-07,Partially Vaccinated,Fatigue,Positive,No,22,Mild,95,Diabetes,1709.32,Recovered
COVID01704,28,Male,Karnataka,Bengaluru,2022-08-07,Booster,Breathing Difficulty,Positive,No,12,Mild,95,None,1362.47,Recovered
COVID00911,47,Female,Tamil Nadu,Coimbatore,2022-08-08,Fully Vaccinated,None,Positive,No,23,Mild,95,None,699.61,Recovered
COVID03494,23,Male,Telangana,Warangal,2022-08-08,Fully Vaccinated,Fatigue,Negative,No,0,None,99,None,140.99,Not Infected
COVID02846,74,Male,Tamil Nadu,Madurai,2022-08-08,Fully Vaccinated,Sore Throat,Negative,No,0,None,96,Hypertension,231.19,Not Infected
COVID04226,48,Male,Andhra Pradesh,Visakhapatnam,2022-08-09,Not Vaccinated,Loss of Taste/Smell,Negative,No,0,None,95,None,144.47,Not Infected
COVID04267,45,Male,Kerala,Kozhikode,2022-08-09,Fully Vaccinated,Cough,Positive,Yes,24,Moderate,99,None,6639.5,Recovered
COVID03400,25,Female,Kerala,Kozhikode,2022-08-09,Booster,Breathing Difficulty,Positive,Yes,38,Severe,94,None,1564.11,Recovered
COVID03787,32,Female,Gujarat,Vadodara,2022-08-09,Not Vaccinated,Fever,Positive,No,23,Mild,95,None,745.65,Recovered
COVID02462,27,Male,Kerala,Thrissur,2022-08-09,Fully Vaccinated,Sore Throat,Negative,No,0,None,95,None,36.66,Not Infected
COVID04426,75,Male,Rajasthan,Udaipur,2022-08-09,Fully Vaccinated,Fever,Positive,No,17,Mild,100,None,1425.46,Recovered
COVID00177,47,Female,Tamil Nadu,Chennai,2022-08-09,Partially Vaccinated,Fever,Positive,No,19,Moderate,96,None,809.32,Recovered
COVID01695,62,Female,Tamil Nadu,Chennai,2022-08-09,Not Vaccinated,None,Negative,No,0,None,99,None,342.73,Not Infected
COVID00721,24,Female,Rajasthan,Jodhpur,2022-08-10,Fully Vaccinated,Fever,Positive,Yes,13,Moderate,100,Heart Disease,6027.0,Recovered
COVID00768,31,Male,Andhra Pradesh,Visakhapatnam,2022-08-10,Not Vaccinated,Sore Throat,Positive,Yes,21,Moderate,95,Heart Disease,6206.46,Recovered
COVID03956,67,Male,Tamil Nadu,Chennai,2022-08-10,Fully Vaccinated,Loss of Taste/Smell,Positive,No,16,Mild,99,Heart Disease,1097.95,Recovered
COVID02931,80,Male,Delhi,Dwarka,2022-08-10,Partially Vaccinated,Loss of Taste/Smell,Positive,No,23,Moderate,97,None,1134.85,Recovered
COVID03073,53,Male,Delhi,Dwarka,2022-08-10,Booster,Fever,Positive,Yes,27,Severe,94,None,7022.97,Recovered
COVID03303,78,Male,Telangana,Hyderabad,2022-08-10,Fully Vaccinated,Sore Throat,Negative,No,0,None,99,Multiple,464.58,Not Infected
COVID04405,55,Male,Maharashtra,Nagpur,2022-08-11,Booster,Fatigue,Negative,No,0,None,100,None,417.65,Not Infected
COVID03974,38,Male,Rajasthan,Udaipur,2022-08-11,Fully Vaccinated,Fatigue,Positive,Yes,29,Moderate,94,None,4569.66,Recovered
COVID03701,32,Female,West Bengal,Kolkata,2022-08-11,Partially Vaccinated,Breathing Difficulty,Positive,No,26,Mild,93,Heart Disease,1429.62,Recovered
COVID04353,72,Male,West Bengal,Kolkata,2022-08-12,Partially Vaccinated,Fever,Positive,Yes,35,Severe,91,Multiple,6212.89,Recovered
COVID01939,25,Male,Kerala,Kozhikode,2022-08-12,Fully Vaccinated,Fatigue,Positive,No,16,Mild,99,None,1918.91,Recovered
COVID01220,14,Male,Rajasthan,Jodhpur,2022-08-12,Booster,Fever,Positive,No,30,Mild,100,None,2009.65,Recovered
COVID03234,37,Female,Rajasthan,Jaipur,2022-08-12,Not Vaccinated,None,Negative,No,0,None,99,Multiple,272.76,Not Infected
COVID03499,7,Female,Andhra Pradesh,Visakhapatnam,2022-08-12,Not Vaccinated,Sore Throat,Positive,No,11,Mild,98,Hypertension,905.74,Recovered
COVID03963,76,Female,Rajasthan,Udaipur,2022-08-13,Fully Vaccinated,Fatigue,Positive,No,22,Mild,97,None,1552.33,Recovered
COVID03809,43,Male,Maharashtra,Mumbai,2022-08-13,Not Vaccinated,Sore Throat,Positive,No,16,Mild,97,None,469.47,Recovered
COVID04319,21,Female,West Bengal,Kolkata,2022-08-13,Fully Vaccinated,Fatigue,Positive,No,13,Mild,97,None,2152.17,Recovered
COVID04234,44,Female,Karnataka,Mysuru,2022-08-13,Booster,Breathing Difficulty,Positive,No,24,Mild,98,None,2221.1,Recovered
COVID04532,59,Male,Gujarat,Surat,2022-08-13,Fully Vaccinated,Sore Throat,Negative,No,0,None,98,None,380.37,Not Infected
COVID01721,49,Female,Kerala,Kozhikode,2022-08-13,Partially Vaccinated,Loss of Taste/Smell,Positive,No,27,Mild,95,Heart Disease,1343.62,Recovered
COVID04792,57,Male,Tamil Nadu,Coimbatore,2022-08-13,Not Vaccinated,Fatigue,Positive,No,26,Mild,96,Diabetes,697.08,Recovered
COVID02407,66,Female,Karnataka,Mysuru,2022-08-14,Partially Vaccinated,Cough,Positive,Yes,21,Moderate,97,Diabetes,3101.32,Recovered
COVID04074,21,Female,Andhra Pradesh,Visakhapatnam,2022-08-15,Fully Vaccinated,Cough,Positive,No,19,Mild,99,None,1747.68,Recovered
COVID01202,5,Other,Andhra Pradesh,Vijayawada,2022-08-15,Partially Vaccinated,Fever,Negative,No,0,None,96,Multiple,92.15,Not Infected
COVID03962,27,Female,Maharashtra,Nagpur,2022-08-15,Booster,Fatigue,Positive,No,14,Severe,98,Asthma,1072.62,Recovered
COVID03655,18,Female,Kerala,Kozhikode,2022-08-15,Booster,Fatigue,Negative,No,0,None,96,Asthma,1.09,Not Infected
COVID03873,30,Female,Rajasthan,Jodhpur,2022-08-15,Fully Vaccinated,None,Positive,No,20,Moderate,96,None,2386.77,Recovered
COVID02084,22,Female,Kerala,Kozhikode,2022-08-15,Fully Vaccinated,Cough,Negative,No,0,None,100,Asthma,155.94,Not Infected
COVID00653,71,Male,West Bengal,Durgapur,2022-08-15,Fully Vaccinated,Fatigue,Positive,No,10,Mild,98,None,1765.47,Recovered
COVID04510,19,Male,Tamil Nadu,Madurai,2022-08-15,Not Vaccinated,None,Negative,No,0,None,100,None,105.62,Not Infected
COVID03036,55,Female,Kerala,Thiruvananthapuram,2022-08-15,Fully Vaccinated,Fatigue,Negative,No,0,None,98,None,306.11,Not Infected
COVID02302,5,Male,West Bengal,Howrah,2022-08-15,Partially Vaccinated,Fever,Positive,No,16,Severe,95,Asthma,1404.4,Deceased
COVID00185,67,Female,Maharashtra,Mumbai,2022-08-16,Partially Vaccinated,None,Positive,Yes,6,Moderate,100,None,3502.87,Recovered
COVID01301,60,Other,Delhi,New Delhi,2022-08-16,Fully Vaccinated,Fever,Positive,No,27,Mild,95,Heart Disease,1938.97,Recovered
COVID02250,78,Female,Tamil Nadu,Chennai,2022-08-16,Fully Vaccinated,Fatigue,Positive,No,17,Mild,94,None,1066.15,Deceased
COVID04246,53,Male,West Bengal,Durgapur,2022-08-16,Partially Vaccinated,Fatigue,Positive,Yes,15,Moderate,96,None,4099.94,Recovered
COVID01468,31,Male,Telangana,Hyderabad,2022-08-16,Not Vaccinated,None,Positive,Yes,51,Critical,93,Heart Disease,6033.88,Recovered
COVID03314,80,Female,Maharashtra,Mumbai,2022-08-16,Partially Vaccinated,Fatigue,Negative,No,0,None,100,Hypertension,68.75,Not Infected
COVID02611,12,Female,Rajasthan,Jodhpur,2022-08-17,Booster,Fatigue,Positive,Yes,30,Moderate,93,Multiple,5296.64,Recovered
COVID00727,30,Male,Gujarat,Vadodara,2022-08-17,Fully Vaccinated,None,Positive,No,22,Mild,98,Diabetes,1308.13,Recovered
COVID04878,55,Female,Maharashtra,Pune,2022-08-17,Fully Vaccinated,Fever,Positive,Yes,27,Moderate,99,None,2189.57,Recovered
COVID03973,71,Female,Maharashtra,Mumbai,2022-08-17,Fully Vaccinated,Fever,Negative,No,0,None,95,Asthma,183.25,Not Infected
COVID04748,38,Male,Gujarat,Surat,2022-08-17,Booster,None,Positive,No,20,Moderate,98,Asthma,1185.89,Recovered
COVID02091,23,Male,West Bengal,Kolkata,2022-08-17,Not Vaccinated,None,Positive,No,11,Mild,98,Asthma,1511.96,Recovered
COVID01317,14,Male,Maharashtra,Pune,2022-08-17,Fully Vaccinated,Fatigue,Positive,No,21,Mild,99,Multiple,1813.23,Recovered
COVID01471,65,Male,Andhra Pradesh,Vijayawada,2022-08-18,Booster,Fatigue,Negative,No,0,None,97,None,356.44,Not Infected
COVID03224,6,Male,Gujarat,Vadodara,2022-08-18,Partially Vaccinated,Breathing Difficulty,Positive,No,16,Mild,95,None,1239.81,Recovered
COVID02351,68,Female,Gujarat,Vadodara,2022-08-18,Booster,Loss of Taste/Smell,Positive,Yes,9,Moderate,100,None,2797.54,Deceased
COVID04006,45,Female,Rajasthan,Jodhpur,2022-08-19,Fully Vaccinated,Fever,Negative,No,0,None,100,None,403.79,Not Infected
COVID03066,53,Male,Rajasthan,Udaipur,2022-08-19,Fully Vaccinated,Breathing Difficulty,Positive,No,8,Mild,96,None,677.42,Deceased
COVID02217,76,Male,Telangana,Hyderabad,2022-08-19,Partially Vaccinated,Cough,Negative,No,0,None,96,None,170.56,Not Infected
COVID02970,84,Female,West Bengal,Kolkata,2022-08-19,Not Vaccinated,None,Positive,Yes,7,Moderate,93,None,5500.53,Recovered
COVID00072,72,Male,Telangana,Nizamabad,2022-08-19,Booster,Sore Throat,Positive,Yes,19,Moderate,96,None,5169.01,Recovered
COVID03897,24,Female,West Bengal,Kolkata,2022-08-20,Fully Vaccinated,Breathing Difficulty,Negative,No,0,None,100,None,157.54,Not Infected
COVID03367,81,Female,Kerala,Thrissur,2022-08-20,Fully Vaccinated,Fever,Positive,No,7,Moderate,97,None,2175.45,Recovered
COVID00002,56,Female,Kerala,Thiruvananthapuram,2022-08-20,Fully Vaccinated,None,Negative,No,0,None,95,Diabetes,346.12,Not Infected
COVID04150,78,Male,Gujarat,Vadodara,2022-08-20,Partially Vaccinated,Fatigue,Positive,Yes,29,Moderate,93,None,4044.02,Recovered
COVID00633,73,Male,West Bengal,Durgapur,2022-08-20,Not Vaccinated,Cough,Positive,No,15,Mild,93,None,1492.39,Recovered
COVID04579,46,Male,Delhi,New Delhi,2022-08-20,Booster,Fever,Positive,No,26,Mild,97,None,371.35,Recovered
COVID03218,68,Male,Delhi,New Delhi,2022-08-20,Fully Vaccinated,Fatigue,Positive,No,5,Mild,100,None,1890.52,Recovered
COVID03671,37,Male,Telangana,Warangal,2022-08-20,Partially Vaccinated,Sore Throat,Negative,No,0,None,99,Diabetes,251.69,Not Infected
COVID04450,46,Male,Kerala,Kochi,2022-08-21,Partially Vaccinated,Loss of Taste/Smell,Positive,No,9,Mild,100,None,870.5,Recovered
COVID02590,84,Male,Tamil Nadu,Chennai,2022-08-21,Fully Vaccinated,None,Negative,No,0,None,96,Diabetes,174.85,Not Infected
COVID04225,55,Male,Telangana,Hyderabad,2022-08-21,Fully Vaccinated,Cough,Positive,Yes,29,Severe,96,None,6769.65,Recovered
COVID01495,20,Male,Maharashtra,Nagpur,2022-08-21,Fully Vaccinated,Cough,Positive,No,26,Mild,94,None,2006.42,Recovered
COVID03201,48,Female,Delhi,Rohini,2022-08-21,Not Vaccinated,Loss of Taste/Smell,Negative,No,0,None,96,None,16.66,Not Infected
COVID03626,55,Female,Rajasthan,Udaipur,2022-08-21,Booster,Cough,Negative,No,0,None,96,Hypertension,185.42,Not Infected
COVID04380,33,Female,Karnataka,Hubballi,2022-08-22,Fully Vaccinated,Cough,Positive,Yes,17,Moderate,98,None,4932.54,Recovered
COVID03849,76,Female,Gujarat,Ahmedabad,2022-08-22,Fully Vaccinated,Sore Throat,Positive,No,24,Severe,90,Heart Disease,890.03,Recovered
COVID00167,35,Female,Rajasthan,Udaipur,2022-08-22,Fully Vaccinated,Fatigue,Positive,No,11,Mild,93,None,309.53,Recovered
COVID04309,7,Female,Tamil Nadu,Chennai,2022-08-22,Fully Vaccinated,Loss of Taste/Smell,Positive,No,6,Mild,96,Hypertension,705.84,Recovered
COVID03950,43,Male,Gujarat,Vadodara,2022-08-22,Not Vaccinated,None,Negative,No,0,None,99,None,478.46,Not Infected
COVID00267,65,Male,Tamil Nadu,Madurai,2022-08-23,Not Vaccinated,Fatigue,Positive,No,10,Mild,96,None,944.67,Recovered
COVID03582,8,Female,West Bengal,Durgapur,2022-08-23,Booster,Fever,Positive,No,15,Mild,96,None,719.82,Recovered
COVID03579,82,Female,Karnataka,Mangaluru,2022-08-24,Booster,Fatigue,Positive,No,23,Mild,96,None,1166.52,Recovered
COVID00757,72,Male,Tamil Nadu,Salem,2022-08-24,Fully Vaccinated,Sore Throat,Positive,No,19,Mild,98,None,640.13,Recovered
COVID04348,45,Female,Delhi,Dwarka,2022-08-24,Not Vaccinated,Cough,Negative,No,0,None,97,None,148.83,Not Infected
COVID02959,12,Male,Telangana,Nizamabad,2022-08-24,Fully Vaccinated,None,Positive,No,24,Mild,94,None,644.49,Recovered
COVID02301,70,Female,West Bengal,Kolkata,2022-08-24,Fully Vaccinated,Cough,Positive,No,25,Mild,93,None,2414.16,Recovered
COVID03964,17,Male,Tamil Nadu,Madurai,2022-08-24,Partially Vaccinated,Sore Throat,Positive,No,7,Mild,99,None,2327.7,Recovered
COVID00700,7,Male,Maharashtra,Nashik,2022-08-24,Fully Vaccinated,Fever,Positive,No,30,Mild,94,None,1400.47,Recovered
COVID02241,71,Male,Rajasthan,Jaipur,2022-08-24,Not Vaccinated,Sore Throat,Positive,Yes,40,Severe,98,Hypertension,6833.96,Recovered
COVID00869,85,Female,Kerala,Thiruvananthapuram,2022-08-25,Partially Vaccinated,Sore Throat,Positive,No,27,Mild,97,None,1488.96,Recovered
COVID04038,76,Female,Gujarat,Vadodara,2022-08-25,Not Vaccinated,Breathing Difficulty,Negative,No,0,None,97,None,320.05,Not Infected
COVID04187,62,Male,Maharashtra,Pune,2022-08-25,Partially Vaccinated,Loss of Taste/Smell,Positive,No,26,Mild,100,None,969.29,Recovered
COVID00384,45,Male,Rajasthan,Jaipur,2022-08-25,Fully Vaccinated,Cough,Positive,No,17,Moderate,96,None,2442.39,Recovered
COVID02837,37,Male,Tamil Nadu,Salem,2022-08-25,Partially Vaccinated,Fatigue,Negative,No,0,None,98,None,118.69,Not Infected
COVID04457,55,Male,Andhra Pradesh,Visakhapatnam,2022-08-25,Booster,None,Negative,No,0,None,97,Hypertension,86.36,Not Infected
COVID04978,37,Male,Rajasthan,Udaipur,2022-08-25,Not Vaccinated,None,Positive,No,30,Moderate,94,None,331.94,Recovered
COVID02305,10,Female,Maharashtra,Nagpur,2022-08-25,Fully Vaccinated,Fatigue,Positive,No,16,Moderate,97,Heart Disease,1279.3,Recovered
COVID02119,29,Male,Maharashtra,Nagpur,2022-08-25,Not Vaccinated,Sore Throat,Positive,No,17,Mild,98,Asthma,1178.83,Recovered
COVID00903,64,Female,Telangana,Warangal,2022-08-26,Fully Vaccinated,None,Positive,No,18,Mild,100,Asthma,1073.79,Recovered
COVID04213,26,Male,Delhi,New Delhi,2022-08-26,Fully Vaccinated,Sore Throat,Negative,No,0,None,98,None,337.53,Not Infected
COVID02188,81,Male,Kerala,Thrissur,2022-08-26,Fully Vaccinated,Fever,Negative,No,0,None,96,Asthma,212.41,Not Infected
COVID02411,62,Male,Maharashtra,Nagpur,2022-08-26,Fully Vaccinated,Fever,Negative,No,0,None,97,None,207.35,Not Infected
COVID00136,83,Male,Rajasthan,Jaipur,2022-08-27,Partially Vaccinated,Sore Throat,Positive,No,22,Moderate,94,None,487.57,Recovered
COVID00470,34,Female,West Bengal,Howrah,2022-08-27,Partially Vaccinated,Cough,Positive,No,26,Mild,98,None,2288.58,Recovered
COVID04054,68,Male,Rajasthan,Udaipur,2022-08-27,Fully Vaccinated,Loss of Taste/Smell,Negative,No,0,None,96,None,473.44,Not Infected
COVID03052,61,Female,Tamil Nadu,Chennai,2022-08-27,Not Vaccinated,Loss of Taste/Smell,Positive,Yes,8,Moderate,93,Hypertension,7314.14,Recovered
COVID03716,60,Female,West Bengal,Durgapur,2022-08-28,Not Vaccinated,None,Positive,No,22,Moderate,97,Hypertension,1912.14,Deceased
COVID03187,43,Female,Karnataka,Mysuru,2022-08-28,Fully Vaccinated,Cough,Positive,No,10,Mild,96,None,2487.64,Recovered
COVID03546,23,Female,Gujarat,Surat,2022-08-29,Fully Vaccinated,Fatigue,Negative,No,0,None,98,None,342.16,Not Infected
COVID00775,37,Female,Tamil Nadu,Chennai,2022-08-29,Not Vaccinated,None,Positive,No,27,Mild,95,None,2326.8,Recovered
COVID02603,52,Female,Tamil Nadu,Chennai,2022-08-29,Partially Vaccinated,Fever,Positive,Yes,24,Moderate,95,None,6915.53,Recovered
COVID01633,24,Male,Gujarat,Ahmedabad,2022-08-29,Booster,Fever,Positive,Yes,34,Severe,99,None,5643.59,Recovered
COVID03687,65,Other,Maharashtra,Pune,2022-08-29,Booster,Breathing Difficulty,Negative,No,0,None,99,None,54.05,Not Infected
COVID03993,43,Female,Gujarat,Vadodara,2022-08-29,Fully Vaccinated,Fatigue,Negative,No,0,None,100,Diabetes,313.51,Not Infected
COVID01894,28,Male,Rajasthan,Jaipur,2022-08-29,Booster,None,Positive,Yes,25,Severe,95,Diabetes,5449.13,Recovered
COVID03502,72,Female,Andhra Pradesh,Visakhapatnam,2022-08-29,Fully Vaccinated,Fever,Positive,No,14,Mild,97,None,1405.09,Deceased
COVID02000,67,Other,Maharashtra,Mumbai,2022-08-30,Fully Vaccinated,Fatigue,Positive,Yes,8,Moderate,96,Diabetes,3240.74,Recovered
COVID03475,18,Female,West Bengal,Kolkata,2022-08-30,Not Vaccinated,Breathing Difficulty,Positive,Yes,5,Moderate,97,None,4394.25,Recovered
COVID00173,32,Male,Telangana,Warangal,2022-08-31,Booster,Fatigue,Negative,No,0,None,96,Hypertension,136.2,Not Infected
COVID03137,37,Male,Gujarat,Ahmedabad,2022-08-31,Not Vaccinated,Loss of Taste/Smell,Negative,No,0,None,97,None,312.99,Not Infected
COVID03281,26,Female,Karnataka,Mysuru,2022-09-01,Partially Vaccinated,Cough,Positive,No,38,Critical,97,Diabetes,414.88,Recovered
COVID03203,47,Male,Tamil Nadu,Madurai,2022-09-01,Not Vaccinated,Sore Throat,Positive,No,7,Mild,98,None,571.41,Recovered
COVID03473,15,Female,West Bengal,Howrah,2022-09-01,Fully Vaccinated,None,Positive,No,26,Mild,97,None,1439.75,Recovered
COVID04707,64,Male,Karnataka,Hubballi,2022-09-01,Fully Vaccinated,Fatigue,Positive,No,29,Mild,95,None,784.48,Recovered
COVID04575,21,Male,Karnataka,Bengaluru,2022-09-01,Fully Vaccinated,Sore Throat,Positive,No,9,Mild,99,None,1219.14,Recovered
COVID04939,60,Female,Karnataka,Mysuru,2022-09-01,Fully Vaccinated,Fatigue,Positive,No,20,Mild,93,None,2166.81,Recovered
COVID02087,38,Male,Tamil Nadu,Salem,2022-09-02,Not Vaccinated,Breathing Difficulty,Positive,Yes,12,Moderate,99,Heart Disease,7755.69,Recovered
COVID01494,47,Male,Andhra Pradesh,Vijayawada,2022-09-02,Fully Vaccinated,Fatigue,Negative,No,0,None,100,Multiple,215.65,Not Infected
COVID00066,17,Male,Rajasthan,Jodhpur,2022-09-02,Fully Vaccinated,Loss of Taste/Smell,Positive,Yes,26,Moderate,97,None,6579.49,Recovered
COVID04608,51,Male,Gujarat,Vadodara,2022-09-03,Partially Vaccinated,Sore Throat,Negative,No,0,None,95,None,209.67,Not Infected
COVID04293,23,Male,Kerala,Kochi,2022-09-03,Partially Vaccinated,Fatigue,Positive,No,9,Mild,100,None,452.22,Recovered
COVID01664,40,Male,Kerala,Thiruvananthapuram,2022-09-04,Fully Vaccinated,Sore Throat,Positive,No,18,Mild,96,None,1780.91,Recovered
COVID00083,29,Male,Gujarat,Vadodara,2022-09-04,Fully Vaccinated,None,Positive,No,30,Mild,99,Multiple,1552.56,Recovered
COVID00429,46,Male,Kerala,Kozhikode,2022-09-04,Not Vaccinated,Sore Throat,Negative,No,0,None,97,None,442.12,Not Infected
COVID01442,20,Female,Andhra Pradesh,Vijayawada,2022-09-04,Not Vaccinated,Sore Throat,Positive,Yes,42,Critical,88,None,2618.22,Deceased
COVID04886,45,Male,Karnataka,Hubballi,2022-09-04,Fully Vaccinated,Cough,Positive,No,26,Mild,96,None,2196.47,Recovered
COVID00978,29,Female,Gujarat,Vadodara,2022-09-04,Booster,Fever,Positive,No,7,Mild,97,None,308.15,Recovered
COVID01950,30,Female,Andhra Pradesh,Guntur,2022-09-04,Partially Vaccinated,Fatigue,Positive,Yes,25,Severe,95,Heart Disease,1976.07,Recovered
COVID00077,24,Female,West Bengal,Durgapur,2022-09-05,Fully Vaccinated,Fever,Positive,Yes,16,Moderate,94,Asthma,2746.91,Recovered
COVID03068,57,Male,Rajasthan,Jodhpur,2022-09-05,Fully Vaccinated,Fever,Positive,No,9,Mild,94,Diabetes,1875.83,Recovered
COVID02651,49,Female,Kerala,Thrissur,2022-09-06,Not Vaccinated,Fatigue,Negative,No,0,None,97,None,196.35,Not Infected
COVID02533,55,Female,Delhi,Rohini,2022-09-06,Not Vaccinated,Breathing Difficulty,Negative,No,0,None,96,None,173.34,Not Infected
COVID00164,58,Male,Kerala,Thiruvananthapuram,2022-09-07,Fully Vaccinated,Cough,Positive,No,19,Moderate,95,None,2004.96,Recovered
COVID02347,31,Male,West Bengal,Howrah,2022-09-07,Fully Vaccinated,Cough,Positive,No,27,Mild,100,Asthma,1505.51,Recovered
COVID01962,45,Female,Rajasthan,Jaipur,2022-09-07,Fully Vaccinated,Cough,Negative,No,0,None,98,None,424.18,Not Infected
COVID03139,25,Male,West Bengal,Durgapur,2022-09-07,Fully Vaccinated,Cough,Negative,No,0,None,100,Hypertension,331.85,Not Infected
COVID02014,8,Male,Kerala,Kochi,2022-09-07,Partially Vaccinated,Fatigue,Positive,No,18,Mild,97,Multiple,1274.74,Recovered
COVID02738,6,Male,Karnataka,Hubballi,2022-09-07,Booster,Fatigue,Negative,No,0,None,100,Diabetes,306.25,Not Infected
COVID00321,19,Female,Andhra Pradesh,Vijayawada,2022-09-08,Fully Vaccinated,Fever,Negative,No,0,None,100,Diabetes,321.33,Not Infected
COVID02737,66,Female,Maharashtra,Mumbai,2022-09-08,Fully Vaccinated,Sore Throat,Positive,No,15,Mild,99,None,1205.69,Recovered
COVID01275,17,Female,Telangana,Warangal,2022-09-08,Fully Vaccinated,None,Negative,No,0,None,97,None,310.17,Not Infected
COVID02036,32,Female,Andhra Pradesh,Guntur,2022-09-09,Fully Vaccinated,Loss of Taste/Smell,Negative,No,0,None,97,None,475.72,Not Infected
COVID03247,80,Male,Andhra Pradesh,Vijayawada,2022-09-10,Fully Vaccinated,Cough,Positive,No,22,Severe,94,None,370.71,Deceased
COVID02233,6,Female,Karnataka,Hubballi,2022-09-10,Partially Vaccinated,Fever,Negative,No,0,None,97,Heart Disease,172.07,Not Infected
COVID01443,58,Male,Gujarat,Surat,2022-09-10,Partially Vaccinated,None,Positive,No,5,Mild,95,None,1405.12,Recovered
COVID00047,30,Female,Karnataka,Bengaluru,2022-09-10,Fully Vaccinated,Fatigue,Negative,No,0,None,97,Asthma,471.62,Not Infected
COVID01787,13,Male,Tamil Nadu,Coimbatore,2022-09-10,Fully Vaccinated,Cough,Negative,No,0,None,99,None,449.15,Not Infected
COVID00926,57,Male,West Bengal,Durgapur,2022-09-10,Partially Vaccinated,Cough,Positive,Yes,18,Moderate,97,None,2694.31,Recovered
COVID00323,28,Female,Karnataka,Bengaluru,2022-09-10,Not Vaccinated,None,Negative,No,0,None,97,None,465.55,Not Infected
COVID00933,41,Male,Andhra Pradesh,Guntur,2022-09-11,Booster,Fever,Positive,Yes,29,Moderate,95,Asthma,4569.64,Recovered
COVID03653,10,Male,Gujarat,Ahmedabad,2022-09-11,Fully Vaccinated,Sore Throat,Positive,No,22,Mild,95,Asthma,1022.81,Recovered
COVID03532,45,Male,Andhra Pradesh,Visakhapatnam,2022-09-11,Partially Vaccinated,Loss of Taste/Smell,Positive,No,9,Moderate,100,None,1086.17,Recovered
COVID01815,84,Female,Gujarat,Ahmedabad,2022-09-12,Not Vaccinated,Sore Throat,Negative,No,0,None,98,None,303.49,Not Infected
COVID00348,13,Male,Delhi,Rohini,2022-09-13,Fully Vaccinated,Sore Throat,Negative,No,0,None,100,None,11.13,Not Infected
COVID01746,28,Female,Gujarat,Surat,2022-09-13,Fully Vaccinated,Fatigue,Positive,No,26,Severe,92,None,896.89,Recovered
COVID03656,41,Female,Karnataka,Bengaluru,2022-09-13,Fully Vaccinated,None,Negative,No,0,None,100,Hypertension,285.21,Not Infected
COVID02884,14,Female,Tamil Nadu,Chennai,2022-09-14,Fully Vaccinated,Breathing Difficulty,Positive,No,20,Mild,98,Heart Disease,2401.37,Recovered
COVID02577,42,Male,Telangana,Hyderabad,2022-09-14,Fully Vaccinated,Fatigue,Positive,No,12,Mild,98,None,1617.52,Recovered
COVID04453,17,Male,Rajasthan,Jodhpur,2022-09-14,Fully Vaccinated,Cough,Positive,Yes,6,Moderate,93,Hypertension,2367.25,Recovered
COVID02452,23,Male,Karnataka,Mangaluru,2022-09-14,Fully Vaccinated,Sore Throat,Negative,No,0,None,97,None,143.55,Not Infected
COVID01421,76,Female,Andhra Pradesh,Vijayawada,2022-09-14,Booster,Breathing Difficulty,Positive,Yes,29,Moderate,97,None,6745.14,Deceased
COVID01329,65,Male,Delhi,Rohini,2022-09-15,Booster,Fever,Positive,Yes,26,Moderate,94,Multiple,6966.64,Recovered
COVID03270,44,Female,Kerala,Thrissur,2022-09-15,Fully Vaccinated,Cough,Negative,No,0,None,96,Hypertension,100.0,Not Infected
COVID03003,32,Female,Andhra Pradesh,Visakhapatnam,2022-09-15,Fully Vaccinated,Loss of Taste/Smell,Positive,No,16,Mild,98,None,1955.79,Recovered
COVID04035,42,Male,Telangana,Warangal,2022-09-15,Not Vaccinated,Cough,Negative,No,0,None,95,None,2.1,Not Infected
COVID02011,79,Female,Andhra Pradesh,Visakhapatnam,2022-09-15,Fully Vaccinated,Fever,Negative,No,0,None,99,None,225.58,Not Infected
COVID02290,12,Female,Maharashtra,Nashik,2022-09-15,Booster,None,Positive,No,26,Mild,100,Heart Disease,499.92,Recovered
COVID02853,27,Female,Karnataka,Mangaluru,2022-09-15,Fully Vaccinated,Fatigue,Negative,No,0,None,97,Heart Disease,155.38,Not Infected
COVID02571,23,Male,Telangana,Warangal,2022-09-15,Fully Vaccinated,Fever,Negative,No,0,None,98,None,292.81,Not Infected
COVID00058,56,Male,Andhra Pradesh,Vijayawada,2022-09-16,Fully Vaccinated,Loss of Taste/Smell,Positive,No,35,Severe,100,Asthma,2383.29,Recovered
COVID00224,82,Male,Karnataka,Hubballi,2022-09-16,Fully Vaccinated,Loss of Taste/Smell,Positive,Yes,13,Moderate,98,None,2450.07,Deceased
COVID02518,49,Male,Kerala,Kozhikode,2022-09-16,Partially Vaccinated,Fatigue,Positive,No,10,Mild,98,None,1195.44,Recovered
COVID01165,32,Female,Kerala,Kochi,2022-09-16,Fully Vaccinated,Sore Throat,Negative,No,0,None,95,None,145.58,Not Infected
COVID02906,40,Female,Tamil Nadu,Coimbatore,2022-09-16,Fully Vaccinated,Fever,Positive,No,26,Mild,99,Diabetes,584.89,Recovered
COVID01648,38,Female,Kerala,Thrissur,2022-09-17,Fully Vaccinated,Fever,Negative,No,0,None,99,None,60.95,Not Infected
COVID01185,19,Female,Kerala,Thiruvananthapuram,2022-09-17,Fully Vaccinated,Sore Throat,Positive,No,15,Mild,100,Asthma,1313.01,Recovered
COVID03861,12,Female,Kerala,Kozhikode,2022-09-17,Fully Vaccinated,Cough,Positive,No,27,Severe,100,Heart Disease,503.96,Recovered
COVID00200,34,Male,Andhra Pradesh,Visakhapatnam,2022-09-17,Partially Vaccinated,Cough,Positive,No,5,Mild,95,None,1630.79,Recovered
COVID04687,31,Male,Rajasthan,Udaipur,2022-09-17,Not Vaccinated,None,Positive,No,9,Mild,94,None,2048.22,Recovered
COVID02489,66,Female,Tamil Nadu,Salem,2022-09-17,Fully Vaccinated,Sore Throat,Positive,No,30,Mild,93,None,1990.33,Recovered
COVID04188,83,Male,Andhra Pradesh,Guntur,2022-09-17,Fully Vaccinated,Fatigue,Positive,No,27,Mild,100,Heart Disease,1957.51,Recovered
COVID03037,67,Female,Maharashtra,Pune,2022-09-17,Partially Vaccinated,Sore Throat,Positive,Yes,38,Critical,98,Diabetes,7835.4,Recovered
COVID03437,71,Male,Telangana,Hyderabad,2022-09-18,Fully Vaccinated,Fever,Positive,No,16,Mild,100,Heart Disease,1635.52,Deceased
COVID02565,74,Female,Telangana,Warangal,2022-09-18,Booster,None,Positive,No,11,Mild,99,None,1702.83,Recovered
COVID01750,10,Female,Rajasthan,Jodhpur,2022-09-18,Partially Vaccinated,Cough,Positive,No,18,Mild,95,Diabetes,1694.67,Recovered
COVID02234,65,Female,Gujarat,Vadodara,2022-09-19,Fully Vaccinated,Fever,Positive,No,6,Mild,93,None,1090.89,Recovered
COVID00632,33,Male,Telangana,Hyderabad,2022-09-19,Fully Vaccinated,Sore Throat,Positive,No,11,Moderate,97,Diabetes,311.49,Recovered
COVID02836,72,Female,Delhi,Rohini,2022-09-19,Not Vaccinated,Cough,Positive,No,21,Mild,100,None,2014.49,Recovered
COVID04935,38,Female,Telangana,Hyderabad,2022-09-19,Partially Vaccinated,Sore Throat,Negative,No,0,None,99,None,131.86,Not Infected
COVID00971,48,Male,Rajasthan,Jodhpur,2022-09-20,Partially Vaccinated,Fatigue,Negative,No,0,None,96,None,333.29,Not Infected
COVID00819,60,Male,Tamil Nadu,Madurai,2022-09-20,Booster,None,Negative,No,0,None,100,Diabetes,263.9,Not Infected
COVID03925,59,Female,Kerala,Kochi,2022-09-20,Not Vaccinated,None,Negative,No,0,None,95,Multiple,7.38,Not Infected
COVID03584,72,Female,Tamil Nadu,Madurai,2022-09-21,Fully Vaccinated,None,Negative,No,0,None,99,Diabetes,239.25,Not Infected
COVID01053,61,Male,Andhra Pradesh,Visakhapatnam,2022-09-21,Fully Vaccinated,Fatigue,Positive,No,9,Mild,96,None,851.56,Recovered
COVID03989,44,Male,Andhra Pradesh,Vijayawada,2022-09-21,Partially Vaccinated,Fever,Positive,Yes,35,Severe,99,Asthma,7440.34,Deceased
COVID01349,39,Male,Kerala,Kochi,2022-09-22,Fully Vaccinated,None,Positive,No,8,Mild,93,Hypertension,333.04,Recovered
COVID04597,76,Male,Kerala,Thrissur,2022-09-22,Partially Vaccinated,None,Positive,No,33,Severe,88,None,1763.18,Recovered
COVID02541,21,Male,Kerala,Kozhikode,2022-09-22,Booster,None,Positive,No,41,Severe,96,None,1919.74,Recovered
COVID04822,33,Female,Tamil Nadu,Chennai,2022-09-22,Partially Vaccinated,Loss of Taste/Smell,Positive,No,19,Mild,100,Multiple,1008.2,Recovered
COVID01736,85,Female,Delhi,Rohini,2022-09-22,Booster,Breathing Difficulty,Positive,No,14,Mild,93,Diabetes,999.16,Recovered
COVID02341,65,Male,Telangana,Nizamabad,2022-09-23,Partially Vaccinated,Cough,Positive,Yes,28,Moderate,98,Diabetes,2797.9,Recovered
COVID02254,29,Male,Gujarat,Ahmedabad,2022-09-23,Fully Vaccinated,Fatigue,Positive,Yes,7,Moderate,93,None,4108.94,Recovered
COVID00269,72,Female,Tamil Nadu,Madurai,2022-09-23,Partially Vaccinated,Sore Throat,Positive,Yes,19,Moderate,96,None,6523.89,Recovered
COVID00497,65,Male,Delhi,Rohini,2022-09-23,Not Vaccinated,Loss of Taste/Smell,Positive,Yes,17,Moderate,94,None,3447.15,Deceased
COVID00855,54,Male,Andhra Pradesh,Visakhapatnam,2022-09-23,Fully Vaccinated,Sore Throat,Negative,No,0,None,100,Diabetes,125.01,Not Infected
COVID02761,64,Male,Maharashtra,Pune,2022-09-23,Fully Vaccinated,Fatigue,Positive,No,21,Moderate,96,None,863.4,Recovered
COVID02417,72,Female,Rajasthan,Jodhpur,2022-09-24,Fully Vaccinated,Cough,Positive,No,19,Severe,99,Hypertension,995.06,Recovered
COVID01945,80,Female,Rajasthan,Udaipur,2022-09-24,Not Vaccinated,Breathing Difficulty,Positive,No,6,Mild,96,None,2227.61,Recovered
COVID00940,55,Female,Delhi,New Delhi,2022-09-24,Fully Vaccinated,Fatigue,Positive,No,9,Mild,100,Hypertension,1496.13,Recovered
COVID04326,64,Male,Maharashtra,Nagpur,2022-09-25,Fully Vaccinated,None,Positive,No,23,Mild,99,None,2365.43,Recovered
COVID01727,76,Female,Telangana,Warangal,2022-09-25,Not Vaccinated,None,Negative,No,0,None,97,Diabetes,65.8,Not Infected
COVID04994,59,Female,Delhi,Dwarka,2022-09-25,Not Vaccinated,Fatigue,Negative,No,0,None,98,None,64.61,Not Infected
COVID00513,17,Male,Delhi,Dwarka,2022-09-26,Booster,Cough,Positive,Yes,24,Severe,91,None,5050.2,Recovered
COVID04622,68,Male,Andhra Pradesh,Vijayawada,2022-09-26,Fully Vaccinated,Loss of Taste/Smell,Negative,No,0,None,99,None,431.21,Not Infected
COVID03561,76,Female,Rajasthan,Jaipur,2022-09-26,Not Vaccinated,Loss of Taste/Smell,Positive,Yes,23,Severe,94,None,7787.37,Deceased
COVID02367,14,Female,Andhra Pradesh,Guntur,2022-09-26,Not Vaccinated,Fatigue,Positive,No,28,Mild,99,Diabetes,513.18,Recovered
COVID04012,35,Female,Gujarat,Vadodara,2022-09-26,Not Vaccinated,Breathing Difficulty,Positive,No,12,Mild,100,Hypertension,2301.08,Recovered
COVID03021,70,Other,West Bengal,Howrah,2022-09-27,Fully Vaccinated,Cough,Negative,No,0,None,96,None,448.95,Not Infected
COVID01818,73,Male,Andhra Pradesh,Guntur,2022-09-27,Booster,Loss of Taste/Smell,Positive,No,7,Mild,97,None,1486.22,Deceased
COVID04780,78,Female,Telangana,Warangal,2022-09-27,Booster,Cough,Positive,No,10,Mild,94,Diabetes,1340.44,Recovered
COVID02563,17,Male,Telangana,Hyderabad,2022-09-27,Partially Vaccinated,None,Positive,No,28,Mild,96,None,730.9,Recovered
COVID04770,66,Male,Gujarat,Vadodara,2022-09-27,Fully Vaccinated,None,Negative,No,0,None,98,None,292.79,Not Infected
COVID00009,76,Female,Gujarat,Vadodara,2022-09-27,Fully Vaccinated,None,Positive,Yes,8,Moderate,97,Heart Disease,6853.77,Recovered
COVID00283,9,Male,Andhra Pradesh,Visakhapatnam,2022-09-28,Partially Vaccinated,Fever,Positive,No,14,Mild,98,None,1078.93,Recovered
COVID00663,22,Male,Maharashtra,Pune,2022-09-28,Fully Vaccinated,Breathing Difficulty,Positive,No,7,Moderate,94,Diabetes,2202.39,Recovered
COVID03458,80,Female,Kerala,Kozhikode,2022-09-28,Not Vaccinated,Sore Throat,Positive,No,10,Mild,94,Hypertension,1702.18,Recovered
COVID03221,80,Male,Kerala,Kozhikode,2022-09-28,Fully Vaccinated,Fever,Positive,Yes,11,Moderate,99,None,5689.42,Recovered
COVID00056,55,Female,Kerala,Thrissur,2022-09-29,Fully Vaccinated,None,Positive,Yes,28,Moderate,95,Diabetes,6509.22,Recovered
COVID01991,18,Female,Rajasthan,Udaipur,2022-09-29,Not Vaccinated,Sore Throat,Positive,Yes,19,Moderate,96,None,7104.33,Recovered
COVID04058,77,Other,Telangana,Hyderabad,2022-09-29,Fully Vaccinated,Sore Throat,Positive,Yes,20,Moderate,94,None,6034.46,Recovered
COVID00044,77,Male,West Bengal,Kolkata,2022-09-29,Not Vaccinated,Fatigue,Positive,No,7,Moderate,100,None,1453.07,Recovered
COVID01127,60,Male,Karnataka,Mysuru,2022-09-30,Not Vaccinated,Fatigue,Negative,No,0,None,98,None,83.7,Not Infected
COVID01503,59,Male,Kerala,Kozhikode,2022-09-30,Fully Vaccinated,Fever,Negative,No,0,None,98,None,334.54,Not Infected
COVID02706,81,Male,Kerala,Thrissur,2022-09-30,Fully Vaccinated,Sore Throat,Negative,No,0,None,95,None,449.56,Not Infected
COVID03602,83,Male,Karnataka,Hubballi,2022-09-30,Fully Vaccinated,Loss of Taste/Smell,Positive,No,23,Mild,98,None,371.0,Recovered
COVID03889,43,Female,Karnataka,Hubballi,2022-10-01,Fully Vaccinated,Cough,Positive,No,7,Mild,93,None,2111.93,Recovered
COVID03025,52,Female,Gujarat,Surat,2022-10-01,Fully Vaccinated,Sore Throat,Positive,Yes,26,Severe,99,Heart Disease,2553.42,Deceased
COVID00493,70,Female,Gujarat,Vadodara,2022-10-02,Not Vaccinated,Breathing Difficulty,Positive,Yes,26,Severe,97,None,4655.77,Recovered
COVID00489,69,Male,Kerala,Kochi,2022-10-02,Partially Vaccinated,Cough,Positive,No,27,Mild,100,Heart Disease,476.58,Deceased
COVID00806,67,Male,Tamil Nadu,Chennai,2022-10-02,Fully Vaccinated,None,Negative,No,0,None,95,Diabetes,421.81,Not Infected
COVID04238,27,Female,Karnataka,Bengaluru,2022-10-02,Booster,Cough,Positive,Yes,9,Moderate,94,None,4652.87,Recovered
COVID02117,82,Male,Rajasthan,Udaipur,2022-10-02,Fully Vaccinated,None,Negative,No,0,None,98,Heart Disease,23.77,Not Infected
COVID03399,10,Male,Tamil Nadu,Salem,2022-10-02,Fully Vaccinated,Breathing Difficulty,Negative,No,0,None,95,None,182.83,Not Infected
COVID01245,66,Male,Rajasthan,Jodhpur,2022-10-02,Not Vaccinated,Breathing Difficulty,Positive,Yes,6,Moderate,99,None,3069.88,Recovered
COVID04104,27,Female,Maharashtra,Nashik,2022-10-03,Not Vaccinated,Cough,Negative,No,0,None,97,Heart Disease,319.3,Not Infected
COVID01133,22,Male,Telangana,Nizamabad,2022-10-03,Booster,Loss of Taste/Smell,Positive,No,13,Mild,96,None,2332.08,Recovered
COVID02580,75,Male,Tamil Nadu,Madurai,2022-10-03,Booster,Fatigue,Negative,No,0,None,99,None,197.06,Not Infected
COVID02451,17,Male,Karnataka,Mangaluru,2022-10-03,Booster,None,Positive,No,9,Mild,95,None,963.99,Recovered
COVID01088,29,Female,Tamil Nadu,Madurai,2022-10-04,Booster,None,Negative,No,0,None,98,None,398.37,Not Infected
COVID00502,84,Male,Tamil Nadu,Coimbatore,2022-10-04,Fully Vaccinated,None,Positive,Yes,31,Critical,88,None,5910.86,Recovered
COVID01162,39,Male,Karnataka,Mysuru,2022-10-04,Partially Vaccinated,Fever,Positive,Yes,8,Moderate,99,Asthma,2441.96,Recovered
COVID01255,30,Female,Karnataka,Bengaluru,2022-10-04,Booster,Fever,Positive,Yes,18,Severe,100,None,5843.74,Recovered
COVID02063,24,Female,Maharashtra,Nagpur,2022-10-04,Partially Vaccinated,None,Negative,No,0,None,98,Heart Disease,288.87,Not Infected
COVID00559,25,Male,West Bengal,Kolkata,2022-10-04,Fully Vaccinated,Sore Throat,Negative,No,0,None,100,None,192.53,Not Infected
COVID03988,25,Male,Tamil Nadu,Madurai,2022-10-04,Not Vaccinated,Fever,Positive,No,21,Mild,93,Multiple,2407.43,Recovered
COVID03447,40,Female,Gujarat,Surat,2022-10-05,Partially Vaccinated,Fever,Positive,No,27,Moderate,93,None,1468.08,Recovered
COVID04361,83,Female,Kerala,Thrissur,2022-10-05,Fully Vaccinated,Fever,Positive,No,21,Severe,89,Multiple,1183.87,Recovered
COVID03094,32,Male,Karnataka,Mangaluru,2022-10-05,Fully Vaccinated,Cough,Positive,No,27,Mild,97,None,1267.62,Recovered
COVID01043,23,Female,Kerala,Kochi,2022-10-05,Not Vaccinated,Sore Throat,Negative,No,0,None,97,None,161.09,Not Infected
COVID00674,37,Male,West Bengal,Howrah,2022-10-05,Booster,Fatigue,Positive,No,17,Mild,93,Asthma,1807.36,Recovered
COVID00464,79,Female,Gujarat,Ahmedabad,2022-10-05,Not Vaccinated,Loss of Taste/Smell,Positive,Yes,12,Moderate,94,Diabetes,4764.94,Recovered
COVID02553,21,Female,Karnataka,Bengaluru,2022-10-05,Booster,Fever,Positive,No,27,Mild,98,None,1220.35,Recovered
COVID03558,24,Female,Rajasthan,Udaipur,2022-10-05,Fully Vaccinated,Fever,Negative,No,0,None,98,None,77.48,Not Infected
COVID01938,61,Male,Kerala,Thiruvananthapuram,2022-10-06,Fully Vaccinated,Cough,Positive,No,15,Mild,94,None,1636.0,Recovered
COVID02384,50,Female,Maharashtra,Pune,2022-10-06,Not Vaccinated,Fatigue,Positive,Yes,27,Moderate,93,Asthma,6915.53,Recovered
COVID01899,75,Female,Kerala,Kozhikode,2022-10-06,Fully Vaccinated,Loss of Taste/Smell,Positive,Yes,43,Critical,99,None,5065.03,Deceased
COVID00135,36,Male,Karnataka,Hubballi,2022-10-07,Booster,Fever,Positive,No,7,Mild,95,None,1583.01,Recovered
COVID01647,13,Female,Kerala,Thiruvananthapuram,2022-10-07,Booster,Fatigue,Negative,No,0,None,100,None,175.45,Not Infected
COVID04412,45,Male,West Bengal,Howrah,2022-10-07,Fully Vaccinated,Sore Throat,Negative,No,0,None,96,Hypertension,283.78,Not Infected
COVID02578,66,Female,West Bengal,Howrah,2022-10-07,Not Vaccinated,Breathing Difficulty,Positive,Yes,5,Moderate,98,Asthma,7985.13,Recovered
COVID02870,64,Male,West Bengal,Durgapur,2022-10-08,Not Vaccinated,Fatigue,Positive,No,27,Mild,94,Diabetes,1025.28,Recovered
COVID04176,66,Female,Kerala,Thrissur,2022-10-08,Fully Vaccinated,Cough,Positive,No,8,Moderate,93,None,330.91,Recovered
COVID01499,45,Female,Karnataka,Hubballi,2022-10-08,Partially Vaccinated,Sore Throat,Positive,No,21,Mild,93,None,390.19,Recovered
COVID01718,61,Female,Maharashtra,Nashik,2022-10-09,Booster,Fever,Positive,Yes,6,Moderate,100,Hypertension,7028.04,Recovered
COVID02085,56,Female,Karnataka,Mysuru,2022-10-09,Not Vaccinated,Fever,Negative,No,0,None,95,Hypertension,121.08,Not Infected
COVID01339,16,Female,Rajasthan,Jodhpur,2022-10-09,Booster,Fatigue,Positive,No,28,Moderate,93,Hypertension,1415.57,Recovered
COVID03446,72,Female,West Bengal,Howrah,2022-10-10,Booster,None,Positive,Yes,31,Severe,100,Diabetes,6011.95,Recovered
COVID04834,26,Female,Kerala,Thiruvananthapuram,2022-10-10,Fully Vaccinated,Loss of Taste/Smell,Positive,No,38,Severe,88,None,1189.33,Recovered
COVID01550,17,Other,Maharashtra,Mumbai,2022-10-10,Not Vaccinated,Fever,Positive,Yes,13,Moderate,98,Multiple,7170.41,Recovered
COVID02116,48,Male,Gujarat,Vadodara,2022-10-10,Fully Vaccinated,Cough,Positive,Yes,33,Severe,100,Multiple,5006.79,Recovered
COVID02919,46,Male,Andhra Pradesh,Visakhapatnam,2022-10-10,Not Vaccinated,Loss of Taste/Smell,Positive,Yes,17,Severe,99,None,4670.58,Deceased
COVID00284,75,Female,Maharashtra,Nashik,2022-10-11,Partially Vaccinated,Sore Throat,Positive,No,14,Mild,99,None,848.41,Recovered
COVID02745,49,Male,Maharashtra,Pune,2022-10-11,Fully Vaccinated,Fatigue,Positive,No,22,Mild,97,None,2264.71,Recovered
COVID03065,14,Male,Telangana,Nizamabad,2022-10-11,Fully Vaccinated,None,Positive,Yes,12,Moderate,96,Hypertension,2622.58,Recovered
COVID01807,5,Male,Karnataka,Mysuru,2022-10-11,Fully Vaccinated,Sore Throat,Positive,No,6,Mild,97,None,480.55,Recovered
COVID04094,54,Male,Rajasthan,Jaipur,2022-10-11,Not Vaccinated,Breathing Difficulty,Positive,No,6,Mild,96,None,2188.37,Recovered
COVID01575,39,Male,Delhi,New Delhi,2022-10-11,Not Vaccinated,Fatigue,Positive,Yes,30,Moderate,100,None,3815.29,Recovered
COVID02135,33,Female,Andhra Pradesh,Vijayawada,2022-10-11,Not Vaccinated,Fatigue,Positive,No,29,Mild,93,None,1760.13,Recovered
COVID04881,13,Female,Karnataka,Bengaluru,2022-10-12,Not Vaccinated,None,Positive,No,26,Moderate,97,Diabetes,490.25,Recovered
COVID00645,7,Female,Tamil Nadu,Salem,2022-10-12,Fully Vaccinated,Loss of Taste/Smell,Negative,No,0,None,97,None,350.33,Not Infected
COVID00604,72,Male,Maharashtra,Pune,2022-10-12,Partially Vaccinated,None,Negative,No,0,None,95,Hypertension,205.98,Not Infected
COVID00572,32,Male,Rajasthan,Udaipur,2022-10-12,Not Vaccinated,Breathing Difficulty,Positive,Yes,22,Severe,94,Hypertension,5687.11,Recovered
COVID01435,26,Female,Rajasthan,Jodhpur,2022-10-12,Fully Vaccinated,Fatigue,Positive,No,11,Mild,97,None,1957.68,Recovered
COVID02739,70,Male,Rajasthan,Jaipur,2022-10-13,Partially Vaccinated,Fever,Positive,Yes,10,Moderate,97,None,7276.65,Recovered
COVID00086,29,Male,Gujarat,Vadodara,2022-10-13,Fully Vaccinated,Sore Throat,Positive,Yes,7,Moderate,98,None,6621.34,Recovered
COVID03461,65,Female,West Bengal,Kolkata,2022-10-13,Fully Vaccinated,Fatigue,Positive,No,12,Mild,98,Diabetes,1332.82,Recovered
COVID03975,37,Male,Andhra Pradesh,Guntur,2022-10-13,Fully Vaccinated,Fever,Negative,No,0,None,100,None,124.02,Not Infected
COVID00079,16,Female,Tamil Nadu,Coimbatore,2022-10-13,Partially Vaccinated,Breathing Difficulty,Positive,Yes,26,Moderate,96,None,3959.7,Recovered
COVID03611,20,Male,West Bengal,Howrah,2022-10-13,Fully Vaccinated,Breathing Difficulty,Positive,No,12,Mild,93,Asthma,2287.46,Recovered
COVID03959,21,Male,Karnataka,Hubballi,2022-10-13,Fully Vaccinated,None,Negative,No,0,None,99,None,122.72,Not Infected
COVID03181,49,Female,Andhra Pradesh,Visakhapatnam,2022-10-13,Fully Vaccinated,Fatigue,Positive,No,27,Moderate,96,None,1500.71,Recovered
COVID00203,61,Female,West Bengal,Kolkata,2022-10-13,Fully Vaccinated,Fever,Negative,No,0,None,99,None,404.59,Not Infected
COVID02194,23,Male,Maharashtra,Mumbai,2022-10-14,Fully Vaccinated,Cough,Negative,No,0,None,96,None,85.74,Not Infected
COVID01361,55,Female,Tamil Nadu,Salem,2022-10-14,Booster,Loss of Taste/Smell,Positive,No,20,Mild,98,None,591.92,Recovered
COVID03710,36,Male,Gujarat,Vadodara,2022-10-14,Not Vaccinated,Fever,Negative,No,0,None,95,None,158.61,Not Infected
COVID01119,19,Male,Gujarat,Ahmedabad,2022-10-14,Fully Vaccinated,Cough,Positive,No,13,Mild,96,Diabetes,586.69,Recovered
COVID03568,36,Male,Gujarat,Ahmedabad,2022-10-14,Fully Vaccinated,Sore Throat,Positive,Yes,20,Moderate,93,None,5743.75,Recovered
COVID04703,12,Male,Maharashtra,Nagpur,2022-10-15,Fully Vaccinated,Cough,Negative,No,0,None,100,None,2.8,Not Infected
COVID00816,68,Male,Karnataka,Mangaluru,2022-10-15,Fully Vaccinated,Sore Throat,Positive,No,26,Mild,96,None,2435.25,Deceased
COVID02753,77,Female,Delhi,Rohini,2022-10-15,Fully Vaccinated,None,Positive,Yes,32,Severe,93,None,4516.12,Deceased
COVID01740,45,Male,West Bengal,Kolkata,2022-10-15,Fully Vaccinated,Cough,Positive,No,30,Mild,97,None,348.71,Recovered
COVID03782,78,Male,Maharashtra,Pune,2022-10-16,Partially Vaccinated,Fatigue,Positive,No,24,Mild,93,None,954.97,Recovered
COVID02483,59,Male,Telangana,Warangal,2022-10-16,Fully Vaccinated,Fatigue,Positive,Yes,23,Moderate,95,None,6017.2,Recovered
COVID00985,13,Female,Kerala,Kochi,2022-10-17,Not Vaccinated,Cough,Positive,No,20,Moderate,100,Asthma,1348.77,Recovered
COVID03448,55,Female,Gujarat,Ahmedabad,2022-10-17,Not Vaccinated,None,Positive,No,30,Mild,93,None,1356.36,Recovered
COVID04864,9,Female,Maharashtra,Mumbai,2022-10-17,Fully Vaccinated,Fever,Positive,No,30,Mild,97,Heart Disease,1539.87,Recovered
COVID03296,62,Female,Tamil Nadu,Coimbatore,2022-10-17,Fully Vaccinated,Loss of Taste/Smell,Positive,No,10,Mild,94,None,1014.77,Recovered
COVID01299,30,Female,Delhi,Dwarka,2022-10-18,Fully Vaccinated,Fatigue,Positive,No,21,Mild,93,Diabetes,2286.17,Recovered
COVID03273,19,Male,Karnataka,Bengaluru,2022-10-18,Fully Vaccinated,Cough,Negative,No,0,None,97,Heart Disease,361.67,Not Infected
COVID02074,16,Female,Telangana,Nizamabad,2022-10-18,Booster,Loss of Taste/Smell,Positive,No,21,Mild,99,Asthma,1586.69,Recovered
COVID01002,61,Female,Gujarat,Vadodara,2022-10-18,Fully Vaccinated,Cough,Negative,No,0,None,99,Hypertension,444.9,Not Infected
COVID00731,85,Female,Telangana,Hyderabad,2022-10-19,Fully Vaccinated,Cough,Positive,No,8,Moderate,100,Asthma,2184.33,Recovered
COVID00508,81,Female,Tamil Nadu,Coimbatore,2022-10-19,Fully Vaccinated,Fatigue,Negative,No,0,None,99,None,346.11,Not Infected
COVID02835,66,Female,Gujarat,Surat,2022-10-19,Partially Vaccinated,None,Positive,Yes,44,Critical,92,None,6663.27,Recovered
COVID01277,39,Male,Tamil Nadu,Madurai,2022-10-19,Fully Vaccinated,Fever,Negative,No,0,None,97,Hypertension,493.5,Not Infected
COVID01869,49,Female,Telangana,Warangal,2022-10-20,Fully Vaccinated,Fever,Positive,No,19,Mild,100,Hypertension,926.84,Recovered
COVID04280,82,Male,West Bengal,Kolkata,2022-10-20,Not Vaccinated,Fever,Positive,Yes,15,Moderate,100,Diabetes,7265.81,Recovered
COVID03909,76,Male,Telangana,Warangal,2022-10-21,Not Vaccinated,Fatigue,Negative,No,0,None,97,None,378.94,Not Infected
COVID02045,69,Female,Tamil Nadu,Chennai,2022-10-21,Fully Vaccinated,None,Positive,No,13,Mild,98,None,1517.86,Recovered
COVID03120,36,Female,Telangana,Nizamabad,2022-10-21,Fully Vaccinated,Sore Throat,Positive,Yes,29,Moderate,95,None,3042.27,Recovered
COVID04772,60,Female,Delhi,Rohini,2022-10-21,Fully Vaccinated,None,Positive,No,33,Critical,90,None,2277.66,Recovered
COVID04745,24,Other,Telangana,Warangal,2022-10-21,Partially Vaccinated,Cough,Positive,No,23,Mild,94,None,1029.13,Recovered
COVID04179,62,Female,Tamil Nadu,Madurai,2022-10-21,Fully Vaccinated,Fatigue,Positive,Yes,17,Moderate,97,None,2256.18,Recovered
COVID04334,55,Female,Telangana,Warangal,2022-10-21,Not Vaccinated,Breathing Difficulty,Positive,No,27,Mild,96,Asthma,457.84,Recovered
COVID02839,60,Male,Karnataka,Hubballi,2022-10-21,Fully Vaccinated,None,Positive,Yes,15,Moderate,93,None,4063.88,Recovered
COVID01356,67,Female,West Bengal,Durgapur,2022-10-21,Fully Vaccinated,Sore Throat,Negative,No,0,None,99,None,429.88,Not Infected
COVID03734,20,Female,West Bengal,Kolkata,2022-10-21,Fully Vaccinated,Fever,Negative,No,0,None,98,None,144.68,Not Infected
COVID02114,48,Male,Karnataka,Hubballi,2022-10-21,Fully Vaccinated,Loss of Taste/Smell,Negative,No,0,None,100,None,479.29,Not Infected
COVID02496,9,Male,Rajasthan,Jaipur,2022-10-22,Partially Vaccinated,Fever,Negative,No,0,None,96,Multiple,250.08,Not Infected
COVID04718,54,Male,Karnataka,Bengaluru,2022-10-22,Fully Vaccinated,Breathing Difficulty,Positive,No,7,Mild,99,None,2369.89,Recovered
COVID01669,58,Female,Maharashtra,Nashik,2022-10-22,Fully Vaccinated,Loss of Taste/Smell,Positive,Yes,38,Critical,95,Asthma,5213.32,Recovered
COVID01800,10,Female,Gujarat,Surat,2022-10-22,Fully Vaccinated,Cough,Positive,No,8,Mild,97,Asthma,1004.73,Recovered
COVID02654,62,Male,Karnataka,Bengaluru,2022-10-23,Fully Vaccinated,Fatigue,Positive,No,18,Mild,94,None,1955.97,Recovered
COVID02183,80,Other,Tamil Nadu,Salem,2022-10-23,Fully Vaccinated,Fever,Positive,Yes,26,Severe,98,None,4024.75,Recovered
COVID01636,58,Female,West Bengal,Howrah,2022-10-23,Fully Vaccinated,Cough,Negative,No,0,None,97,Asthma,472.69,Not Infected
COVID03642,75,Male,Gujarat,Surat,2022-10-24,Fully Vaccinated,Loss of Taste/Smell,Positive,Yes,17,Severe,88,None,2236.64,Deceased
COVID02561,61,Male,Gujarat,Surat,2022-10-24,Fully Vaccinated,Fever,Negative,No,0,None,100,Diabetes,498.31,Not Infected
COVID04400,45,Male,Gujarat,Surat,2022-10-24,Fully Vaccinated,Breathing Difficulty,Negative,No,0,None,98,Multiple,321.66,Not Infected
COVID02543,17,Female,Kerala,Thiruvananthapuram,2022-10-24,Booster,Loss of Taste/Smell,Positive,Yes,15,Moderate,98,None,5083.52,Recovered
COVID00023,26,Male,Rajasthan,Udaipur,2022-10-25,Partially Vaccinated,Fatigue,Positive,Yes,45,Critical,94,None,5407.85,Deceased
COVID03774,65,Male,Kerala,Thiruvananthapuram,2022-10-25,Fully Vaccinated,Fatigue,Positive,No,24,Mild,94,Hypertension,1034.46,Deceased
COVID01806,63,Female,Kerala,Kozhikode,2022-10-25,Not Vaccinated,Fever,Positive,Yes,24,Moderate,99,None,6308.39,Recovered
COVID01681,26,Male,Maharashtra,Pune,2022-10-25,Fully Vaccinated,None,Negative,No,0,None,96,None,52.44,Not Infected
COVID01618,44,Male,Tamil Nadu,Chennai,2022-10-25,Not Vaccinated,None,Negative,No,0,None,95,None,434.27,Not Infected
COVID01660,16,Male,Maharashtra,Nashik,2022-10-26,Fully Vaccinated,None,Positive,No,8,Mild,97,None,1875.71,Recovered
COVID04831,63,Female,Andhra Pradesh,Guntur,2022-10-26,Booster,Fatigue,Positive,No,16,Mild,95,Diabetes,1874.5,Deceased
COVID02960,63,Female,Maharashtra,Mumbai,2022-10-26,Fully Vaccinated,Fatigue,Positive,No,30,Mild,99,None,1540.36,Recovered
COVID02751,41,Female,Gujarat,Ahmedabad,2022-10-26,Not Vaccinated,Cough,Positive,No,17,Mild,97,None,433.68,Recovered
COVID02345,80,Male,Delhi,Dwarka,2022-10-26,Not Vaccinated,Fatigue,Positive,No,18,Mild,100,None,1284.86,Recovered
COVID00303,28,Male,Tamil Nadu,Salem,2022-10-26,Fully Vaccinated,Loss of Taste/Smell,Positive,No,22,Mild,96,Diabetes,2346.54,Deceased
COVID02019,47,Female,Maharashtra,Nashik,2022-10-26,Booster,Fever,Negative,No,0,None,96,None,65.0,Not Infected
COVID04190,85,Male,Delhi,New Delhi,2022-10-26,Fully Vaccinated,None,Negative,No,0,None,100,Multiple,95.6,Not Infected
COVID00541,85,Male,Andhra Pradesh,Visakhapatnam,2022-10-26,Booster,Cough,Positive,No,30,Mild,100,None,1538.25,Recovered
COVID04220,74,Female,Telangana,Hyderabad,2022-10-26,Booster,Fatigue,Positive,No,11,Mild,100,None,1693.67,Recovered
COVID02504,42,Male,Telangana,Warangal,2022-10-26,Fully Vaccinated,Fatigue,Positive,No,21,Mild,94,None,1979.98,Recovered
COVID00522,35,Female,Telangana,Warangal,2022-10-26,Not Vaccinated,Cough,Positive,No,13,Mild,100,Multiple,1381.4,Recovered
COVID02261,30,Female,Tamil Nadu,Madurai,2022-10-26,Booster,Sore Throat,Positive,No,18,Mild,99,None,959.68,Recovered
COVID02514,81,Male,Maharashtra,Nashik,2022-10-27,Fully Vaccinated,Cough,Positive,Yes,30,Severe,89,Diabetes,3417.89,Recovered
COVID02810,50,Male,West Bengal,Kolkata,2022-10-27,Fully Vaccinated,Cough,Negative,No,0,None,100,None,33.63,Not Infected
COVID03216,48,Female,Karnataka,Hubballi,2022-10-27,Booster,Cough,Positive,Yes,10,Moderate,100,None,3887.6,Recovered
COVID01242,70,Female,Telangana,Nizamabad,2022-10-27,Fully Vaccinated,Fever,Positive,No,28,Mild,97,Multiple,2106.12,Deceased
COVID03080,20,Male,Tamil Nadu,Chennai,2022-10-28,Fully Vaccinated,None,Negative,No,0,None,97,None,295.21,Not Infected
COVID00760,63,Male,Rajasthan,Jaipur,2022-10-28,Fully Vaccinated,Fever,Negative,No,0,None,97,None,61.98,Not Infected
COVID02600,26,Female,Andhra Pradesh,Guntur,2022-10-28,Partially Vaccinated,Sore Throat,Negative,No,0,None,99,None,434.53,Not Infected
COVID01903,40,Male,Telangana,Nizamabad,2022-10-28,Fully Vaccinated,Cough,Positive,No,22,Mild,98,None,1991.37,Recovered
COVID04988,8,Male,Gujarat,Vadodara,2022-10-29,Fully Vaccinated,Sore Throat,Positive,No,5,Mild,100,None,847.12,Recovered
COVID03636,59,Female,Kerala,Kochi,2022-10-29,Fully Vaccinated,Sore Throat,Positive,No,9,Mild,93,None,2327.82,Recovered
COVID00644,81,Female,Karnataka,Mangaluru,2022-10-29,Fully Vaccinated,Fatigue,Positive,Yes,28,Moderate,99,Hypertension,5587.75,Recovered
COVID03753,16,Female,Telangana,Hyderabad,2022-10-29,Booster,Fatigue,Negative,No,0,None,96,Heart Disease,36.4,Not Infected
COVID00605,25,Male,Delhi,New Delhi,2022-10-29,Fully Vaccinated,Cough,Negative,No,0,None,100,None,372.92,Not Infected
COVID01666,41,Male,Delhi,Rohini,2022-10-30,Booster,Cough,Negative,No,0,None,99,None,19.97,Not Infected
COVID02680,28,Female,Andhra Pradesh,Vijayawada,2022-10-30,Not Vaccinated,Sore Throat,Negative,No,0,None,98,None,296.26,Not Infected
COVID01457,80,Female,Gujarat,Ahmedabad,2022-10-30,Fully Vaccinated,Fever,Positive,Yes,26,Moderate,95,Asthma,5926.58,Recovered
COVID01986,48,Female,Tamil Nadu,Chennai,2022-10-30,Partially Vaccinated,Loss of Taste/Smell,Positive,No,26,Severe,97,Multiple,1010.06,Recovered
COVID02698,59,Female,Kerala,Kozhikode,2022-10-31,Not Vaccinated,Fatigue,Positive,No,26,Mild,100,None,2208.67,Recovered
COVID00189,28,Female,Andhra Pradesh,Visakhapatnam,2022-10-31,Fully Vaccinated,None,Negative,No,0,None,99,Hypertension,205.58,Not Infected
COVID00227,10,Other,Maharashtra,Nagpur,2022-10-31,Partially Vaccinated,Cough,Negative,No,0,None,98,Diabetes,158.03,Not Infected
COVID04509,42,Female,Gujarat,Vadodara,2022-10-31,Partially Vaccinated,Loss of Taste/Smell,Positive,Yes,27,Moderate,97,None,7771.21,Recovered
COVID00782,63,Male,Gujarat,Surat,2022-11-01,Fully Vaccinated,Fatigue,Negative,No,0,None,96,Diabetes,154.14,Not Infected
COVID02448,85,Male,Kerala,Thrissur,2022-11-01,Fully Vaccinated,Loss of Taste/Smell,Negative,No,0,None,99,None,444.26,Not Infected
COVID01607,39,Female,Andhra Pradesh,Visakhapatnam,2022-11-01,Fully Vaccinated,Fatigue,Negative,No,0,None,97,None,45.95,Not Infected
COVID04016,12,Male,Maharashtra,Pune,2022-11-01,Not Vaccinated,Sore Throat,Positive,No,7,Mild,97,Multiple,1113.46,Recovered
COVID01871,58,Male,Rajasthan,Jodhpur,2022-11-02,Fully Vaccinated,Fever,Positive,Yes,31,Critical,91,None,2388.38,Recovered
COVID04185,25,Female,Maharashtra,Pune,2022-11-02,Not Vaccinated,Cough,Negative,No,0,None,96,None,204.56,Not Infected
COVID03114,82,Female,West Bengal,Kolkata,2022-11-02,Fully Vaccinated,Fatigue,Negative,No,0,None,100,None,198.62,Not Infected
COVID04743,69,Male,Kerala,Kozhikode,2022-11-02,Fully Vaccinated,Fever,Negative,No,0,None,98,None,463.19,Not Infected
COVID04872,79,Female,Delhi,Dwarka,2022-11-02,Partially Vaccinated,Breathing Difficulty,Positive,No,19,Mild,95,None,2148.14,Recovered
COVID01258,57,Male,West Bengal,Durgapur,2022-11-02,Fully Vaccinated,Cough,Negative,No,0,None,100,None,285.04,Not Infected
COVID00444,55,Male,Kerala,Kozhikode,2022-11-02,Fully Vaccinated,Fever,Positive,No,22,Mild,97,None,1657.69,Recovered
COVID02259,34,Male,Andhra Pradesh,Guntur,2022-11-02,Not Vaccinated,Cough,Negative,No,0,None,95,None,163.06,Not Infected
COVID04149,13,Male,Gujarat,Vadodara,2022-11-03,Not Vaccinated,Fever,Positive,No,12,Mild,100,Heart Disease,1330.69,Recovered
COVID00713,68,Male,Tamil Nadu,Chennai,2022-11-03,Partially Vaccinated,Sore Throat,Positive,Yes,20,Moderate,100,Heart Disease,5623.14,Deceased
COVID03971,27,Male,Kerala,Thiruvananthapuram,2022-11-04,Fully Vaccinated,Breathing Difficulty,Positive,No,22,Mild,95,None,1632.76,Recovered
COVID02928,74,Male,Telangana,Hyderabad,2022-11-04,Fully Vaccinated,None,Positive,Yes,30,Moderate,93,None,1556.4,Recovered
COVID04981,75,Female,Delhi,Dwarka,2022-11-04,Fully Vaccinated,Sore Throat,Positive,No,54,Critical,100,None,682.64,Deceased
COVID04144,40,Male,Telangana,Nizamabad,2022-11-05,Partially Vaccinated,Fever,Positive,Yes,12,Moderate,97,None,6002.53,Recovered
COVID04490,32,Female,Delhi,New Delhi,2022-11-05,Fully Vaccinated,Sore Throat,Positive,No,11,Mild,98,Multiple,1337.67,Recovered
COVID02069,62,Female,Kerala,Thiruvananthapuram,2022-11-05,Fully Vaccinated,None,Positive,No,17,Mild,100,None,954.47,Recovered
COVID00682,37,Female,Gujarat,Ahmedabad,2022-11-06,Partially Vaccinated,Sore Throat,Positive,Yes,44,Severe,91,None,4807.67,Recovered
COVID04288,42,Female,Karnataka,Hubballi,2022-11-06,Partially Vaccinated,Fatigue,Negative,No,0,None,97,None,420.72,Not Infected
COVID03654,41,Other,Gujarat,Vadodara,2022-11-06,Fully Vaccinated,Breathing Difficulty,Positive,No,37,Critical,98,None,388.55,Recovered
COVID03844,61,Female,Gujarat,Vadodara,2022-11-06,Fully Vaccinated,Fatigue,Positive,Yes,19,Moderate,100,None,2815.66,Recovered
COVID00142,63,Other,Delhi,Dwarka,2022-11-06,Fully Vaccinated,None,Negative,No,0,None,95,Multiple,20.81,Not Infected
COVID00280,53,Male,Delhi,Rohini,2022-11-06,Partially Vaccinated,Cough,Positive,No,19,Mild,97,None,1506.69,Recovered
COVID02078,19,Female,Karnataka,Mysuru,2022-11-06,Fully Vaccinated,Cough,Positive,Yes,8,Moderate,99,None,3188.07,Recovered
COVID03130,64,Female,Andhra Pradesh,Vijayawada,2022-11-06,Fully Vaccinated,Fatigue,Negative,No,0,None,98,None,245.56,Not Infected
COVID02834,48,Other,West Bengal,Durgapur,2022-11-07,Booster,Fever,Positive,Yes,12,Moderate,93,Multiple,3109.65,Recovered
COVID04957,48,Male,Delhi,New Delhi,2022-11-07,Partially Vaccinated,Fever,Positive,Yes,23,Moderate,94,None,7727.08,Recovered
COVID03489,7,Male,West Bengal,Kolkata,2022-11-07,Partially Vaccinated,Sore Throat,Positive,No,13,Moderate,98,None,395.54,Recovered
COVID00597,8,Male,Karnataka,Hubballi,2022-11-07,Fully Vaccinated,None,Positive,No,13,Mild,99,Hypertension,2349.89,Deceased
COVID02893,18,Male,Andhra Pradesh,Visakhapatnam,2022-11-07,Fully Vaccinated,Fatigue,Negative,No,0,None,98,Diabetes,0.2,Not Infected
COVID03695,56,Female,Delhi,Dwarka,2022-11-07,Fully Vaccinated,None,Positive,Yes,18,Moderate,100,Diabetes,6787.77,Recovered
COVID00478,84,Male,West Bengal,Kolkata,2022-11-07,Partially Vaccinated,Breathing Difficulty,Positive,Yes,9,Moderate,94,Hypertension,7750.2,Recovered
COVID02735,28,Female,Karnataka,Mysuru,2022-11-07,Booster,Sore Throat,Positive,Yes,28,Moderate,97,None,2622.44,Recovered
COVID00257,71,Male,West Bengal,Howrah,2022-11-08,Fully Vaccinated,Sore Throat,Negative,No,0,None,97,Asthma,289.8,Not Infected
COVID01745,68,Male,Tamil Nadu,Coimbatore,2022-11-09,Partially Vaccinated,Cough,Positive,No,15,Mild,97,None,908.39,Recovered
COVID00408,77,Female,Rajasthan,Jodhpur,2022-11-09,Not Vaccinated,Sore Throat,Positive,Yes,33,Severe,88,Hypertension,2165.38,Deceased
COVID03304,70,Male,West Bengal,Kolkata,2022-11-09,Not Vaccinated,Fever,Negative,No,0,None,98,None,237.68,Not Infected
COVID02987,47,Male,Maharashtra,Nashik,2022-11-09,Fully Vaccinated,Fever,Negative,No,0,None,98,None,457.79,Not Infected
COVID00222,68,Female,West Bengal,Howrah,2022-11-09,Fully Vaccinated,Fatigue,Positive,No,21,Moderate,100,None,609.14,Recovered
COVID02049,7,Male,Kerala,Thrissur,2022-11-09,Fully Vaccinated,Breathing Difficulty,Negative,No,0,None,95,Multiple,185.89,Not Infected
COVID04062,83,Male,Maharashtra,Nashik,2022-11-10,Not Vaccinated,Cough,Positive,No,29,Mild,99,None,428.45,Recovered
COVID02392,33,Female,Rajasthan,Jodhpur,2022-11-10,Fully Vaccinated,Loss of Taste/Smell,Positive,Yes,29,Moderate,94,Hypertension,4675.37,Recovered
COVID01720,48,Male,Gujarat,Ahmedabad,2022-11-10,Booster,Cough,Negative,No,0,None,95,None,194.69,Not Infected
COVID01089,52,Male,Maharashtra,Nagpur,2022-11-10,Partially Vaccinated,None,Negative,No,0,None,97,None,376.63,Not Infected
COVID00984,80,Male,Maharashtra,Mumbai,2022-11-10,Fully Vaccinated,Sore Throat,Positive,No,25,Mild,96,None,2327.13,Recovered
COVID01464,63,Male,Gujarat,Vadodara,2022-11-10,Partially Vaccinated,Fatigue,Positive,No,20,Mild,98,Multiple,389.58,Recovered
COVID02850,7,Male,Kerala,Kochi,2022-11-11,Partially Vaccinated,None,Positive,Yes,41,Critical,96,Diabetes,5489.87,Recovered
COVID04658,80,Female,Rajasthan,Jaipur,2022-11-11,Fully Vaccinated,Sore Throat,Negative,No,0,None,98,Multiple,195.98,Not Infected
COVID03117,17,Male,Maharashtra,Nagpur,2022-11-11,Fully Vaccinated,Sore Throat,Positive,No,18,Mild,93,None,1936.19,Recovered
COVID01738,74,Male,Tamil Nadu,Madurai,2022-11-11,Not Vaccinated,Fatigue,Positive,Yes,7,Moderate,100,Hypertension,1920.26,Recovered
COVID03472,29,Female,Rajasthan,Udaipur,2022-11-11,Fully Vaccinated,Breathing Difficulty,Positive,No,8,Mild,96,Multiple,387.53,Deceased
COVID02431,17,Female,Delhi,Rohini,2022-11-11,Not Vaccinated,Sore Throat,Negative,No,0,None,98,None,121.08,Not Infected
COVID02948,42,Male,Delhi,Rohini,2022-11-12,Fully Vaccinated,Fatigue,Negative,No,0,None,98,None,2.26,Not Infected
COVID04980,23,Female,Delhi,Rohini,2022-11-12,Partially Vaccinated,Fatigue,Positive,No,21,Mild,97,None,337.84,Recovered
COVID04034,57,Male,Kerala,Thiruvananthapuram,2022-11-12,Fully Vaccinated,Fatigue,Positive,No,30,Mild,96,None,2393.09,Recovered
COVID03042,69,Female,Tamil Nadu,Madurai,2022-11-13,Booster,Fever,Positive,No,12,Mild,98,None,1877.62,Recovered
COVID03414,25,Male,Andhra Pradesh,Visakhapatnam,2022-11-13,Fully Vaccinated,Sore Throat,Positive,No,8,Moderate,96,None,1672.3,Recovered
COVID01791,52,Female,Kerala,Kozhikode,2022-11-13,Not Vaccinated,Breathing Difficulty,Negative,No,0,None,96,Multiple,244.89,Not Infected
COVID00697,55,Male,Telangana,Nizamabad,2022-11-13,Fully Vaccinated,Fever,Negative,No,0,None,99,None,484.31,Not Infected
COVID03361,49,Male,West Bengal,Kolkata,2022-11-13,Fully Vaccinated,None,Positive,Yes,24,Moderate,96,None,4739.58,Deceased
COVID02299,56,Male,Gujarat,Vadodara,2022-11-13,Fully Vaccinated,Cough,Negative,No,0,None,99,None,40.87,Not Infected
COVID02505,26,Female,Rajasthan,Jaipur,2022-11-13,Fully Vaccinated,Cough,Positive,No,23,Mild,98,None,915.83,Recovered
COVID01444,29,Female,Telangana,Hyderabad,2022-11-13,Fully Vaccinated,Sore Throat,Positive,No,20,Mild,94,Hypertension,1589.62,Recovered
COVID02017,25,Female,Tamil Nadu,Madurai,2022-11-13,Partially Vaccinated,Sore Throat,Negative,No,0,None,95,None,185.78,Not Infected
COVID02358,29,Male,Andhra Pradesh,Vijayawada,2022-11-13,Fully Vaccinated,None,Negative,No,0,None,97,None,68.68,Not Infected
COVID02170,43,Male,Delhi,Dwarka,2022-11-13,Fully Vaccinated,Loss of Taste/Smell,Negative,No,0,None,100,Diabetes,142.53,Not Infected
COVID04704,49,Female,West Bengal,Kolkata,2022-11-14,Fully Vaccinated,Sore Throat,Positive,No,19,Mild,100,None,1507.18,Recovered
COVID03700,30,Female,Maharashtra,Pune,2022-11-14,Partially Vaccinated,Sore Throat,Positive,Yes,8,Moderate,93,None,3068.5,Recovered
COVID02276,57,Female,Gujarat,Vadodara,2022-11-14,Fully Vaccinated,Loss of Taste/Smell,Negative,No,0,None,95,None,118.7,Not Infected
COVID01113,11,Male,Tamil Nadu,Salem,2022-11-14,Fully Vaccinated,None,Negative,No,0,None,95,None,373.7,Not Infected
COVID00772,12,Female,Kerala,Kozhikode,2022-11-15,Not Vaccinated,None,Positive,No,6,Mild,95,None,680.45,Recovered
COVID04235,28,Female,Rajasthan,Udaipur,2022-11-15,Not Vaccinated,Loss of Taste/Smell,Positive,Yes,10,Moderate,96,Heart Disease,2552.52,Recovered
COVID01870,44,Male,Tamil Nadu,Coimbatore,2022-11-15,Fully Vaccinated,Cough,Positive,No,35,Severe,90,None,2499.61,Deceased
COVID03543,76,Male,Delhi,Rohini,2022-11-15,Fully Vaccinated,Fatigue,Positive,Yes,19,Moderate,93,None,6083.99,Recovered
COVID04169,49,Male,Maharashtra,Pune,2022-11-16,Fully Vaccinated,Fever,Positive,Yes,7,Moderate,97,None,7175.19,Deceased
COVID03637,61,Female,Delhi,Dwarka,2022-11-16,Booster,Fever,Positive,No,30,Mild,98,None,1449.48,Recovered
COVID04916,51,Male,Andhra Pradesh,Vijayawada,2022-11-16,Fully Vaccinated,Fatigue,Positive,No,8,Mild,94,Hypertension,2294.38,Recovered
COVID00455,57,Other,Gujarat,Ahmedabad,2022-11-16,Fully Vaccinated,Fatigue,Positive,No,20,Mild,94,None,1200.65,Recovered
COVID01678,80,Female,Maharashtra,Pune,2022-11-16,Partially Vaccinated,Sore Throat,Positive,No,9,Mild,96,Asthma,2405.54,Recovered
COVID01717,21,Female,Tamil Nadu,Coimbatore,2022-11-17,Booster,Fever,Negative,No,0,None,98,None,63.15,Not Infected
COVID01862,60,Male,Delhi,Dwarka,2022-11-17,Partially Vaccinated,Fever,Positive,Yes,16,Moderate,99,Heart Disease,2824.06,Recovered
COVID01552,85,Male,Rajasthan,Jaipur,2022-11-17,Fully Vaccinated,Fever,Negative,No,0,None,99,Hypertension,425.46,Not Infected
COVID04991,45,Male,Kerala,Thrissur,2022-11-17,Not Vaccinated,Cough,Positive,No,6,Moderate,95,None,1294.49,Recovered
COVID00736,41,Male,Delhi,Rohini,2022-11-17,Not Vaccinated,Fever,Positive,Yes,12,Moderate,100,Diabetes,7817.6,Recovered
COVID00442,65,Female,Karnataka,Mysuru,2022-11-17,Partially Vaccinated,Fever,Positive,No,43,Severe,95,None,2446.31,Recovered
COVID01267,83,Male,Maharashtra,Nagpur,2022-11-17,Fully Vaccinated,Sore Throat,Positive,No,22,Mild,96,None,535.03,Recovered
COVID03749,43,Female,Andhra Pradesh,Vijayawada,2022-11-17,Not Vaccinated,Fatigue,Negative,No,0,None,100,None,63.89,Not Infected
COVID01741,57,Male,Karnataka,Hubballi,2022-11-17,Fully Vaccinated,Fatigue,Positive,No,23,Mild,94,None,856.89,Recovered
COVID04068,79,Male,Rajasthan,Jodhpur,2022-11-17,Not Vaccinated,None,Positive,Yes,5,Moderate,95,Hypertension,3631.35,Deceased
COVID02239,71,Male,Rajasthan,Jaipur,2022-11-18,Not Vaccinated,Fever,Negative,No,0,None,100,None,81.2,Not Infected
COVID01394,64,Female,Karnataka,Bengaluru,2022-11-18,Not Vaccinated,None,Positive,No,15,Mild,98,Diabetes,962.05,Recovered
COVID01177,84,Female,West Bengal,Howrah,2022-11-18,Fully Vaccinated,Sore Throat,Positive,No,28,Mild,97,None,1598.36,Recovered
COVID00910,40,Male,Maharashtra,Pune,2022-11-18,Fully Vaccinated,Fatigue,Negative,No,0,None,99,None,3.69,Not Infected
COVID00692,16,Male,Andhra Pradesh,Guntur,2022-11-18,Partially Vaccinated,Cough,Positive,No,19,Moderate,95,None,457.72,Recovered
COVID03723,62,Male,Kerala,Kochi,2022-11-18,Not Vaccinated,Fever,Positive,Yes,7,Moderate,96,Hypertension,7463.94,Recovered
COVID03072,24,Female,Maharashtra,Nagpur,2022-11-18,Fully Vaccinated,None,Positive,No,28,Mild,94,None,2440.47,Recovered
COVID00830,43,Male,Telangana,Warangal,2022-11-19,Fully Vaccinated,Cough,Positive,No,27,Mild,93,None,2251.86,Recovered
COVID02587,65,Female,Andhra Pradesh,Vijayawada,2022-11-19,Fully Vaccinated,Breathing Difficulty,Negative,No,0,None,99,Asthma,315.79,Not Infected
COVID03239,52,Female,Gujarat,Ahmedabad,2022-11-19,Fully Vaccinated,Fatigue,Positive,Yes,26,Moderate,97,None,2531.83,Recovered
COVID02985,6,Male,Karnataka,Bengaluru,2022-11-19,Partially Vaccinated,Sore Throat,Negative,No,0,None,95,None,58.68,Not Infected
COVID03490,67,Male,Karnataka,Mysuru,2022-11-19,Booster,Fever,Negative,No,0,None,97,Diabetes,101.99,Not Infected
COVID04052,5,Male,Tamil Nadu,Chennai,2022-11-19,Fully Vaccinated,Fatigue,Positive,No,25,Mild,97,Hypertension,1008.59,Recovered
COVID03604,20,Female,Rajasthan,Jodhpur,2022-11-19,Booster,Loss of Taste/Smell,Positive,Yes,24,Moderate,96,None,3108.26,Recovered
COVID02322,48,Female,Karnataka,Bengaluru,2022-11-19,Fully Vaccinated,Fatigue,Positive,No,19,Mild,94,None,1670.92,Recovered
COVID02728,31,Female,Telangana,Warangal,2022-11-20,Not Vaccinated,Loss of Taste/Smell,Positive,Yes,34,Severe,96,None,4109.55,Recovered
COVID00030,53,Male,Kerala,Kochi,2022-11-20,Booster,Fever,Positive,No,7,Mild,95,None,2387.88,Recovered
COVID00686,20,Male,Karnataka,Mysuru,2022-11-20,Booster,Cough,Positive,No,17,Moderate,100,None,1394.25,Recovered
COVID03326,55,Female,Gujarat,Surat,2022-11-21,Booster,None,Negative,No,0,None,96,Multiple,19.77,Not Infected
COVID04673,14,Male,Gujarat,Vadodara,2022-11-21,Partially Vaccinated,Sore Throat,Positive,No,6,Mild,93,None,2492.98,Recovered
COVID02222,75,Female,Tamil Nadu,Chennai,2022-11-21,Partially Vaccinated,Fatigue,Positive,Yes,36,Severe,91,None,2890.16,Recovered
COVID04317,16,Female,Rajasthan,Jodhpur,2022-11-21,Not Vaccinated,Loss of Taste/Smell,Positive,No,13,Mild,94,None,1210.07,Recovered
COVID00418,24,Female,Rajasthan,Jaipur,2022-11-21,Booster,Sore Throat,Negative,No,0,None,99,None,168.73,Not Infected
COVID02003,61,Female,Delhi,New Delhi,2022-11-21,Fully Vaccinated,Sore Throat,Negative,No,0,None,100,None,460.33,Not Infected
COVID03548,35,Female,Tamil Nadu,Salem,2022-11-21,Fully Vaccinated,Fever,Positive,No,27,Mild,99,None,1934.82,Recovered
COVID01058,81,Male,Andhra Pradesh,Visakhapatnam,2022-11-21,Booster,Fever,Positive,Yes,14,Moderate,99,None,5998.38,Recovered
COVID01505,66,Female,Karnataka,Bengaluru,2022-11-21,Not Vaccinated,Fever,Positive,No,29,Mild,100,Asthma,1422.82,Recovered
COVID04827,29,Male,Telangana,Hyderabad,2022-11-21,Fully Vaccinated,Breathing Difficulty,Positive,No,14,Mild,97,None,430.1,Recovered
COVID02426,25,Male,Telangana,Nizamabad,2022-11-22,Not Vaccinated,Loss of Taste/Smell,Positive,No,20,Mild,95,None,2276.38,Recovered
COVID03071,61,Male,Telangana,Nizamabad,2022-11-22,Booster,Fever,Positive,No,11,Mild,93,None,2347.52,Recovered
COVID00660,27,Male,Telangana,Hyderabad,2022-11-22,Not Vaccinated,Fatigue,Positive,No,15,Mild,93,None,609.29,Recovered
COVID03321,45,Female,Rajasthan,Udaipur,2022-11-22,Fully Vaccinated,Loss of Taste/Smell,Positive,No,29,Moderate,97,Multiple,1764.71,Recovered
COVID01596,70,Male,Tamil Nadu,Coimbatore,2022-11-22,Not Vaccinated,Loss of Taste/Smell,Positive,Yes,11,Severe,100,None,6745.82,Recovered
COVID03253,22,Male,West Bengal,Kolkata,2022-11-23,Not Vaccinated,Loss of Taste/Smell,Positive,No,26,Mild,97,None,321.39,Recovered
COVID00993,22,Female,Andhra Pradesh,Guntur,2022-11-23,Fully Vaccinated,Cough,Positive,No,17,Moderate,97,None,1700.0,Recovered
COVID02515,11,Female,Tamil Nadu,Coimbatore,2022-11-23,Fully Vaccinated,Cough,Positive,No,14,Mild,94,Hypertension,1809.76,Recovered
COVID01537,66,Male,Karnataka,Mysuru,2022-11-23,Not Vaccinated,Fever,Positive,Yes,18,Severe,94,Multiple,5354.56,Deceased
COVID02671,38,Female,Rajasthan,Jodhpur,2022-11-23,Not Vaccinated,Cough,Positive,No,20,Mild,95,Asthma,2292.51,Recovered
COVID04039,32,Male,Rajasthan,Jodhpur,2022-11-23,Not Vaccinated,Sore Throat,Positive,Yes,18,Moderate,96,None,7506.16,Recovered
COVID02398,9,Male,Kerala,Kochi,2022-11-24,Fully Vaccinated,Breathing Difficulty,Positive,No,28,Mild,98,None,673.25,Recovered
COVID04014,81,Female,Tamil Nadu,Madurai,2022-11-24,Not Vaccinated,Fever,Positive,Yes,40,Severe,98,None,5752.95,Recovered
COVID00780,59,Female,Rajasthan,Udaipur,2022-11-24,Not Vaccinated,Sore Throat,Negative,No,0,None,100,None,47.76,Not Infected
COVID04473,84,Female,Delhi,Rohini,2022-11-24,Fully Vaccinated,Breathing Difficulty,Negative,No,0,None,98,Heart Disease,225.4,Not Infected
COVID03255,34,Female,Telangana,Warangal,2022-11-25,Booster,Loss of Taste/Smell,Positive,No,24,Mild,93,Heart Disease,2184.74,Recovered
COVID02029,59,Female,Telangana,Hyderabad,2022-11-25,Fully Vaccinated,Sore Throat,Negative,No,0,None,97,None,174.2,Not Infected
COVID01390,19,Male,Andhra Pradesh,Visakhapatnam,2022-11-25,Partially Vaccinated,None,Positive,No,18,Mild,99,None,2097.37,Recovered
COVID03929,7,Male,Andhra Pradesh,Guntur,2022-11-26,Not Vaccinated,Cough,Positive,No,6,Mild,95,None,1231.48,Recovered
COVID03540,57,Male,Telangana,Warangal,2022-11-27,Fully Vaccinated,Cough,Positive,Yes,16,Moderate,100,None,6491.79,Deceased
COVID03477,78,Male,Maharashtra,Nashik,2022-11-27,Fully Vaccinated,Cough,Positive,No,7,Mild,100,None,375.09,Recovered
COVID02826,55,Male,West Bengal,Durgapur,2022-11-27,Fully Vaccinated,Fever,Positive,No,9,Mild,93,None,1282.16,Recovered
COVID02915,82,Male,Telangana,Nizamabad,2022-11-27,Not Vaccinated,Fatigue,Positive,No,6,Mild,100,Diabetes,1371.57,Recovered
COVID02968,7,Male,Delhi,New Delhi,2022-11-28,Fully Vaccinated,Sore Throat,Positive,No,12,Moderate,96,Diabetes,1717.47,Recovered
COVID03100,47,Male,Delhi,Dwarka,2022-11-28,Partially Vaccinated,Cough,Positive,No,22,Mild,93,None,756.53,Recovered
COVID03996,60,Male,Rajasthan,Jaipur,2022-11-28,Fully Vaccinated,Sore Throat,Positive,Yes,26,Moderate,95,None,4803.14,Recovered
COVID04358,32,Male,Maharashtra,Nagpur,2022-11-28,Partially Vaccinated,Cough,Positive,No,14,Mild,94,Asthma,1466.96,Recovered
COVID02711,24,Female,Telangana,Warangal,2022-11-28,Fully Vaccinated,Cough,Negative,No,0,None,95,Hypertension,275.2,Not Infected
COVID02388,67,Female,Maharashtra,Pune,2022-11-28,Booster,None,Positive,No,12,Mild,100,None,302.15,Recovered
COVID01137,12,Male,Karnataka,Mysuru,2022-11-28,Fully Vaccinated,Sore Throat,Negative,No,0,None,100,None,105.82,Not Infected
COVID00778,10,Male,Gujarat,Surat,2022-11-29,Fully Vaccinated,Fatigue,Positive,Yes,31,Severe,89,Multiple,6108.39,Recovered
COVID02072,82,Male,Tamil Nadu,Chennai,2022-11-29,Booster,Fever,Positive,No,27,Mild,95,Hypertension,2376.71,Recovered
COVID02421,13,Female,Rajasthan,Udaipur,2022-11-29,Partially Vaccinated,Breathing Difficulty,Positive,No,16,Mild,97,None,576.44,Recovered
COVID02359,70,Male,Karnataka,Mysuru,2022-11-29,Not Vaccinated,None,Positive,Yes,24,Moderate,93,Asthma,5471.03,Deceased
COVID00618,53,Female,Karnataka,Mangaluru,2022-11-29,Partially Vaccinated,Cough,Negative,No,0,None,97,Hypertension,76.63,Not Infected
COVID03769,55,Male,Gujarat,Vadodara,2022-11-29,Fully Vaccinated,Fever,Negative,No,0,None,97,None,341.9,Not Infected
COVID00588,62,Male,Telangana,Nizamabad,2022-11-29,Not Vaccinated,Fatigue,Positive,No,40,Critical,99,Diabetes,1989.77,Deceased
COVID02507,72,Female,Kerala,Kozhikode,2022-11-29,Fully Vaccinated,Fever,Negative,No,0,None,100,None,4.36,Not Infected
COVID01860,77,Male,Karnataka,Mysuru,2022-11-30,Fully Vaccinated,Fever,Negative,No,0,None,100,None,305.11,Not Infected
COVID02964,22,Female,Tamil Nadu,Chennai,2022-11-30,Partially Vaccinated,Fever,Positive,No,15,Moderate,95,Heart Disease,865.27,Recovered
COVID01000,47,Male,West Bengal,Durgapur,2022-11-30,Partially Vaccinated,Breathing Difficulty,Negative,No,0,None,99,Multiple,340.4,Not Infected
COVID00249,33,Male,Kerala,Kochi,2022-11-30,Fully Vaccinated,None,Negative,No,0,None,96,Asthma,188.56,Not Infected
COVID03142,8,Male,Tamil Nadu,Salem,2022-12-01,Fully Vaccinated,Cough,Positive,No,29,Mild,99,Heart Disease,2384.41,Recovered
COVID00168,11,Other,Kerala,Thrissur,2022-12-01,Fully Vaccinated,Fever,Positive,No,29,Mild,100,None,1701.77,Recovered
COVID01297,15,Male,Rajasthan,Jodhpur,2022-12-01,Partially Vaccinated,None,Positive,Yes,5,Moderate,99,Diabetes,7487.86,Recovered
COVID04567,74,Male,Gujarat,Vadodara,2022-12-01,Not Vaccinated,Sore Throat,Positive,No,10,Mild,99,Hypertension,2428.44,Recovered
COVID04896,41,Female,Karnataka,Bengaluru,2022-12-02,Booster,Fever,Positive,Yes,30,Severe,89,None,1888.95,Recovered
COVID01025,49,Male,Delhi,Dwarka,2022-12-02,Fully Vaccinated,Sore Throat,Positive,Yes,17,Moderate,96,Heart Disease,7795.43,Deceased
COVID01176,69,Female,Tamil Nadu,Chennai,2022-12-02,Fully Vaccinated,Loss of Taste/Smell,Positive,Yes,20,Severe,97,None,5746.4,Recovered
COVID04476,59,Male,Delhi,New Delhi,2022-12-02,Not Vaccinated,Fatigue,Positive,No,15,Moderate,96,None,1477.15,Recovered
COVID00945,36,Male,Maharashtra,Pune,2022-12-02,Booster,Loss of Taste/Smell,Positive,No,29,Mild,98,Hypertension,2357.07,Recovered
COVID00836,73,Male,Andhra Pradesh,Visakhapatnam,2022-12-02,Not Vaccinated,Fever,Positive,No,6,Mild,100,None,2490.82,Recovered
COVID03095,62,Female,Maharashtra,Pune,2022-12-03,Not Vaccinated,Breathing Difficulty,Positive,No,24,Mild,99,None,2460.32,Recovered
COVID00654,65,Male,Maharashtra,Nagpur,2022-12-03,Fully Vaccinated,Fatigue,Positive,Yes,7,Moderate,96,Diabetes,7124.52,Recovered
COVID04331,25,Female,Telangana,Hyderabad,2022-12-03,Partially Vaccinated,Cough,Positive,No,15,Mild,95,None,1818.29,Recovered
COVID03955,56,Male,Kerala,Thiruvananthapuram,2022-12-03,Fully Vaccinated,None,Positive,Yes,20,Severe,97,None,7807.51,Deceased
COVID00029,14,Female,Delhi,Dwarka,2022-12-03,Not Vaccinated,Fatigue,Negative,No,0,None,97,None,197.26,Not Infected
COVID03057,52,Female,Maharashtra,Nashik,2022-12-03,Booster,Fever,Positive,No,18,Mild,97,None,2441.4,Recovered
COVID03978,49,Female,Gujarat,Ahmedabad,2022-12-04,Not Vaccinated,Loss of Taste/Smell,Positive,No,26,Mild,96,None,1049.26,Recovered
COVID01097,66,Female,Kerala,Kozhikode,2022-12-04,Partially Vaccinated,Fatigue,Negative,No,0,None,97,None,164.9,Not Infected
COVID00501,65,Male,West Bengal,Howrah,2022-12-04,Fully Vaccinated,Cough,Positive,No,23,Mild,100,None,1536.37,Recovered
COVID02375,82,Male,Delhi,Rohini,2022-12-04,Fully Vaccinated,Cough,Positive,No,30,Mild,96,Diabetes,1598.42,Recovered
COVID01999,56,Female,Karnataka,Hubballi,2022-12-04,Fully Vaccinated,Fatigue,Positive,No,11,Moderate,100,Diabetes,359.59,Recovered
COVID03857,42,Male,West Bengal,Durgapur,2022-12-05,Partially Vaccinated,Loss of Taste/Smell,Positive,No,21,Mild,97,None,748.09,Recovered
COVID01231,23,Male,Kerala,Kozhikode,2022-12-05,Not Vaccinated,Fatigue,Positive,Yes,17,Moderate,96,None,2714.23,Recovered
COVID01315,10,Male,Kerala,Thiruvananthapuram,2022-12-05,Fully Vaccinated,Loss of Taste/Smell,Positive,Yes,17,Moderate,98,Asthma,2725.63,Recovered
COVID03407,49,Male,Andhra Pradesh,Visakhapatnam,2022-12-05,Fully Vaccinated,None,Negative,No,0,None,100,None,497.08,Not Infected
COVID01563,16,Male,Telangana,Nizamabad,2022-12-05,Booster,Fatigue,Positive,No,26,Mild,93,Asthma,1229.67,Recovered
COVID02720,14,Male,Karnataka,Bengaluru,2022-12-06,Fully Vaccinated,Fever,Positive,No,16,Mild,97,None,2071.51,Recovered
COVID01292,84,Male,West Bengal,Durgapur,2022-12-06,Fully Vaccinated,Sore Throat,Positive,Yes,21,Moderate,100,Diabetes,7167.24,Recovered
COVID00486,62,Male,Maharashtra,Nagpur,2022-12-06,Not Vaccinated,Fatigue,Positive,No,17,Mild,99,Diabetes,2187.84,Recovered
COVID01105,47,Female,Maharashtra,Mumbai,2022-12-07,Partially Vaccinated,Fatigue,Positive,No,23,Mild,95,None,568.63,Deceased
COVID04023,36,Female,Telangana,Warangal,2022-12-07,Not Vaccinated,Loss of Taste/Smell,Positive,Yes,25,Moderate,98,Multiple,6381.04,Recovered
COVID04910,24,Female,Tamil Nadu,Salem,2022-12-07,Fully Vaccinated,Sore Throat,Positive,Yes,25,Severe,96,None,4274.99,Recovered
COVID03285,34,Female,Gujarat,Surat,2022-12-07,Booster,Cough,Negative,No,0,None,96,None,53.95,Not Infected
COVID02459,47,Male,Rajasthan,Udaipur,2022-12-07,Booster,None,Negative,No,0,None,95,Diabetes,110.38,Not Infected
COVID00295,73,Male,Tamil Nadu,Coimbatore,2022-12-07,Not Vaccinated,Cough,Negative,No,0,None,98,Multiple,301.76,Not Infected
COVID03524,21,Female,West Bengal,Howrah,2022-12-07,Booster,Fever,Positive,No,20,Mild,96,None,1246.13,Recovered
COVID04141,48,Female,Tamil Nadu,Madurai,2022-12-07,Fully Vaccinated,Fatigue,Positive,Yes,17,Moderate,99,Heart Disease,1540.08,Recovered
COVID03972,39,Male,Gujarat,Ahmedabad,2022-12-07,Fully Vaccinated,None,Negative,No,0,None,97,Hypertension,83.1,Not Infected
COVID00245,28,Male,Andhra Pradesh,Guntur,2022-12-07,Fully Vaccinated,Cough,Negative,No,0,None,95,None,21.89,Not Infected
COVID00192,37,Female,Delhi,Dwarka,2022-12-08,Not Vaccinated,Cough,Negative,No,0,None,98,Multiple,4.32,Not Infected
COVID04291,11,Male,Andhra Pradesh,Vijayawada,2022-12-08,Fully Vaccinated,Cough,Positive,No,8,Mild,93,Hypertension,2383.46,Recovered
COVID03290,10,Female,Tamil Nadu,Salem,2022-12-08,Fully Vaccinated,Sore Throat,Negative,No,0,None,97,Asthma,373.0,Not Infected
COVID04178,73,Male,West Bengal,Durgapur,2022-12-08,Fully Vaccinated,Fever,Positive,Yes,17,Moderate,93,None,7791.32,Recovered
COVID02022,32,Female,Tamil Nadu,Coimbatore,2022-12-09,Booster,Cough,Negative,No,0,None,96,None,57.17,Not Infected
COVID02432,8,Female,Telangana,Hyderabad,2022-12-09,Fully Vaccinated,Fever,Negative,No,0,None,97,Asthma,477.42,Not Infected
COVID02467,67,Female,Delhi,Dwarka,2022-12-09,Booster,Fever,Positive,No,12,Mild,96,None,1495.09,Recovered
COVID01712,54,Male,Andhra Pradesh,Vijayawada,2022-12-09,Fully Vaccinated,Breathing Difficulty,Negative,No,0,None,97,Diabetes,413.52,Not Infected
COVID03607,55,Male,Kerala,Kozhikode,2022-12-09,Not Vaccinated,Fatigue,Negative,No,0,None,100,None,489.83,Not Infected
COVID01955,35,Male,Gujarat,Ahmedabad,2022-12-09,Not Vaccinated,Cough,Positive,No,30,Mild,95,Multiple,2476.96,Recovered
COVID00766,13,Female,West Bengal,Kolkata,2022-12-09,Fully Vaccinated,Fatigue,Positive,Yes,15,Severe,98,Asthma,7712.78,Recovered
COVID01963,41,Male,Telangana,Nizamabad,2022-12-09,Booster,Sore Throat,Positive,No,20,Mild,93,None,310.2,Recovered
COVID02104,77,Female,Andhra Pradesh,Vijayawada,2022-12-10,Partially Vaccinated,None,Negative,No,0,None,96,Hypertension,50.04,Not Infected
COVID00370,85,Female,Delhi,Dwarka,2022-12-10,Not Vaccinated,Cough,Positive,No,13,Mild,99,None,1106.53,Recovered
COVID00974,36,Male,Andhra Pradesh,Vijayawada,2022-12-10,Not Vaccinated,Fatigue,Positive,Yes,21,Moderate,96,Asthma,7286.84,Recovered
COVID02381,50,Male,Gujarat,Surat,2022-12-10,Not Vaccinated,None,Positive,No,25,Mild,98,Heart Disease,2067.34,Recovered
COVID01885,49,Male,Karnataka,Mangaluru,2022-12-10,Fully Vaccinated,Fatigue,Positive,No,10,Mild,98,None,893.02,Recovered
COVID03754,36,Male,Maharashtra,Nagpur,2022-12-10,Fully Vaccinated,Sore Throat,Positive,Yes,11,Severe,91,None,6507.61,Deceased
COVID03756,28,Female,Tamil Nadu,Madurai,2022-12-10,Fully Vaccinated,Fatigue,Negative,No,0,None,95,None,32.4,Not Infected
COVID00246,30,Female,Gujarat,Surat,2022-12-10,Fully Vaccinated,Cough,Positive,No,20,Mild,100,Heart Disease,2141.65,Recovered
COVID03936,28,Female,Kerala,Thiruvananthapuram,2022-12-10,Not Vaccinated,Sore Throat,Positive,No,57,Critical,94,None,502.78,Deceased
COVID04511,22,Female,Tamil Nadu,Madurai,2022-12-11,Booster,Loss of Taste/Smell,Positive,No,27,Mild,98,None,1216.95,Recovered
COVID03074,11,Male,Andhra Pradesh,Visakhapatnam,2022-12-11,Fully Vaccinated,Sore Throat,Negative,No,0,None,99,None,98.22,Not Infected
COVID04030,25,Male,Maharashtra,Mumbai,2022-12-11,Fully Vaccinated,Sore Throat,Positive,No,27,Mild,100,Heart Disease,1082.73,Recovered
COVID02337,84,Male,Telangana,Hyderabad,2022-12-11,Fully Vaccinated,Fever,Negative,No,0,None,97,Hypertension,208.66,Not Infected
COVID00957,12,Female,Kerala,Kochi,2022-12-11,Not Vaccinated,Loss of Taste/Smell,Positive,No,11,Mild,100,None,698.65,Recovered
COVID01502,58,Male,Kerala,Kochi,2022-12-11,Partially Vaccinated,Cough,Positive,No,12,Moderate,94,None,2243.72,Recovered
COVID00424,72,Male,Delhi,Rohini,2022-12-12,Not Vaccinated,Loss of Taste/Smell,Negative,No,0,None,98,Hypertension,30.65,Not Infected
COVID03332,31,Female,Telangana,Nizamabad,2022-12-12,Partially Vaccinated,None,Positive,No,26,Mild,96,Heart Disease,677.23,Recovered
COVID01652,20,Male,Rajasthan,Jodhpur,2022-12-12,Fully Vaccinated,Breathing Difficulty,Negative,No,0,None,100,Hypertension,489.99,Not Infected
COVID01893,13,Female,Telangana,Hyderabad,2022-12-12,Fully Vaccinated,Fever,Positive,No,20,Severe,98,None,643.08,Recovered
COVID03804,23,Female,Delhi,Dwarka,2022-12-12,Not Vaccinated,None,Positive,No,7,Mild,99,Diabetes,745.93,Deceased
COVID01769,43,Female,Tamil Nadu,Salem,2022-12-12,Partially Vaccinated,Fatigue,Positive,No,8,Mild,99,None,1522.07,Recovered
COVID04569,37,Male,Rajasthan,Udaipur,2022-12-12,Not Vaccinated,Sore Throat,Negative,No,0,None,98,None,165.18,Not Infected
COVID01075,65,Male,Andhra Pradesh,Vijayawada,2022-12-13,Fully Vaccinated,Fever,Positive,Yes,24,Severe,100,None,2472.16,Recovered
COVID01829,5,Female,Gujarat,Surat,2022-12-13,Not Vaccinated,Breathing Difficulty,Positive,Yes,6,Moderate,94,None,4941.54,Recovered
COVID02681,21,Female,Tamil Nadu,Madurai,2022-12-13,Partially Vaccinated,Fatigue,Positive,No,22,Moderate,96,Hypertension,439.65,Recovered
COVID00897,39,Male,West Bengal,Howrah,2022-12-13,Fully Vaccinated,None,Positive,No,16,Mild,100,Hypertension,761.24,Recovered
COVID04489,74,Male,Delhi,Dwarka,2022-12-13,Booster,Sore Throat,Negative,No,0,None,100,Hypertension,444.87,Not Infected
COVID01179,51,Male,Karnataka,Hubballi,2022-12-13,Fully Vaccinated,Fatigue,Positive,No,17,Mild,97,Multiple,2414.91,Recovered
COVID01107,60,Male,Tamil Nadu,Madurai,2022-12-14,Partially Vaccinated,Fever,Positive,No,16,Mild,98,Asthma,473.39,Recovered
COVID04892,18,Male,Kerala,Kozhikode,2022-12-14,Fully Vaccinated,Cough,Negative,No,0,None,97,Diabetes,196.87,Not Infected
COVID02034,51,Female,Karnataka,Mangaluru,2022-12-14,Booster,Fatigue,Positive,Yes,17,Moderate,95,Asthma,6397.09,Recovered
COVID04045,56,Female,Gujarat,Surat,2022-12-14,Not Vaccinated,Cough,Positive,No,22,Mild,99,None,2489.53,Recovered
COVID03832,43,Male,Delhi,Rohini,2022-12-14,Fully Vaccinated,Fatigue,Negative,No,0,None,98,None,223.09,Not Infected
COVID00894,7,Female,Telangana,Warangal,2022-12-15,Partially Vaccinated,Cough,Positive,No,8,Mild,94,None,497.38,Recovered
COVID01794,57,Male,Gujarat,Surat,2022-12-15,Fully Vaccinated,Fatigue,Negative,No,0,None,95,Hypertension,215.0,Not Infected
COVID03089,17,Male,Telangana,Warangal,2022-12-16,Fully Vaccinated,Fever,Positive,No,29,Mild,95,None,1791.37,Recovered
COVID02662,25,Female,West Bengal,Howrah,2022-12-16,Partially Vaccinated,Fatigue,Negative,No,0,None,98,None,362.49,Not Infected
COVID02679,6,Male,Gujarat,Ahmedabad,2022-12-16,Not Vaccinated,None,Positive,Yes,20,Moderate,97,None,3743.82,Recovered
COVID04371,47,Male,Tamil Nadu,Coimbatore,2022-12-16,Not Vaccinated,Fever,Negative,No,0,None,95,None,214.82,Not Infected
COVID02316,75,Male,Telangana,Nizamabad,2022-12-16,Booster,Sore Throat,Positive,Yes,41,Severe,93,None,2199.89,Recovered
COVID00294,79,Female,Maharashtra,Nagpur,2022-12-16,Fully Vaccinated,Fever,Negative,No,0,None,96,None,117.37,Not Infected
COVID02807,56,Male,Delhi,Rohini,2022-12-16,Booster,Cough,Positive,No,11,Mild,97,None,2397.82,Recovered
COVID00419,54,Male,Telangana,Warangal,2022-12-17,Partially Vaccinated,Sore Throat,Positive,No,25,Moderate,94,Diabetes,1288.08,Recovered
COVID04529,25,Male,Karnataka,Mysuru,2022-12-17,Booster,None,Negative,No,0,None,99,Asthma,196.98,Not Infected
COVID04562,60,Female,Gujarat,Surat,2022-12-17,Fully Vaccinated,Fever,Positive,No,29,Mild,94,None,1597.03,Recovered
COVID01195,16,Male,Kerala,Kozhikode,2022-12-17,Not Vaccinated,Sore Throat,Positive,No,30,Moderate,93,None,674.23,Recovered
COVID03498,77,Female,Gujarat,Vadodara,2022-12-17,Fully Vaccinated,Fatigue,Negative,No,0,None,100,Asthma,466.18,Not Infected
COVID02458,42,Female,Gujarat,Vadodara,2022-12-18,Booster,Fever,Positive,No,9,Mild,96,Hypertension,1201.06,Recovered
COVID01273,68,Female,Karnataka,Mangaluru,2022-12-18,Not Vaccinated,Cough,Negative,No,0,None,100,Asthma,71.81,Not Infected
COVID01542,36,Male,Gujarat,Ahmedabad,2022-12-18,Booster,None,Negative,No,0,None,99,None,74.82,Not Infected
COVID00525,84,Female,Delhi,New Delhi,2022-12-18,Partially Vaccinated,Cough,Positive,Yes,27,Critical,99,None,2598.29,Recovered
COVID03191,16,Male,Gujarat,Surat,2022-12-18,Fully Vaccinated,Loss of Taste/Smell,Negative,No,0,None,96,Diabetes,363.8,Not Infected
COVID01333,15,Male,Tamil Nadu,Coimbatore,2022-12-18,Fully Vaccinated,Cough,Positive,No,17,Mild,98,None,2179.57,Recovered
COVID04440,31,Female,Gujarat,Surat,2022-12-18,Partially Vaccinated,Fatigue,Positive,Yes,23,Moderate,96,Diabetes,4447.04,Recovered
COVID01691,22,Male,Kerala,Kochi,2022-12-18,Not Vaccinated,Sore Throat,Positive,No,19,Moderate,98,Asthma,1849.37,Recovered
COVID02229,39,Male,Rajasthan,Jodhpur,2022-12-19,Partially Vaccinated,Breathing Difficulty,Negative,No,0,None,98,None,150.37,Not Infected
COVID01037,50,Female,Kerala,Thiruvananthapuram,2022-12-19,Not Vaccinated,Loss of Taste/Smell,Positive,No,10,Mild,99,Diabetes,615.21,Recovered
COVID01547,37,Male,Maharashtra,Mumbai,2022-12-19,Fully Vaccinated,Cough,Positive,Yes,26,Moderate,98,None,4360.69,Recovered
COVID04086,69,Female,Andhra Pradesh,Visakhapatnam,2022-12-19,Fully Vaccinated,Fatigue,Positive,No,29,Mild,97,None,1545.06,Recovered
COVID01380,79,Other,Delhi,Dwarka,2022-12-20,Partially Vaccinated,Cough,Positive,No,24,Mild,95,Heart Disease,1629.8,Recovered
COVID00494,21,Male,Delhi,Rohini,2022-12-20,Booster,Cough,Positive,No,23,Mild,97,None,2050.3,Recovered
COVID00141,15,Female,Rajasthan,Jaipur,2022-12-20,Not Vaccinated,Cough,Positive,No,22,Mild,98,Hypertension,990.27,Recovered
COVID01980,84,Male,Tamil Nadu,Salem,2022-12-20,Partially Vaccinated,Fever,Positive,No,28,Mild,99,Heart Disease,1789.86,Recovered
COVID03966,61,Female,Delhi,Dwarka,2022-12-20,Partially Vaccinated,Fever,Positive,No,21,Mild,95,None,1687.76,Recovered
COVID00281,45,Female,Andhra Pradesh,Guntur,2022-12-20,Partially Vaccinated,Cough,Negative,No,0,None,98,Asthma,202.15,Not Infected
COVID03821,46,Female,West Bengal,Durgapur,2022-12-21,Fully Vaccinated,Fever,Positive,No,12,Mild,97,Hypertension,1009.42,Recovered
COVID03391,14,Male,Telangana,Warangal,2022-12-21,Fully Vaccinated,Fatigue,Negative,No,0,None,100,None,469.92,Not Infected
COVID00313,63,Male,West Bengal,Kolkata,2022-12-21,Booster,None,Positive,Yes,23,Moderate,94,Asthma,4349.55,Recovered
COVID00277,51,Female,Tamil Nadu,Madurai,2022-12-21,Fully Vaccinated,Fever,Negative,No,0,None,95,None,98.54,Not Infected
COVID04212,32,Male,Maharashtra,Nagpur,2022-12-21,Partially Vaccinated,Fever,Negative,No,0,None,96,None,453.15,Not Infected
COVID00314,35,Female,Rajasthan,Jaipur,2022-12-21,Partially Vaccinated,Cough,Positive,Yes,27,Moderate,98,Asthma,5239.2,Recovered
COVID02690,69,Male,Maharashtra,Mumbai,2022-12-22,Fully Vaccinated,None,Positive,No,18,Mild,96,Diabetes,1747.51,Recovered
COVID01322,36,Male,Gujarat,Ahmedabad,2022-12-22,Fully Vaccinated,Fever,Negative,No,0,None,95,Heart Disease,96.55,Not Infected
COVID02446,18,Female,Delhi,Rohini,2022-12-22,Not Vaccinated,Fever,Positive,Yes,19,Moderate,95,Diabetes,4416.15,Recovered
COVID00969,18,Male,Rajasthan,Udaipur,2022-12-22,Fully Vaccinated,Fatigue,Positive,No,9,Mild,98,None,514.14,Recovered
COVID04445,33,Female,Gujarat,Surat,2022-12-22,Booster,Breathing Difficulty,Positive,No,20,Moderate,100,Hypertension,2173.69,Recovered
COVID00585,5,Male,Telangana,Warangal,2022-12-23,Not Vaccinated,Cough,Positive,Yes,26,Moderate,94,Diabetes,3242.16,Recovered
COVID01056,73,Male,Delhi,Dwarka,2022-12-23,Partially Vaccinated,Fatigue,Negative,No,0,None,100,None,236.42,Not Infected
COVID03099,64,Female,Telangana,Warangal,2022-12-23,Not Vaccinated,None,Positive,No,7,Mild,96,None,321.57,Recovered
COVID03848,85,Female,West Bengal,Howrah,2022-12-23,Fully Vaccinated,Fatigue,Positive,No,6,Mild,100,None,2155.14,Recovered
COVID04766,56,Female,Telangana,Warangal,2022-12-23,Fully Vaccinated,Breathing Difficulty,Positive,Yes,40,Severe,98,Multiple,5992.6,Recovered
COVID04491,49,Male,Tamil Nadu,Coimbatore,2022-12-23,Partially Vaccinated,Fever,Positive,No,18,Mild,93,None,1372.17,Recovered
COVID02463,64,Female,Maharashtra,Pune,2022-12-24,Fully Vaccinated,None,Positive,Yes,9,Moderate,97,None,7819.46,Recovered
COVID00515,11,Female,Maharashtra,Mumbai,2022-12-24,Partially Vaccinated,Fever,Negative,No,0,None,96,Hypertension,460.42,Not Infected
COVID01609,32,Female,Tamil Nadu,Salem,2022-12-24,Fully Vaccinated,Fever,Negative,No,0,None,95,Hypertension,451.85,Not Infected
COVID01560,84,Male,Gujarat,Ahmedabad,2022-12-24,Fully Vaccinated,Fatigue,Positive,No,13,Mild,100,None,2458.66,Recovered
COVID01065,48,Female,Karnataka,Mysuru,2022-12-24,Fully Vaccinated,Fatigue,Positive,No,18,Mild,97,None,2176.78,Recovered
COVID00548,7,Male,Karnataka,Hubballi,2022-12-24,Not Vaccinated,None,Positive,No,15,Mild,96,None,2346.9,Recovered
COVID04135,48,Male,Rajasthan,Jaipur,2022-12-25,Not Vaccinated,Cough,Positive,No,5,Mild,100,None,679.72,Recovered
COVID00255,78,Male,Kerala,Thiruvananthapuram,2022-12-25,Fully Vaccinated,Fatigue,Negative,No,0,None,100,None,80.01,Not Infected
COVID04308,19,Female,Karnataka,Bengaluru,2022-12-25,Fully Vaccinated,Fever,Negative,No,0,None,96,Diabetes,486.6,Not Infected
COVID01402,74,Female,Andhra Pradesh,Vijayawada,2022-12-25,Fully Vaccinated,Fatigue,Negative,No,0,None,99,None,16.15,Not Infected
COVID04414,67,Female,Telangana,Warangal,2022-12-25,Partially Vaccinated,Breathing Difficulty,Negative,No,0,None,99,Hypertension,359.42,Not Infected
COVID04609,18,Other,Tamil Nadu,Chennai,2022-12-26,Partially Vaccinated,Sore Throat,Negative,No,0,None,99,Diabetes,66.6,Not Infected
COVID04090,57,Female,Tamil Nadu,Salem,2022-12-26,Partially Vaccinated,Fatigue,Negative,No,0,None,100,Asthma,457.51,Not Infected
COVID03418,31,Male,Tamil Nadu,Salem,2022-12-27,Booster,Cough,Negative,No,0,None,98,Multiple,239.08,Not Infected
COVID03529,63,Male,Delhi,Rohini,2022-12-27,Booster,Fatigue,Positive,Yes,24,Moderate,96,None,7448.89,Recovered
COVID03831,65,Male,Karnataka,Hubballi,2022-12-27,Fully Vaccinated,Sore Throat,Positive,No,26,Moderate,99,None,1868.81,Deceased
COVID03880,69,Female,Kerala,Thiruvananthapuram,2022-12-27,Fully Vaccinated,Fever,Negative,No,0,None,99,Multiple,325.83,Not Infected
COVID02298,36,Female,Tamil Nadu,Chennai,2022-12-28,Not Vaccinated,Sore Throat,Negative,No,0,None,95,None,142.32,Not Infected
COVID04828,46,Male,Rajasthan,Udaipur,2022-12-28,Partially Vaccinated,Fatigue,Negative,No,0,None,96,None,496.11,Not Infected
COVID01970,57,Female,Rajasthan,Jaipur,2022-12-28,Fully Vaccinated,Fever,Positive,Yes,25,Moderate,98,Diabetes,6604.4,Recovered
COVID02324,37,Male,Tamil Nadu,Madurai,2022-12-29,Booster,None,Positive,No,26,Mild,94,Asthma,2284.55,Recovered
COVID02349,66,Male,Telangana,Nizamabad,2022-12-29,Fully Vaccinated,Fever,Positive,No,26,Mild,95,Multiple,1724.77,Recovered
COVID02593,17,Female,Rajasthan,Jaipur,2022-12-29,Fully Vaccinated,None,Negative,No,0,None,95,None,137.1,Not Infected
COVID04463,27,Female,Delhi,New Delhi,2022-12-29,Fully Vaccinated,None,Positive,No,24,Severe,90,None,993.79,Recovered
COVID03619,26,Other,West Bengal,Howrah,2022-12-29,Partially Vaccinated,Cough,Positive,No,20,Mild,99,Diabetes,2428.21,Recovered
COVID02990,63,Female,Tamil Nadu,Madurai,2022-12-29,Partially Vaccinated,Sore Throat,Positive,No,6,Mild,94,Diabetes,1323.84,Recovered
COVID01910,72,Male,Kerala,Thrissur,2022-12-29,Partially Vaccinated,Breathing Difficulty,Positive,No,16,Severe,94,None,2158.06,Recovered
COVID01101,66,Female,Delhi,New Delhi,2022-12-30,Fully Vaccinated,Cough,Positive,No,28,Moderate,95,None,2107.08,Recovered
COVID04644,35,Female,Maharashtra,Mumbai,2022-12-30,Booster,None,Positive,No,16,Mild,100,Asthma,1589.48,Recovered
COVID01655,15,Male,Rajasthan,Udaipur,2022-12-30,Fully Vaccinated,Fatigue,Positive,No,25,Moderate,99,None,1795.28,Recovered
COVID01766,15,Female,Telangana,Warangal,2022-12-30,Fully Vaccinated,Cough,Negative,No,0,None,97,None,65.36,Not Infected
COVID04221,70,Male,Rajasthan,Jodhpur,2022-12-30,Not Vaccinated,None,Negative,No,0,None,99,None,470.99,Not Infected
COVID01654,10,Female,West Bengal,Durgapur,2022-12-31,Fully Vaccinated,None,Positive,No,10,Mild,96,None,1104.64,Recovered
COVID02048,69,Male,Delhi,Dwarka,2022-12-31,Fully Vaccinated,Sore Throat,Positive,No,14,Mild,96,Diabetes,2285.58,Recovered
COVID03468,10,Female,West Bengal,Kolkata,2022-12-31,Booster,Loss of Taste/Smell,Negative,No,0,None,95,Diabetes,32.03,Not Infected
COVID04605,47,Male,West Bengal,Howrah,2022-12-31,Partially Vaccinated,Fatigue,Negative,No,0,None,95,Heart Disease,320.25,Not Infected
COVID04483,83,Male,West Bengal,Kolkata,2022-12-31,Fully Vaccinated,Breathing Difficulty,Positive,No,23,Mild,96,None,1115.8,Recovered
COVID01555,67,Male,Maharashtra,Nashik,2022-12-31,Fully Vaccinated,Cough,Positive,Yes,23,Moderate,100,Hypertension,2499.76,Recovered
COVID00020,65,Male,Karnataka,Mysuru,2022-12-31,Not Vaccinated,Fatigue,Negative,No,0,None,96,None,445.85,Not Infected
